1	Kliff
1001367	Kliff_Clone
1002113	Kliff_AI
4	Damian
1004143	Damian_Clone
6	Oongka
1004085	Yann
2	Yahn
1004236	Nairah
1004239	Witch
1004263	Witch_Clone
100	PlayerAll
1000173	MainVehicle
1003537	WorldObserver
3002	NHM_Citizen_Dyer_3002
3003	NHM_Citizen_Dyer_3003
3004	NHM_Citizen_Dyer_3004
3005	NHM_Noble_3004
3007	NHM_Beggar_3007
3008	NHM_Beggar_3008
3013	NHM_Citizen_Mental_Patient_3013
3014	NHM_Citizen_Mental_Patient_3014
3015	NHM_Citizen_Dyer_3015
3016	NHM_Citizen_Dyer_3016
3021	NHM_Citizen_Bureaucracy_3021
4731	NOM_Citizen_Asylum_Master_4731
3022	NHM_Citizen_Chef_3022
3023	NHM_Citizen_Dyer_3023
3025	NHM_MiddleCitizen_3025
3026	NHM_MiddleCitizen_3026
3027	NHM_Citizen_3027
1000200	NHM_Citizen_3027_Stick
3028	NHM_Citizen_3028
3029	NHM_MiddleCitizen_3029
3030	NHM_MiddleCitizen_3030
3031	NHM_Citizen_3031
3032	NHM_Noble_3032
3033	NHM_Noble_3033
3035	NHM_Citizen_3035
3036	NHM_Noble_3036
1002058	NHM_Noble_3036_Stick
3037	NHM_Noble_3037
3038	NHM_Noble_3038
3039	NHM_Noble_3039
3040	NHM_MiddleCitizen_3040
3043	NHM_MiddleCitizen_University_BackPack_3043
200014	Gimmick_Bag_00_Socket
3512	NHM_Corpse_Collecter_BackPack_3512
200035	Gimmick_Bag_00_Socket
2101027	Gimmick_Bag_03_Socket
1000363	Gimmick_Bag_04_Socket
2133132	Gimmick_Bag_05_Socket
2101004	Gimmick_Bag_07_Socket
12221	NHM_Collecter_Corpse_Backpack_12221
240034	Gimmick_Bag_01_Socket
3044	NHM_MiddleCitizen_3044
3046	NHM_Noble_3046
3049	NHM_MiddleCitizen_3049
3050	NHM_Citizen_3050
3051	NHM_Citizen_3051
3052	NHM_Citizen_3052
3053	NHM_Citizen_3053
3054	NHM_Citizen_3054
3055	NHM_Citizen_3055
3056	NHM_Citizen_3056
3057	NHM_Citizen_University_BackPack_3057
1000034	Gimmick_Bag_01_Socket
3061	NHM_Noble_3061
3062	NHM_Noble_3062
3063	NHM_Noble_3063
3064	NHM_Noble_3064
3065	NHM_Noble_3065
3066	NHM_Noble_3066
3067	NHM_Noble_3067
3069	NHM_Citizen_3069
3070	NHM_Citizen_University_BackPack_3070
750006	Gimmick_Bag_01_Socket
3082	NHM_Marni_Devotee_3082
1002193	NHM_Marni_Devotee_3086
3083	NHM_Marni_Senior_Devotee_3083
1000714	NHW_Scholar_Devotee_FlatBasket_4075
3084	NHM_Marni_Devotee_3084
3085	NHM_Marni_Devotee_3085
3086	NHM_Child_Marni_Devotee_3086
3088	NHW_Marni_Devotee_3088
3090	NHW_Marni_Devotee_3090
3091	NHW_Child_Marni_Devotee_3091
3101	NHM_Citizen_3101
3102	NHM_Noble_3102
3103	NHM_Noble_3103
3105	NHM_Child_MiddleCitizen_3105
3106	NHM_MiddleCitizen_3106
3107	NHM_Child_Citizen_3107
3108	NHM_MiddleCitizen_3108
3110	NHM_MiddleCitizen_3110
3114	NHM_MiddleCitizen_3114
3115	NHM_Citizen_3115
3116	NHM_Citizen_3116
3117	NHM_Citizen_3117
3118	NHM_MiddleCitizen_3118
3119	NHM_Citizen_3119
3120	NHM_MiddleCitizen_3120
3121	NHM_MiddleCitizen_3121
3122	NHM_MiddleCitizen_3122
3124	NHM_MiddleCitizen_3124
3125	NHM_MiddleCitizen_3125
3126	NHM_Citizen_3126
1000342	NHM_Artist_31261
3127	NHM_Citizen_3127
3128	NHM_Citizen_3128
3129	NHM_MiddleCitizen_3129
3130	NHM_Child_Citizen_3130
3131	NHM_MiddleCitizen_3131
3132	NHM_MiddleCitizen_3132
3133	NHM_Citizen_3133
3135	NHM_MiddleCitizen_3135
3137	NHM_Citizen_3137
3138	NHM_MiddleCitizen_3138
3140	NHM_Citizen_3140
790002	Gimmick_Bag_00_Socket
3141	NHM_Citizen_Bureaucracy_3141
3142	NHM_Citizen_3142
3143	NHM_Child_Citizen_3143
3145	NHM_Citizen_Miner_3145
3146	NHM_Citizen_Miner_3146
3147	NHM_Citizen_Miner_3147
3148	NHM_Citizen_Miner_3148
3149	NHM_Citizen_Miner_3149
3150	NHM_MiddleCitizen_3150
3151	NHM_MiddleCitizen_3151
3152	NHM_MiddleCitizen_3152
3153	NHM_Citizen_3153
3154	NHM_Citizen_3154
3155	NHM_Child_Citizen_3155
3158	NHM_Noble_3158
3159	NHM_Noble_3159
3160	NHM_MiddleCitizen_3160
3161	NHM_MiddleCitizen_3161
1000959	NHM_MiddleCitizen_3162
3167	NHM_MiddleCitizen_3167
3168	NHM_Citizen_3168
3169	NHM_Citizen_3169
3170	NHM_MiddleCitizen_3170
3175	NHM_MiddleCitizen_3175
3176	NHM_MiddleCitizen_3176
3179	NHM_Citizen_Servant_3179
3181	NHM_Citizen_Servant_3181
3183	NHM_Citizen_Servant_3183
3184	NHM_Citizen_Servant_3184
3186	NHM_Citizen_3186
3187	NHM_MiddleCitizen_3187
3188	NHM_Child_Citizen_3188
3189	NHM_Child_Citizen_3189
3190	NHM_Child_Citizen_3190
3191	NHM_Child_Citizen_3191
3192	NHM_Citizen_Artist_Statue_3192
3193	NHM_Beggar_3193
3194	NHM_Beggar_3194
3199	NHM_Slave_3199
3200	NHM_Slave_3200
3201	NHM_Slave_3201
3202	NHM_Slave_3202
1000650	NHM_Slave_ToolShovel_1
1000651	NHM_Slave_ToolShovel_2
1000652	NHM_Slave_ToolShovel_3
1000653	NHM_Slave_ToolShovel_4
1000654	NHM_Slave_ToolShovel_5
3203	NHM_Slave_3203
3204	NHM_Prison_Slave_3204
3205	NHM_Child_MiddleCitizen_3205
3206	NHM_Citizen_Chef_3206
3207	NHM_Citizen_Drug_Dealer_BackPack_3207
3208	NHM_Citizen_Guide_BackPack_3208
3209	NHM_Citizen_Herbalist_BackPack_3209
3210	NHM_Patient_3210
3211	NHM_Patient_3211
3212	NHM_Patient_3212
3213	NHW_Patient_3213
3214	NHW_Patient_3214
3215	NHW_Patient_3215
3216	NHM_Doctor_3216
3217	NHM_Doctor_3217
3218	NHM_Doctor_3218
3221	NHM_Citizen_Herbalist_BackPack_3221
1000160	NHM_Citizen_Herbalist_BackPack_1
1000161	NHM_Citizen_Herbalist_BackPack_2
1000162	NHM_Citizen_Herbalist_BackPack_3
1000163	NHM_Citizen_Herbalist_BackPack_4
3239	NHM_Beggar_3239
3240	NHM_Beggar_3240
3241	NHM_Beggar_3241
3242	NHM_Beggar_3242
3243	NHM_Beggar_3243
3244	NHM_Citizen_Scholar_3244
3245	NHM_Citizen_Scholar_3245
3246	NHM_Technician_3246
3247	NHM_Technician_3247
3248	NHM_Citizen_Scholar_3248
3249	NHM_Citizen_Scholar_3249
3250	NHM_Technician_3250
3251	NHM_Technician_3251
3263	NHM_Noble_3263
3264	NHM_Noble_3264
3278	NHM_MiddleCitizen_3278
3281	NHM_MiddleCitizen_3281
3290	NHM_Noble_3290
3291	NHM_Citizen_Guide_BackPack_3291
3296	NHM_Citizen_3296
3300	NHM_MiddleCitizen_3300
3301	NHM_MiddleCitizen_3301
3302	NHM_MiddleCitizen_3302
3303	NHM_MiddleCitizen_3303
3305	NHM_MiddleCitizen_3305
3306	NHM_MiddleCitizen_3306
3307	NHM_MiddleCitizen_3307
3314	NHM_Citizen_3314
3323	NHM_Citizen_Hunter_BackPack_3323
740002	Gimmick_Bag_00_Socket
3006	NHM_Priest_3004
3195	NHM_Priest_3195
3325	NHM_Monk_Asylum_3325
3326	NHM_Monk_Asylum_3326
3327	NHM_Monk_Asylum_3327
3328	NHM_Monk_Asylum_3328
3329	NHM_Monk_Asylum_3329
3439	NHM_Priest_3439
3440	NHM_Priest_3440
3441	NHM_Priest_3441
3442	NHM_Priest_3442
3443	NHM_Priest_3443
103001	NHM_Unique_Demeniss_Bishop_103001
4575	NTM_Priest_4575
3330	NHM_Citizen_Mental_Patient_3330
3331	NHM_Citizen_Mental_Patient_3331
3332	NHM_Citizen_Mental_Patient_3332
3333	NHM_Citizen_Mental_Patient_3333
3334	NHM_Citizen_Mental_Patient_3334
3335	NHM_Citizen_Mental_Patient_3335
3336	NHM_Citizen_Mental_Patient_3336
3337	NHM_Citizen_Mental_Patient_3337
3338	NHM_Citizen_Mental_Patient_3338
3339	NHM_Citizen_Mental_Patient_3339
3340	NHM_Citizen_Mental_Patient_3340
3359	NHM_Child_MiddleCitizen_3359
3360	NHM_Child_Citizen_3360
3362	NHM_Child_Citizen_3362
3363	NHM_Child_Citizen_3363
3364	NHM_Citizen_Artist_Tattoo_3364
3365	NHM_Citizen_Artist_Mask_3365
3366	NHM_Citizen_Artist_Drum_3366
3367	NHM_Citizen_Artist_Guitar_3367
3368	NHM_Noble_3368
3369	NHM_Child_MiddleCitizen_3369
3370	NHM_Child_Citizen_3370
3371	NHM_Child_Citizen_3371
3372	NHM_Citizen_Miner_3372
3373	NHM_Citizen_Miner_3373
3374	NHM_Citizen_Miner_3374
3375	NHM_Citizen_Miner_3375
3376	NHM_Citizen_Miner_3376
3377	NHM_Citizen_Woodcutter_3377
3378	NHM_Citizen_Woodcutter_3378
3379	NHM_Citizen_Woodcutter_3379
3380	NHM_Citizen_Woodcutter_3380
1001336	NHM_Citizen_LampKipper_1
1000475	NHM_Citizen_Woodcutter_3381
1000476	NHM_Citizen_Woodcutter_3382
3396	NHM_Citizen_3396
3397	NHM_Citizen_3397
3413	NHM_Citizen_Dyer_3413
3415	NHM_Citizen_Dyer_3415
3417	NHM_MiddleCitizen_3417
3419	NHM_MiddleCitizen_3419
3420	NHM_Citizen_3420
3421	NHM_Citizen_Woodcutter_3421
3422	NHM_Citizen_Woodcutter_3422
3423	NHM_Citizen_Dyer_3423
3430	NHW_Citizen_3430
1002469	NHW_Citizen_3430_1
1002471	NHW_Citizen_3430_2
3431	NTM_Citizen_3431
3436	NHM_Citizen_3436
3437	NHM_Citizen_3437
1001406	NHW_Child_Citizen_1
1001407	NHM_Child_Citizen_1
3451	NHM_Citizen_Fisherman_3451
3458	NHM_Noble_3458
3460	NHM_Citizen_Woodcutter_3460
3466	NHM_Citizen_3466
3470	NHM_Merchant_Hat_3470
3479	NHM_MiddleCitizen_3479
3501	NHM_Citizen_Farmer_BackPack_3501
3502	NHM_Citizen_Farmer_BackPack_3502
3503	NHM_Citizen_Farmer_BackPack_3503
3504	NHM_Citizen_Farmer_BackPack_3504
1003785	NHM_Citizen_Farmer_BackPack_3505
1003786	NHM_Citizen_Farmer_BackPack_3506
1002308	NHM_Citizen_Apple_BackPack_3502
1002309	NHM_Citizen_Apple_BackPack_3503
3505	NHM_Citizen_Woodcutter_BackPack_3505
3506	NHM_Citizen_Woodcutter_BackPack_3506
710001	Gimmick_Bag_01_Socket
3507	NHM_Citizen_Woodcutter_BackPack_3507
3508	NHM_Citizen_Quarry_BackPack_3508
1000689	Gimmick_Bag_00_Socket
3509	NHM_Citizen_Drug_Dealer_BackPack_3509
3510	NHM_Citizen_Guide_BackPack_3510
950003	Gimmick_Bag_02_Socket
3511	NHM_Citizen_Herbalist_BackPack_3511
3513	NHM_Citizen_Peddler_BackPack_3513
3514	NHM_Citizen_Bird_Hunter_BackPack_3514
1000952	Gimmick_Bag_00_Socket
1003062	NHM_Citizen_Wolf_Hunter_BackPack_1
1003063	NHM_Citizen_Deer_Hunter_BackPack_1
3515	NHM_Citizen_Fisherman_BackPack_3515
1003787	NHM_Citizen_Fisherman_BackPack_3516
3520	NHM_MiddleCitizen_3520
3521	NHM_MiddleCitizen_3521
3523	NHM_MiddleCitizen_3523
3526	NHM_Citizen_3526
3529	NHM_Citizen_3529
3530	NHM_MiddleCitizen_3530
3532	NHM_Citizen_3532
3533	NHM_Citizen_3533
3534	NHM_Citizen_3534
3535	NHM_Citizen_3535
3536	NHM_Citizen_3536
3537	NHM_Citizen_3537
3538	NHM_Citizen_3538
3539	NHM_Citizen_3539
3540	NHM_Citizen_3540
3541	NHM_Citizen_3541
3542	NHM_Citizen_3542
3543	NHM_MiddleCitizen_3543
3544	NHM_Citizen_3544
3547	NHM_Citizen_3547
3548	NHM_MiddleCitizen_3548
3551	NHM_Citizen_3551
3552	NHM_Citizen_3552
3553	NHM_Citizen_3553
3557	NHM_Noble_3557
3571	NHM_Citizen_Merchant_Leather_BackPack_3571
3573	NHM_MiddleCitizen_3573
3574	NHM_MiddleCitizen_3574
3575	NHM_MiddleCitizen_3575
3576	NHM_MiddleCitizen_3576
3585	NHM_Citizen_3585
3586	NHM_Citizen_3586
3587	NHM_Citizen_3587
3588	NHM_Citizen_3588
3589	NHM_Citizen_3589
3590	NHM_Citizen_3590
3591	NHM_Citizen_3591
3592	NHM_Citizen_3592
3601	NHW_Noble_3601
3602	NHW_Noble_3602
3603	NHW_Noble_3603
3604	NHW_Noble_3604
3605	NHW_Noble_3605
3606	NHW_Noble_3606
3607	NHW_Noble_3607
3609	NHW_Citizen_3609
3610	NHW_Noble_3610
3612	NHW_Noble_3612
3613	NHW_Noble_3613
3614	NHW_Noble_3614
3615	NHW_Noble_3615
3617	NHW_Noble_3617
3619	NHW_Noble_3619
3620	NHW_Noble_3620
3621	NHW_Citizen_Chef_3621
3622	NHW_Noble_3622
3634	NHM_Citizen_3634
3635	NHM_Citizen_3635
3636	NHM_Citizen_3636
3637	NHM_Citizen_3637
3638	NHM_Citizen_3638
3639	NHM_Citizen_3639
3640	NHW_Citizen_3640
3641	NHW_Citizen_3641
3642	NHW_Citizen_3642
3643	NHW_Citizen_3643
3644	NHM_Citizen_3644
3645	NHM_Citizen_3645
3646	NHW_Citizen_3646
3647	NHW_Citizen_3647
3648	NHM_Citizen_3648
3649	NHM_Citizen_3649
3650	NHM_Citizen_3650
3651	NHM_Citizen_3651
3652	NHM_Citizen_3652
3653	NHM_Citizen_3653
3654	NHW_Citizen_3654
3655	NHW_Citizen_3655
3656	NHW_Citizen_3656
3657	NHW_Citizen_3657
3658	NHM_Citizen_3658
3659	NHM_Citizen_3659
3660	NHW_Citizen_3660
3661	NHW_Citizen_3661
3662	NHM_Citizen_3662
3663	NHM_Citizen_3663
3664	NHM_Citizen_3664
3665	NHM_Citizen_3665
3666	NHM_Citizen_3666
3667	NHM_Citizen_3667
3668	NHW_Citizen_3668
3669	NHW_Citizen_3669
3670	NHW_Citizen_3670
3671	NHW_Citizen_3671
3672	NHM_Citizen_3672
3673	NHM_Citizen_3673
3674	NHW_Citizen_3674
3675	NHW_Citizen_3675
3701	NHW_Child_MiddleCitizen_3701
3702	NHW_Child_MiddleCitizen_3702
3703	NHW_Child_MiddleCitizen_3703
3704	NHW_Child_MiddleCitizen_3704
3705	NHW_Child_Citizen_3705
3706	NHW_Child_Citizen_3706
3707	NHW_Child_Citizen_3707
3708	NHW_Noble_3708
3709	NHW_Citizen_Dyer_3709
3710	NHW_Citizen_3710
3711	NHW_Citizen_Dyer_3711
3712	NHW_Citizen_3712
3713	NHW_Citizen_3713
3714	NHW_Citizen_3714
3715	NHW_Citizen_3715
3716	NHW_Citizen_3716
3717	NHW_Noble_3717
3718	NHW_Citizen_Servant_3718
3719	NHW_Child_Citizen_3719
3720	NHW_Child_Citizen_3720
3721	NHW_Child_Citizen_3721
3722	NHW_Child_Citizen_3722
3723	NHW_Child_Citizen_3723
3724	NHW_Citizen_Servant_3724
3725	NHW_Citizen_Mental_Patient_3725
1000209	NHW_Citizen_Silver_Visione_Patient_1
1000210	NHM_Citizen_Silver_Visione_Patient_1
3726	NHW_Citizen_Servant_3726
3727	NHW_Citizen_Servant_3727
3728	NHW_Citizen_Servant_3728
3729	NHW_Citizen_Servant_3729
3730	NHW_Citizen_3730
3731	NHW_Citizen_3731
3732	NHW_Citizen_Mental_Patient_3732
3733	NHW_MiddleCitizen_3733
3734	NHW_MiddleCitizen_3734
3735	NHW_MiddleCitizen_3735
3736	NHW_MiddleCitizen_3736
3737	NHW_MiddleCitizen_3737
3738	NHW_Citizen_3738
3739	NHW_Citizen_3739
3740	NHW_Citizen_3740
3741	NHW_Noble_3741
3742	NHW_Child_MiddleCitizen_3742
3743	NHW_Child_Citizen_3743
3744	NHW_Citizen_3744
3745	NHW_Citizen_3745
3746	NHW_MiddleCitizen_3746
3747	NHW_MiddleCitizen_3747
3748	NHW_Citizen_3748
3749	NHW_MiddleCitizen_3749
3750	NHW_Citizen_3750
3751	NHW_Citizen_3751
3752	NHW_Citizen_3752
3753	NHW_Noble_3753
3754	NHW_Citizen_Servant_3754
3755	NHW_Noble_3755
3756	NHW_MiddleCitizen_3756
3757	NHW_Citizen_Dyer_3757
3759	NHW_MiddleCitizen_3759
3760	NHW_Citizen_3760
3761	NHW_Citizen_3761
3770	NHW_Citizen_Servant_3770
3773	NHW_Beggar_3773
3774	NHW_Beggar_3774
3775	NHW_Beggar_3775
3776	NHW_Beggar_3776
3777	NHW_Beggar_3777
3778	NHW_Citizen_Scholar_3778
3779	NHW_Citizen_Scholar_3779
3780	NHW_Citizen_Scholar_3780
3781	NHW_Citizen_Scholar_3781
3782	NHW_Citizen_Scholar_3782
3783	NHW_Citizen_Scholar_3783
3786	NHW_MiddleCitizen_3786
3811	NHW_Citizen_3811
3812	NHW_Citizen_3812
3813	NHW_Citizen_3813
3814	NHW_Citizen_3814
3815	NHW_Citizen_3815
3816	NHW_Citizen_Artist_3816
3817	NHW_Child_Citizen_3817
3818	NHW_Citizen_3818
3819	NHW_Citizen_3819
3820	NHW_Citizen_3820
3821	NHW_Citizen_3821
3822	NHW_Citizen_3822
3823	NHW_Citizen_3823
3824	NHW_Slave_3824
3825	NHW_Slave_3825
3826	NHW_Slave_3826
3827	NHW_Citizen_Servant_3827
3831	NHW_MiddleCitizen_3831
3832	NHW_MiddleCitizen_3832
3833	NHW_MiddleCitizen_3833
3834	NHW_MiddleCitizen_3834
3835	NHW_MiddleCitizen_3835
3837	NHW_MiddleCitizen_3837
1001802	NHW_MiddleCitizen_1
3915	NHM_Noble_3915
3916	NHM_Noble_3916
3917	NHM_Noble_3917
3918	NHM_Noble_3918
3919	NHM_Noble_3919
3920	NHM_Noble_3920
3921	NHM_Citizen_Servant_3921
3922	NHM_Citizen_Servant_3922
3923	NHM_Citizen_Servant_3923
3924	NHM_Citizen_Servant_3924
3925	NHM_Citizen_Servant_3925
3926	NHM_Citizen_Servant_3926
3927	NHM_Noble_3927
3928	NHM_Noble_3928
3929	NHM_Citizen_Servant_3929
3930	NHM_Citizen_Servant_3930
3931	NHW_Noble_3931
3932	NHW_Noble_3932
3933	NHW_Noble_3933
3934	NHW_Noble_3934
3935	NHW_Citizen_Servant_3935
3936	NHW_Citizen_Servant_3936
3937	NHW_Citizen_Servant_3937
3938	NHW_Citizen_Servant_3938
3939	NHW_Noble_3939
3940	NHW_Noble_3940
3941	NHW_Citizen_Servant_3941
3942	NHW_Citizen_Servant_3942
3943	NHM_Noble_3943
3944	NHM_Noble_3944
3945	NHM_Noble_3945
3946	NHM_Noble_3946
3947	NHM_Noble_3947
3948	NHM_Noble_3948
3949	NHM_Citizen_Servant_3949
3950	NHM_Citizen_Servant_3950
3951	NHM_Citizen_Servant_3951
3952	NHM_Citizen_Servant_3952
3182	NHM_Citizen_Servant_3182
3953	NHM_Noble_3953
3954	NHM_Noble_3954
3955	NHM_Citizen_Servant_3955
3956	NHM_Citizen_Servant_3956
3957	NHW_Noble_3957
3958	NHW_Noble_3958
3959	NHW_Noble_3959
3960	NHW_Noble_3960
3961	NHW_Citizen_Servant_3961
3962	NHW_Citizen_Servant_3962
3963	NHW_Citizen_Servant_3963
3964	NHW_Citizen_Servant_3964
3965	NHW_Noble_3965
3966	NHW_Noble_3966
3967	NHW_Citizen_Servant_3967
3968	NHW_Citizen_Servant_3968
3969	NHM_Noble_3969
3970	NHM_Noble_3970
3971	NHM_Noble_3971
3972	NHM_Noble_3972
3973	NHM_Noble_3973
3974	NHM_Citizen_Servant_3974
3975	NHM_Citizen_Servant_3975
3976	NHM_Citizen_Servant_3976
3977	NHM_Citizen_Servant_3977
3978	NHM_Noble_3978
3979	NHM_Noble_3979
3980	NHM_Citizen_Servant_3980
3981	NHM_Citizen_Servant_3981
3982	NHW_Noble_3982
3983	NHW_Noble_3983
3984	NHW_Noble_3984
3985	NHW_Noble_3985
3986	NHW_Citizen_Servant_3986
3987	NHW_Citizen_Servant_3987
3988	NHW_Citizen_Servant_3988
3989	NHW_Citizen_Servant_3989
3990	NHW_Noble_3990
3991	NHW_Noble_3991
3992	NHW_Citizen_Servant_3992
3993	NHW_Citizen_Servant_3993
4002	NHW_Noble_4002
4003	NHW_Noble_4003
4004	NHW_Noble_4004
4006	NHW_MiddleCitizen_4006
4012	NHW_MiddleCitizen_4012
4013	NHW_Citizen_4013
4015	NHW_Citizen_4015
4016	NHW_Citizen_4016
4017	NHW_Citizen_4017
4025	NHW_MiddleCitizen_4025
4027	NHW_MiddleCitizen_4027
4030	NHW_MiddleCitizen_4030
4032	NHW_MiddleCitizen_4032
4034	NHW_MiddleCitizen_4034
4037	NHW_Noble_4037
4045	NHW_Citizen_4045
4047	NHW_MiddleCitizen_4047
4048	NHW_MiddleCitizen_4048
4060	NHW_MiddleCitizen_4060
4061	NHW_MiddleCitizen_4061
4062	NHW_MiddleCitizen_4062
4063	NHW_MiddleCitizen_4063
4064	NHW_MiddleCitizen_4064
4065	NHW_MiddleCitizen_4065
4066	NHW_MiddleCitizen_4066
4067	NHW_MiddleCitizen_4067
4068	NHW_MiddleCitizen_4068
4069	NHW_MiddleCitizen_4069
4070	NHW_MiddleCitizen_4070
4075	NHW_Scholar_Devotee_4075
4076	NHM_Scholar_Devotee_4076
4077	NHM_Scholar_Devotee_4077
4078	NHM_Scholar_Devotee_4078
4079	NHW_Scholar_Devotee_4079
4080	NHM_Scholar_Devotee_4080
4081	NHM_Scholar_Devotee_4081
4101	NHW_Slave_4101
4102	NHW_Slave_4102
4105	NHW_Citizen_4105
4108	NHW_MiddleCitizen_4108
4111	NHW_Citizen_4111
4112	NHW_MiddleCitizen_4112
4113	NHW_Citizen_4113
4114	NHW_Citizen_4114
4115	NHW_MiddleCitizen_4115
4116	NHW_Citizen_4116
4117	NHW_Citizen_4117
4121	NHW_MiddleCitizen_4121
4125	NHW_Citizen_Servant_4125
4126	NHW_Citizen_Servant_4126
4127	NHW_Citizen_Servant_4127
4128	NHW_Citizen_Servant_4128
1000272	Marionette_Clown_1
1000273	Marionette_Clown_2
1000274	Marionette_Clown_3
1000278	Marionette_Clown_4
1000279	Marionette_Clown_5
1000280	Marionette_Clown_6
1000281	Marionette_Clown_7
1000282	Marionette_Clown_8
4130	NHW_Clown_4130
4131	NHW_Clown_4131
4132	NHW_Clown_4132
1000718	NHW_Clown_4133
4202	NGM_Clown_4202
4206	NGM_Clown_4206
4207	NGM_Citizen_4207
4208	NGM_Citizen_4208
4231	NGM_Citizen_4231
4232	NGM_Citizen_4232
4233	NGM_Citizen_4233
4234	NGM_Citizen_4234
4235	NGM_Citizen_4235
4236	NGM_Citizen_4236
4237	NGM_Citizen_4237
4238	NGM_Citizen_4238
4239	NGM_Citizen_4239
4240	NGM_Citizen_4240
4241	NGM_Slave_4241
4242	NGM_Slave_4242
4243	NGM_Slave_4243
4244	NGM_Citizen_4244
4271	NGM_Citizen_4271
4272	NGM_Citizen_4272
4273	NGM_Citizen_4273
4274	NGM_Citizen_4274
4275	NGM_Citizen_4275
4303	NGM_Goblin_Market_4303
4304	NGM_Goblin_Market_4304
1000768	NGM_Goblin_Market_4305
1000769	NGW_Goblin_Market_4306
1002264	NGM_Goblin_Market_4307
1002265	NGM_Goblin_Market_4308
1002266	NGM_Goblin_Market_4309
1002267	NGW_Goblin_Market_4310
1002268	NGM_Goblin_Market_4311
1002288	NGM_Goblin_Market_4312
4307	NGM_Citizen_Scholar_4307
4308	NGM_Citizen_Scholar_4308
4309	NGM_Citizen_Scholar_4309
4310	NGM_Citizen_Scholar_4310
4311	NGM_Citizen_Scholar_4311
4312	NGM_Citizen_Scholar_4312
4320	NGM_Citizen_Miner_4320
4321	NGM_Citizen_Miner_4321
4322	NGM_Citizen_Miner_4322
4323	NGM_Citizen_Miner_4323
4324	NGM_Citizen_Miner_4324
4325	NTM_Citizen_Miner_4325
4326	NTM_Citizen_Miner_4326
4327	NTM_Citizen_Miner_4327
4328	NTM_Citizen_Miner_4328
4329	NTM_Citizen_worker_4329
4330	NTM_Citizen_worker_4330
4331	NTM_Citizen_worker_4331
4332	NTM_Citizen_worker_4332
4333	NHM_Citizen_worker_4333
4334	NHM_Citizen_worker_4334
4335	NOM_Citizen_worker_4335
4336	NOM_Citizen_worker_4336
4337	NOM_Citizen_worker_4337
4338	NTM_Citizen_Carpenter_4338
4339	NTM_Citizen_Carpenter_4339
4340	NTM_Citizen_Carpenter_4340
4341	NTM_Citizen_Carpenter_4341
4351	NGW_Citizen_4351
4353	NGW_Citizen_4353
4354	NGW_Citizen_4354
4381	NGW_Citizen_4381
4382	NGW_Citizen_4382
4383	NGW_Citizen_4383
4384	NGW_Citizen_4384
4385	NGW_Citizen_4385
4386	NGW_Citizen_4386
4387	NGW_Citizen_4387
4388	NGW_Citizen_4388
4389	NGW_Citizen_4389
4390	NGW_Citizen_4390
4391	NGW_Citizen_4391
4392	NGW_Citizen_4392
4393	NGW_Citizen_4393
4394	NGW_Slave_4394
4395	NGW_Slave_4395
4396	NGW_Slave_4396
4502	NTM_Citizen_4502
4503	NTM_Citizen_4503
4521	NTM_Citizen_4521
4522	NTM_Citizen_4522
4527	NTM_Citizen_4527
4531	NTM_Citizen_Dyer_4531
4532	NTM_Citizen_Dyer_4532
4533	NTM_Citizen_Dyer_4533
4535	NTM_Citizen_Miner_4535
4536	NTM_Citizen_Miner_4536
4537	NTM_Citizen_Miner_4537
4538	NTM_Citizen_Miner_4538
4539	NTM_Citizen_Miner_4539
4540	NTM_Citizen_Miner_4540
4541	NTM_Citizen_Miner_4541
4542	NTM_Citizen_Miner_4542
4543	NTM_Citizen_Miner_4543
4544	NTM_Citizen_Miner_4544
4552	NTM_Citizen_4552
4553	NTM_Citizen_4553
4557	NTM_Citizen_4557
4558	NTM_Citizen_4558
4559	NTM_Citizen_4559
4560	NTM_Citizen_4560
4562	NTM_Citizen_4562
4563	NTM_Citizen_4563
4564	NTM_Citizen_4564
4566	NTM_Slave_4566
4567	NTM_Citizen_Miner_4567
4568	NTM_Citizen_Miner_4568
4569	NTM_Citizen_Miner_4569
4570	NTM_Citizen_Miner_4570
4571	NTM_Citizen_Miner_4571
4572	NTM_Citizen_Scholar_4572
4574	NTM_Citizen_Miner_4574
4576	NTM_Citizen_Scholar_4576
4577	NTM_Citizen_Scholar_4577
4578	NTM_Citizen_Scholar_4578
4579	NTM_Citizen_Scholar_4579
4580	NTM_Citizen_Scholar_4580
4581	NTM_Citizen_Scholar_4581
4586	NTM_Citizen_Beekeeper_Worker_4586
4587	NTM_Citizen_Beekeeper_Worker_4587
4588	NTM_Citizen_Beekeeper_Worker_4588
4589	NTM_Citizen_Beekeeper_Worker_4589
4590	NTM_Citizen_Beekeeper_Worker_4590
4591	NTM_Citizen_Beekeeper_Worker_4591
4641	NTM_Citizen_Miner_4641
4642	NTM_Citizen_Miner_4642
4643	NTM_Citizen_Miner_4643
4644	NTM_Citizen_Miner_4644
4645	NTM_Citizen_Miner_4645
4646	NTM_Citizen_Miner_4646
4647	NTM_Citizen_Miner_4647
4648	NTM_Citizen_Miner_4648
4649	NTM_Citizen_Miner_4649
4650	NTM_Citizen_Miner_4650
4651	NTM_Citizen_Miner_4651
4652	NTM_Citizen_Miner_4652
4653	NTM_Citizen_Miner_4653
4654	NTM_Citizen_Miner_4654
4655	NTM_Citizen_Miner_4655
4763	NHM_Slave_4763
4771	NOM_Slave_4771
4772	NOM_Slave_4772
4773	NOM_Slave_4773
4775	NOM_Citizen_4775
4776	NOM_Citizen_4776
4777	NOM_Citizen_4777
4778	NOM_Citizen_4778
4779	NOM_Citizen_4779
4780	NOM_Citizen_4780
4781	NOM_Citizen_4781
4782	NOM_Citizen_4782
4783	NOM_Citizen_4783
4784	NOM_Citizen_4784
4785	NOM_Citizen_4785
4786	NOM_Citizen_4786
4789	NOM_Citizen_Dyer_4789
4790	NOM_Citizen_Dyer_4790
4791	NOM_Citizen_Dyer_4791
4795	NOM_Citizen_4795
4796	NOM_Citizen_4796
4801	NOM_Citizen_4801
4881	NOW_Citizen_4881
4882	NOW_Citizen_4882
4883	NOW_Citizen_4883
4884	NOW_Citizen_4884
4885	NOW_Citizen_4885
4886	NOW_Citizen_4886
4887	NOW_Citizen_4887
4888	NOW_Citizen_4888
4889	NOW_Citizen_4889
4890	NOW_Citizen_4890
4891	NOW_Citizen_4891
4892	NOW_Citizen_Dyer_4892
4893	NOW_Citizen_Dyer_4893
4894	NOW_Citizen_Dyer_4894
4895	NOW_Slave_4895
4896	NOW_Slave_4896
4897	NOW_Slave_4897
4898	NOW_Citizen_Dyer_4898
4918	NOM_Citizen_Scholar_4918
4919	NOM_Citizen_Scholar_4919
4920	NOM_Citizen_Scholar_4920
4921	NOM_Citizen_Scholar_4921
4922	NOM_Citizen_Scholar_4922
4923	NOM_Citizen_Scholar_4923
5421	NDM_Citizen_5421
5422	NDM_Citizen_5422
5423	NDM_Citizen_5423
5424	NDM_Citizen_5424
5425	NDM_Citizen_5425
5426	NDM_Citizen_5426
5427	NDM_Citizen_5427
5428	NDM_Citizen_5428
5429	NDM_Citizen_5429
5430	NDM_Citizen_5430
5431	NDM_Citizen_5431
5432	NDM_Citizen_5432
5433	NDM_Citizen_5433
5434	NDM_Citizen_5434
5435	NDM_Citizen_5435
5436	NDM_Citizen_5436
5437	NDM_Citizen_5437
5438	NDM_Citizen_5438
5439	NDM_Citizen_Dyer_5439
5440	NDM_Citizen_Dyer_5440
5442	NDM_Technician_5442
5443	NDM_Technician_5443
5465	NDM_Clown_5465
5466	NDM_Clown_5466
5521	NDW_Citizen_5521
5522	NDW_Citizen_5522
5523	NDW_Citizen_5523
5524	NDW_Citizen_5524
5525	NDW_Citizen_5525
5526	NDW_Citizen_5526
5527	NDW_Citizen_5527
5528	NDW_Citizen_5528
5529	NDW_Citizen_5529
5530	NDW_Citizen_5530
5531	NDW_Citizen_5531
5532	NDW_Citizen_5532
5534	NDW_Citizen_5534
5535	NDW_Citizen_5535
5536	NDW_Citizen_5536
5901	NHM_Slave_5901
5902	NHM_Slave_5902
5903	NHM_Slave_5903
5904	NHM_Slave_5904
5905	NHM_Slave_5905
5906	NHM_Slave_5906
5912	NHM_MiddleCitizen_5912
5913	NHM_MiddleCitizen_5913
5919	NHM_Citizen_5919
5920	NHM_Slave_5920
5921	NHM_Slave_5921
5922	NHM_Slave_5922
5924	NHM_Slave_5924
5925	NHM_Slave_5925
5926	NHM_Slave_5926
5927	NHM_Slave_5927
5928	NHM_Slave_5928
5929	NHM_Child_Citizen_5929
5930	NHM_Child_Citizen_5930
5931	NHM_Citizen_5931
5932	NHM_Child_Citizen_5932
5935	NHM_Slave_5935
5936	NHM_Slave_5936
5937	NHM_Citizen_5937
5938	NHM_MiddleCitizen_5938
5939	NHM_MiddleCitizen_5939
5940	NHM_MiddleCitizen_5940
5941	NHM_Citizen_5941
5942	NHM_Citizen_5942
5943	NHM_MiddleCitizen_5943
5944	NHM_MiddleCitizen_5944
5947	NHM_Citizen_5947
5950	NHM_Citizen_5950
5951	NHM_Citizen_5951
5955	NHM_MiddleCitizen_5955
5956	NHM_MiddleCitizen_5956
5957	NHM_MiddleCitizen_5957
6004	NHM_Child_MiddleCitizen_6004
6010	NHM_Child_MiddleCitizen_6010
6011	NHM_Child_MiddleCitizen_6011
6012	NHM_Child_MiddleCitizen_6012
6013	NHM_MiddleCitizen_6013
6020	NHM_Citizen_VillageChief_6020
6021	NHM_Priest_6021
6022	NHM_Priest_6022
6401	NHM_MiddleCitizen_6401
6402	NHM_MiddleCitizen_6402
6403	NHM_MiddleCitizen_6403
6404	NHM_MiddleCitizen_6404
6405	NHM_MiddleCitizen_6405
6406	NHM_MiddleCitizen_6406
6407	NHM_MiddleCitizen_6407
6408	NHM_MiddleCitizen_6408
6409	NHM_MiddleCitizen_6409
6410	NHM_MiddleCitizen_6410
6411	NHM_Child_Citizen_6411
6412	NHM_MiddleCitizen_6412
6413	NHM_MiddleCitizen_6413
6414	NHM_Citizen_6414
6415	NHM_Citizen_6415
6416	NHM_Citizen_6416
6417	NHM_Citizen_6417
6418	NHM_Citizen_6418
6419	NHM_Citizen_6419
6420	NHM_Citizen_6420
6421	NHM_Citizen_6421
6422	NHM_Citizen_6422
6423	NHM_Citizen_6423
6424	NHM_Citizen_6424
6425	NHM_Citizen_6425
6426	NHM_Citizen_6426
6427	NHM_Citizen_6427
6428	NHM_Citizen_6428
6429	NHM_Stranger_Citizen_6429
6430	NHM_Child_Citizen_6430
6431	NHM_Child_Citizen_6431
6432	NHM_Citizen_Miner_6432
6433	NHM_Citizen_Miner_6433
6434	NHM_Citizen_Miner_6434
6435	NHM_Citizen_Miner_6435
6436	NHM_Citizen_Miner_6436
6441	NHM_MiddleCitizen_6441
6442	NHM_MiddleCitizen_6442
6443	NHM_Citizen_6443
6447	NHM_Citizen_6447
6449	NHM_Citizen_Guide_BackPack_6449
1003788	NHM_Citizen_Guide_BackPack_6450
6453	NHM_Citizen_Farmer_6453
1002310	NHM_Citizen_Apple_BackPack_6453
6455	NHM_Citizen_Herbalist_6455
1002332	NHM_Citizen_Herbalist_35
1002333	NHM_Citizen_Herbalist_36
1002048	NHM_Citizen_Herbalist_37
1002350	NHM_Citizen_Herbalist_38
1002049	NHM_Citizen_Herbalist_39
6456	NHM_Citizen_Quarry_6456
6457	NHM_Citizen_Peddler_6457
740001	Gimmick_Bag_00_Socket
6458	NHM_Citizen_Merchant_Leather_6458
6465	NHM_Citizen_6465
6476	NHM_Citizen_Guide_BackPack_6476
6477	NHM_Citizen_Woodcutter_6477
950002	Gimmick_Bag_02_Socket
6484	NHM_Citizen_Hunter_6484
230905	Gimmick_Bag_00_Socket
6485	NHM_Citizen_Farmer_6485
6486	NHM_MiddleCitizen_6486
6487	NHM_MiddleCitizen_6487
6488	NHM_MiddleCitizen_6488
6489	NHM_MiddleCitizen_6489
6490	NHM_MiddleCitizen_6490
6491	NHM_MiddleCitizen_6491
6492	NHM_Citizen_6492
6493	NHM_Citizen_6493
6494	NHM_Citizen_6494
6495	NHM_Citizen_6495
6496	NHM_Citizen_6496
6497	NHM_Citizen_6497
6508	NHW_Slave_6508
6509	NHW_Slave_6509
6510	NHW_Slave_6510
6512	NHW_Slave_6512
6518	NHW_MiddleCitizen_6518
6520	NHW_MiddleCitizen_6520
6521	NHW_MiddleCitizen_6521
6522	NHW_Citizen_6522
6523	NHW_Citizen_6523
6524	NHW_Citizen_6524
6525	NHW_Citizen_6525
6526	NHW_Citizen_6526
6527	NHW_Citizen_6527
6528	NHW_Citizen_6528
6529	NHW_Citizen_6529
6530	NHW_Citizen_6530
6606	NHW_Child_MiddleCitizen_6606
6607	NHW_Child_MiddleCitizen_6607
6608	NHW_Child_MiddleCitizen_6608
6609	NHW_Child_MiddleCitizen_6609
6610	NHW_Child_MiddleCitizen_6610
6613	NHW_Child_MiddleCitizen_6613
7001	NHW_Citizen_7001
7003	NHW_Citizen_7003
7004	NHW_Child_Citizen_7004
7005	NHW_Citizen_7005
7006	NHW_Citizen_7006
7009	NHW_Child_Citizen_7009
7010	NHW_Citizen_7010
7014	NHW_Citizen_7014
7015	NHW_Citizen_7015
7016	NHW_MiddleCitizen_7016
7017	NHW_MiddleCitizen_7017
7018	NHW_MiddleCitizen_7018
7019	NHW_MiddleCitizen_7019
7021	NHW_MiddleCitizen_7021
7022	NHW_MiddleCitizen_7022
7023	NHW_MiddleCitizen_7023
7024	NHW_MiddleCitizen_7024
7025	NHW_Citizen_7025
7026	NHW_MiddleCitizen_7026
7027	NHW_MiddleCitizen_7027
7028	NHW_MiddleCitizen_7028
7029	NHW_MiddleCitizen_7029
7030	NHW_Citizen_7030
7031	NHW_Citizen_7031
7032	NHW_Citizen_7032
7033	NHW_Citizen_7033
7034	NHW_Citizen_7034
7035	NHW_Child_Citizen_7035
7036	NHW_Child_Citizen_7036
7037	NHW_Child_Citizen_7037
7038	NHM_Fisherman_ToolFishingRod_7038
7039	NHM_Fisherman_ToolFishingRod_7039
7040	NHM_Fisherman_ToolFishingRod_7040
7041	NHM_Fisherman_ToolFishingRod_7041
7042	NTM_Citizen_Fisherman_BackPack_7042
7043	NTM_Citizen_Fisherman_BackPack_7043
7044	NTM_Citizen_Fisherman_BackPack_7044
7045	NOM_Fisherman_ToolFishingRod_7045
7046	NOM_Fisherman_ToolFishingRod_7046
7047	NHM_Fisherman_ToolFishingRod_7047
7048	NHM_Fisherman_ToolFishingRod_7048
7049	NHM_Fisherman_ToolFishingRod_7049
7063	NHW_Child_Citizen_7063
7065	NHW_MiddleCitizen_7065
7066	NHW_MiddleCitizen_7066
7067	NHW_MiddleCitizen_7067
7068	NHW_MiddleCitizen_7068
7069	NHW_MiddleCitizen_7069
7070	NHW_MiddleCitizen_7070
7071	NHW_MiddleCitizen_7071
7072	NHW_Citizen_7072
7073	NHW_Citizen_7073
7074	NHW_Citizen_7074
7075	NHW_Citizen_7075
7076	NHW_Citizen_7076
7077	NHW_Citizen_7077
7131	NGM_MiddleCitizen_7131
7132	NGM_MiddleCitizen_7132
7133	NGM_MiddleCitizen_7133
7134	NGM_MiddleCitizen_7134
7135	NGM_MiddleCitizen_7135
7146	NGM_MiddleCitizen_7146
7147	NGM_MiddleCitizen_7147
7148	NGM_MiddleCitizen_7148
7149	NGM_MiddleCitizen_7149
7150	NGM_MiddleCitizen_7150
7281	NGW_MiddleCitizen_7281
7283	NGW_MiddleCitizen_7283
7285	NGW_MiddleCitizen_7285
7298	NGW_MiddleCitizen_7298
7299	NGM_Slave_7299
7300	NGM_Slave_7300
7301	NGM_Slave_7301
7434	NTM_MiddleCitizen_7434
7435	NTM_MiddleCitizen_7435
7436	NTM_MiddleCitizen_7436
7437	NTM_MiddleCitizen_7437
7438	NTM_MiddleCitizen_7438
7439	NTM_MiddleCitizen_7439
7441	NTM_Citizen_Miner_7441
7442	NTM_Citizen_Miner_7442
7443	NTM_Citizen_Miner_7443
7444	NTM_Citizen_Miner_7444
7445	NTM_Citizen_Miner_7445
7446	NTM_Slave_7446
7447	NTM_Slave_7447
7635	NOM_MiddleCitizen_7635
7636	NOM_MiddleCitizen_7636
7637	NOM_MiddleCitizen_7637
7638	NOM_MiddleCitizen_7638
7639	NOM_MiddleCitizen_7639
7640	NOM_MiddleCitizen_7640
7641	NOM_MiddleCitizen_7641
7642	NOM_MiddleCitizen_7642
7785	NOW_MiddleCitizen_7785
7786	NOW_MiddleCitizen_7786
7787	NOW_MiddleCitizen_7787
7788	NOW_MiddleCitizen_7788
7789	NOW_MiddleCitizen_7789
7790	NOW_MiddleCitizen_7790
7791	NOW_MiddleCitizen_7791
7792	NOW_MiddleCitizen_7792
7800	NTM_Citizen_Peddler_BackPack_7800
7801	NTM_Citizen_Peddler_BackPack_7801
7802	NTM_Citizen_Peddler_BackPack_7802
7803	NTM_Citizen_Peddler_BackPack_7803
7804	NTM_Citizen_Peddler_BackPack_7804
7805	NTM_Citizen_Peddler_BackPack_7805
1001908	NTM_Citizen_BackPack_1
1001911	NTM_Citizen_BackPack_2
1001916	NTM_Citizen_BackPack_3
1001917	NTM_Citizen_BackPack_4
8326	NDM_MiddleCitizen_8326
8327	NDM_MiddleCitizen_8327
8328	NDM_MiddleCitizen_8328
8329	NDM_MiddleCitizen_8329
8330	NDM_MiddleCitizen_8330
8331	NDM_MiddleCitizen_8331
8332	NDM_MiddleCitizen_8332
8333	NDM_MiddleCitizen_8333
8334	NDM_MiddleCitizen_8334
8335	NDM_MiddleCitizen_8335
8421	NDW_MiddleCitizen_8421
8422	NDW_MiddleCitizen_8422
8425	NDW_MiddleCitizen_8425
8426	NDW_MiddleCitizen_8426
8430	NDW_MiddleCitizen_8430
8810	NHM_MiddleCitizen_8810
8811	NHM_MiddleCitizen_8811
9050	NHM_Child_Citizen_9050
9099	NHW_Child_Citizen_9099
9385	NHM_Drugged_Shay_9385
9393	NHM_Drugged_Shay_9393
9399	NHM_Citizen_BackPack_9399
9400	NHM_Citizen_BackPack_9400
10033	Gimmick_Bag_00_Socket
9417	NHM_Citizen_9417
9422	NHW_Citizen_9422
9418	NHM_CatManager_9418
9419	NHM_CatnipManager_9419
9423	NHW_CatManager_9423
9424	NHW_CatnipManage_9424
9420	NHM_Technician_9420
9421	NHM_Citizen_9421
9425	NHW_Technician_9425
9430	NHM_Technician_9430
9426	NHW_Citizen_9426
9427	NPDM_Citizen_9427
9428	NPDM_Citizen_9428
9429	NPDM_Citizen_9429
9401	NHM_Slave_9401
9402	NHM_Slave_9402
9403	NHM_Slave_9403
9404	NHM_Slave_9404
9405	NHM_Slave_9405
9406	NHM_Slave_9406
9407	NHM_Slave_9407
9408	NHM_Slave_9408
9409	NHM_Slave_9409
9410	NHM_Slave_9410
9411	NHM_Slave_9411
9412	NHM_Slave_9412
9413	NHM_Slave_9413
9414	NHM_Slave_9414
9415	NHM_Slave_9415
9416	NHM_Slave_9416
9431	NHM_Citizen_Quarry_9431
9432	NHM_Citizen_Quarry_9432
9433	NHM_Citizen_Quarry_9433
9434	NHM_Citizen_Quarry_9434
9435	NHM_Citizen_Quarry_9435
9436	NTM_Citizen_Quarry_9436
9437	NTM_Citizen_Quarry_9437
9438	NTM_Citizen_Quarry_9438
9439	NTM_Citizen_Quarry_9439
9440	NTM_Citizen_Quarry_9440
9441	NHM_Citizen_worker_9441
9442	NHM_Citizen_worker_9442
9443	NHM_Citizen_worker_9443
9444	NHM_Citizen_worker_9444
9445	NHM_Citizen_worker_9445
9446	NHM_Citizen_worker_9446
9447	NHM_Citizen_worker_9447
9448	NHM_Citizen_worker_9448
9449	NHM_Citizen_worker_9449
9450	NHM_Citizen_worker_9450
9451	NGM_Citizen_Miner_9451
9452	NGM_Citizen_Miner_9452
9453	NGM_Citizen_Miner_9453
9454	NGM_Citizen_Miner_9454
9455	NGM_Citizen_Miner_9455
9456	NTM_Citizen_worker_9456
9457	NTM_Citizen_worker_9457
9458	NTM_Citizen_worker_9458
9459	NTM_Citizen_worker_9459
9460	NTM_Citizen_worker_9460
9461	NHM_Citizen_worker_9461
9462	NHM_Citizen_worker_9462
9463	NTM_Citizen_Quarry_BackPack_9463
9464	NTM_Citizen_Quarry_BackPack_9464
9465	NTM_Citizen_Miner_9465
9466	NHM_Citizen_Miner_9466
9467	NOM_Citizen_9467
9468	NHM_Citizen_Miner_9468
9469	NHM_Citizen_Miner_9469
9470	NTM_Citizen_Miner_9470
9471	NHM_Beggar_9471
9472	NGM_Slave_9472
9473	NHM_Citizen_worker_9473
9474	NHM_Citizen_Quarry_BackPack_9474
9475	NHM_Slave_9475
9476	NHM_Slave_9476
9477	NHM_Slave_9477
9478	NHM_Slave_9478
9479	NHM_Slave_9479
9480	NHM_Slave_9480
9481	NHM_Slave_9481
9482	NGM_Slave_9482
9483	NOM_Slave_9483
9484	NHM_Slave_9484
9485	NHM_Slave_9485
9486	NGM_Citizen_9486
9487	NHW_Slave_9487
9488	NHW_Slave_9488
9489	NHW_Slave_9489
9490	NHW_Slave_9490
9491	NHW_Slave_9491
9492	NGW_Slave_9492
9493	NGM_Bandit_Miner_9493
9494	NGM_Bandit_Miner_9494
9791	NHM_Merchant_Backpack_9791
1000166	NHM_Merchant_Porter_Barrel_Backpack_1
1000947	NHM_Merchant_Porter_Barrel_Backpack_2
1000167	NHM_Merchant_Porter_Box_Backpack_1
1003789	NHM_Meat_BackPack_1
1003790	NHM_Meat_BackPack_2
9794	NHM_Noble_Jockey_9794
9801	NHM_Noble_Jockey_9801
9946	NHW_Citizen_Goat_Chef_9946
9948	NHW_Citizen_Goat_Chef_9948
9955	NHW_Citizen_Goat_Chef_9955
1002902	NHM_Citizen_BackPack_11201
1002903	NHM_Citizen_BackPack_11202
1002904	NHM_Citizen_BackPack_11203
1002905	NHM_Citizen_BackPack_11204
1002906	NHM_Citizen_BackPack_11205
1002907	NHM_Citizen_BackPack_11206
1002908	NHM_Citizen_BackPack_11207
1002323	NHM_Citizen_BackPack_60
1002360	NHM_Citizen_BackPack_61
1002361	NHM_Citizen_BackPack_62
1002311	NHM_Citizen_Apple_BackPack_11207
1002909	NHM_Citizen_BackPack_11208
1002910	NHM_Citizen_BackPack_11209
1002911	NHM_Citizen_BackPack_11210
1002912	NHM_Citizen_BackPack_11211
1002913	NHM_Citizen_BackPack_11212
1002914	NHM_Citizen_BackPack_11213
1002362	NHM_Citizen_BackPack_30
1002363	NHM_Citizen_BackPack_31
1002364	NHM_Citizen_BackPack_32
1002915	NHM_Citizen_BackPack_11214
1002916	NHM_Citizen_BackPack_11215
1002917	NHM_Citizen_BackPack_11216
1002918	NHM_Citizen_BackPack_11217
1002919	NHM_Citizen_BackPack_11218
1002920	NHM_Citizen_BackPack_11219
1002921	NHM_Citizen_BackPack_11220
1002922	NHM_Citizen_BackPack_11221
1002923	NHM_Citizen_BackPack_11222
1002365	NHM_Citizen_BackPack_40
1002366	NHM_Citizen_BackPack_41
1002367	NHM_Citizen_BackPack_42
1002312	NHM_Citizen_Apple_BackPack_11222
1002924	NHM_Citizen_BackPack_11223
1002925	NHM_Citizen_BackPack_11224
1002926	NHM_Citizen_BackPack_11225
1002927	NHM_Citizen_BackPack_11226
1002928	NHM_Citizen_BackPack_11227
1002929	NHM_Citizen_BackPack_11228
1002368	NHM_Citizen_BackPack_35
1002369	NHM_Citizen_BackPack_36
1002370	NHM_Citizen_BackPack_37
1002930	NHM_Citizen_BackPack_11229
1002931	NHM_Citizen_BackPack_11230
1003024	NHM_Merchant_GeneralStore_100037
11701	NHM_Merchant_Market_11701
11702	NHM_Merchant_Market_11702
11706	NHM_Child_MiddleCitizen_11706
11707	NHM_Child_MiddleCitizen_11707
11708	NHM_Child_MiddleCitizen_11708
11709	NHM_Child_MiddleCitizen_11709
11710	NHM_Child_MiddleCitizen_11710
11711	NHM_Child_MiddleCitizen_11711
11712	NHM_Citizen_11712
11713	NHM_Citizen_11713
11714	NHM_Citizen_11714
11715	NHM_Citizen_11715
11716	NHM_Citizen_11716
11718	NHM_MiddleCitizen_11718
11719	NHM_HighCitizen_11719
11729	NHM_Citizen_11729
11730	NHM_MiddleCitizen_11730
11731	NHM_MiddleCitizen_11731
11732	NHM_MiddleCitizen_11732
11733	NHM_MiddleCitizen_11733
1002933	NHM_Camelrider_1
11801	NHM_Child_Citizen_11801
11806	NHM_Child_Citizen_11806
11807	NHM_Child_Citizen_11807
11808	NHM_Child_Citizen_11808
11809	NHM_Child_Citizen_11809
11810	NHM_Child_Citizen_11810
11818	NHM_HighCitizen_11818
11819	NHM_HighCitizen_11819
11820	NHM_HighCitizen_11820
11821	NHM_HighCitizen_11821
11824	NHM_Slave_11824
11825	NHM_Citizen_11825
11827	NHM_Citizen_11827
11834	NHM_HighCitizen_11834
11835	NHM_HighCitizen_11835
11836	NHM_Child_HighCitizen_11836
11837	NHM_HighCitizen_11837
11838	NHM_Child_HighCitizen_11838
11839	NHM_HighCitizen_11839
11840	NHM_Merchant_Market_11840
11841	NHM_Merchant_Market_11841
11848	NHM_Citizen_Poor_11848
11850	NHM_Slave_11850
11852	NHM_Citizen_SlaveMarket_Woker_11852
11853	NHM_Citizen_SlaveMarket_Woker_11853
13229	NTM_Citizen_SlaveMarket_Woker_13229
13441	NOM_Citizen_SlaveMarket_Woker_13441
13442	NOM_Citizen_SlaveMarket_Woker_13442
11854	NHM_Slave_11854
11855	NHM_Slave_11855
11861	NHM_Citizen_11861
11862	NHM_Citizen_11862
11863	NHM_Citizen_11863
12202	NHM_Citizen_12202
12203	NHM_Citizen_12203
12204	NHM_Merchant_Leather_Peddler_12204
21018	Gimmick_Bag_00_Socket
12205	NHM_Citizen_Farmer_12205
12206	NHM_Citizen_Farmer_12206
1002313	NHM_Citizen_Apple_BackPack_12206
12208	NHM_Citizen_Guide_BackPack_12208
12209	NHM_Citizen_12209
12210	NHM_Citizen_12210
12211	NHM_Citizen_Quarry_12211
12212	NHM_Citizen_12212
12213	NHM_Citizen_12213
12214	NHM_Citizen_12214
12215	NHM_Citizen_Herbalist_12215
1002371	NHM_Citizen_Herbalist_40
1002372	NHM_Citizen_Herbalist_41
1002373	NHM_Citizen_Herbalist_42
1002374	NHM_Citizen_Herbalist_43
1002375	NHM_Citizen_Herbalist_44
12216	NHM_Citizen_Herbalist_12216
1002334	NHM_Citizen_Herbalist_30
1002376	NHM_Citizen_Herbalist_50
1002377	NHM_Citizen_Herbalist_51
1002378	NHM_Citizen_Herbalist_52
12217	NHM_Citizen_12217
12218	NHM_Citizen_Woodcutter_12218
12219	NHM_Citizen_12219
12220	NHM_Citizen_Herbalist_12220
12223	NHM_Citizen_12223
12225	NHM_Citizen_12225
12229	NHM_Citizen_12229
12231	NHM_Citizen_12231
12236	NHM_Citizen_12236
12237	NHM_MiddleCitizen_12237
12238	NHM_MiddleCitizen_12238
12239	NHM_Citizen_12239
12240	NHM_Citizen_12240
12242	NHM_Citizen_12242
12246	NHM_MiddleCitizen_12246
12247	NHM_MiddleCitizen_12247
12248	NHM_MiddleCitizen_12248
12249	NHM_MiddleCitizen_12249
12250	NHM_MiddleCitizen_12250
12251	NHM_MiddleCitizen_12251
12252	NHM_MiddleCitizen_12252
12253	NHM_MiddleCitizen_12253
12254	NHM_MiddleCitizen_12254
12255	NHM_MiddleCitizen_12255
12256	NHM_MiddleCitizen_12256
12257	NHM_MiddleCitizen_12257
12258	NHM_MiddleCitizen_12258
1002194	NHM_MiddleCitizen_12259
12259	NHM_Citizen_12259
12301	NHW_Citizen_12301
12302	NHW_MiddleCitizen_12302
12303	NHW_Citizen_12303
12304	NHW_Citizen_12304
12305	NHW_MiddleCitizen_12305
12306	NHW_MiddleCitizen_12306
12307	NHW_Citizen_12307
12308	NHW_MiddleCitizen_12308
12309	NHW_Citizen_12309
12401	NHW_Child_Citizen_12401
12411	NHW_Child_HighCitizen_12411
12414	NHW_Child_HighCitizen_12414
12421	NHW_Citizen_Poor_12421
12425	NHW_Citizen_Artist_12425
12428	NHW_Citizen_12428
12429	NHW_Citizen_12429
12437	NHW_Slave_12437
12445	NHW_HighCitizen_12445
12450	NHW_HighCitizen_12450
12451	NHW_HighCitizen_12451
12452	NHW_HighCitizen_12452
12453	NHW_HighCitizen_12453
12458	NHW_MiddleCitizen_12458
12459	NHW_MiddleCitizen_12459
12460	NHW_MiddleCitizen_12460
12461	NHW_Child_MiddleCitizen_12461
12803	NHW_MiddleCitizen_12803
12805	NHW_Citizen_12805
12806	NHW_Citizen_12806
12807	NHW_Citizen_12807
12808	NHW_Child_MiddleCitizen_12808
12809	NHW_Citizen_12809
12810	NHW_Child_MiddleCitizen_12810
12811	NHW_Child_MiddleCitizen_12811
12812	NHW_MiddleCitizen_12812
12813	NHW_Citizen_12813
12814	NHW_Citizen_12814
12815	NHW_Citizen_12815
12816	NHW_Citizen_12816
12817	NHW_Citizen_12817
12818	NHW_MiddleCitizen_12818
12820	NHW_Citizen_12820
12821	NHW_Citizen_12821
12823	NHW_MiddleCitizen_12823
12824	NHW_Citizen_12824
12825	NHW_Citizen_12825
12826	NHW_Citizen_12826
12827	NHW_Citizen_12827
12828	NHW_Citizen_12828
12829	NHW_MiddleCitizen_12829
12830	NHW_MiddleCitizen_12830
12831	NHW_Citizen_12831
12834	NHW_MiddleCitizen_12834
12835	NHW_MiddleCitizen_12835
12836	NHW_MiddleCitizen_12836
12837	NHW_Citizen_12837
12838	NHW_Citizen_12838
12839	NHW_Child_MiddleCitizen_12839
12902	NGM_Citizen_12902
12903	NGM_Citizen_12903
12904	NGM_Citizen_12904
12931	NGM_Merchant_Market_12931
12932	NGM_Citizen_12932
12933	NGM_Citizen_12933
12934	NGM_Citizen_12934
12935	NGM_Citizen_12935
12936	NGM_Citizen_Poor_12936
12938	NGM_Slave_12938
12940	NGM_Citizen_12940
12941	NGM_Citizen_12941
12942	NGM_Citizen_12942
13051	NGW_Citizen_13051
13052	NGW_Citizen_13052
13053	NGW_Citizen_13053
13054	NGW_Citizen_13054
13055	NGW_Citizen_13055
13081	NGW_Citizen_13081
13082	NGW_Citizen_13082
13083	NGW_Citizen_13083
13201	NTM_Citizen_13201
13221	NTM_Citizen_13221
13222	NTM_Citizen_13222
13223	NTM_Citizen_13223
13224	NTM_Citizen_13224
13225	NTM_Citizen_13225
13401	NOM_Citizen_13401
13402	NOM_Citizen_13402
13403	NOM_Citizen_13403
13404	NOM_Citizen_13404
13405	NOM_Citizen_13405
13431	NOM_Citizen_13431
13432	NOM_Citizen_13432
13433	NOM_Citizen_13433
13434	NOM_Citizen_13434
13435	NOM_Citizen_13435
13436	NOM_Citizen_13436
13437	NOM_Citizen_13437
1000216	NOM_Citizen_13449
13451	NOM_Slave_13451
13452	NOM_Slave_13452
13552	NOW_Citizen_13552
13553	NOW_Citizen_13553
13554	NOW_Citizen_13554
13581	NOW_Citizen_13581
13582	NOW_Citizen_13582
13583	NOW_Citizen_13583
14101	NDM_Citizen_14101
14102	NDM_Citizen_14102
14103	NDM_Citizen_14103
14104	NDM_Citizen_14104
14105	NDM_Citizen_14105
14124	NDM_Citizen_14124
14125	NDM_Citizen_14125
14129	NDM_Citizen_14129
14130	NDM_Citizen_Refiner_14130
14134	NDM_Slave_14134
14135	NDM_Slave_14135
14201	NDW_Citizen_14201
14203	NDW_Citizen_14203
14223	NDW_Citizen_14223
14224	NDW_Citizen_14224
14225	NDW_Citizen_14225
11728	NHM_Priest_11728
11802	NHM_Priest_11802
11868	NHM_Priest_11868
1001826	NHM_BarniaPriest_Monk_PriestWand_Big_100022
11804	NHM_Priest_Pilgrim_11804
11805	NHM_Priest_Pilgrim_11805
11815	NHM_Priest_Pilgrim_11815
11816	NHM_Priest_Pilgrim_11816
11864	NHM_Priest_Pilgrim_11864
11865	NHM_Priest_Pilgrim_11865
11866	NHM_Priest_Pilgrim_11866
11867	NHM_Priest_Pilgrim_11867
12108	NHM_Priest_Chief_12108
12110	NHM_Priest_Chief_12110
12402	NHW_Priest_Pilgrim_12402
12430	NHW_Priest_Pilgrim_12430
11878	NHM_Citizen_Guardian_11878
13439	NOM_Citizen_Guardian_13439
12207	NHM_Citizen_Inspector_12207
11717	NHM_Citizen_Inspector_11717
12109	NHM_Citizen_SpecialEnvoy_12109
12463	NHW_Citizen_SpecialEnvoy_12463
12947	NGM_Citizen_Refiner_12947
12948	NGM_Citizen_Refiner_12948
13228	NTM_Citizen_Smelter_13228
13440	NOM_Citizen_Smelter_13440
11725	NHM_Citizen_Smelter_11725
11870	NHM_Citizen_Scribe_11870
11871	NHM_Citizen_Scribe_11871
11881	NHM_Priest_Teacher_11881
11882	NHM_Priest_Teacher_11882
11723	NHM_Citizen_Apprentice_11723
11891	NHM_Citizen_Apprentice_11891
12433	NHW_Citizen_Apprentice_12433
12434	NHW_Citizen_Apprentice_12434
13443	NOM_Citizen_Apprentice_13443
13446	NOM_Citizen_Apprentice_13446
232011	NDEM_Citizen_Trainee_232011
232012	NDEM_Citizen_Trainee_232012
11803	NHM_Ascetic_11803
14500	NHM_Citizen_Coachman_14500
14501	NHM_Citizen_Coachman_14501
14502	NHM_Citizen_Coachman_14502
14503	NHM_Citizen_Coachman_14503
14504	NHM_Citizen_Coachman_14504
14505	NHM_Citizen_Coachman_14505
14601	NDEM_Citizen_14601
14602	NDEM_Citizen_14602
14603	NDEM_Citizen_14603
14604	NDEM_Citizen_14604
14605	NDEM_MiddleCitizen_14605
14606	NDEM_MiddleCitizen_14606
14607	NDEM_MiddleCitizen_14607
14608	NDEM_MiddleCitizen_14608
14611	NDEM_Citizen_14611
14612	NDEM_Citizen_14612
14613	NDEM_Citizen_14613
14614	NDEM_Citizen_14614
14615	NDEM_Citizen_14615
14621	NDEM_Citizen_14621
14622	NDEM_Citizen_14622
14623	NDEM_Citizen_14623
14624	NDEM_Citizen_14624
14625	NDEM_Citizen_14625
14910	NTM_Citizen_14910
14911	NTM_Citizen_14911
14915	NTM_Citizen_14915
15001	NHM_Citizen_Munitions_BackPack_15001
210013	Gimmick_Bag_00_Socket
15002	NOM_Citizen_Munitions_BackPack_15002
200021	Gimmick_Bag_01_Socket
15003	NHM_Citizen_Munitions_BackPack_15003
200904	Gimmick_Bag_01_Socket
15004	NHM_Citizen_Munitions_BackPack_15004
15005	NHM_Citizen_Munitions_BackPack_15005
15006	NHM_Citizen_Munitions_BackPack_15006
210003	Gimmick_Bag_00_Socket
15007	NHM_Citizen_Munitions_BackPack_15007
220022	Gimmick_Bag_00_Socket
15008	NHM_Citizen_Munitions_BackPack_15008
15009	NOM_Citizen_Munitions_BackPack_15009
50057	Gimmick_Bag_00_Socket
15010	NGM_Citizen_Medicine_BackPack_15010
15011	NHM_Citizen_Medicine_BackPack_15011
15012	NHM_Citizen_Medicine_BackPack_15012
15013	NHM_Citizen_Medicine_BackPack_15013
15014	NGM_Citizen_Medicine_BackPack_15014
757013	Gimmick_Bag_00_Socket
15015	NHM_Citizen_Medicine_BackPack_15015
15016	NOM_Citizen_Medicine_BackPack_15016
15017	NGM_Citizen_Medicine_BackPack_15017
100001	NHM_Citizen_Servant_100001
100002	NHM_Citizen_Servant_100002
100005	NHM_Citizen_Bureaucracy_100005
100006	NHM_Citizen_Bureaucracy_100006
100007	NHM_Citizen_Bureaucracy_100007
100008	NHM_Citizen_Bureaucracy_100008
100009	NHM_Citizen_Bureaucracy_100009
100012	NHM_Priest_100012
100013	NHM_Priest_100013
100014	NHM_Priest_100014
100021	NHM_Priest_Monk_100021
100022	NHM_Priest_Monk_100022
100023	NHM_Priest_Monk_100023
100024	NHM_Priest_100024
100015	NHM_Citizen_Servant_100015
100016	NHM_Citizen_Servant_100016
100017	NHM_Citizen_Servant_100017
100018	NHM_Citizen_Servant_100018
100019	NHM_Citizen_Chef_100019
100031	NHM_MiddleCitizen_100031
1000217	NHM_MiddleCitizen_100147
100045	NHM_MiddleCitizen_100045
100047	NHM_MiddleCitizen_100047
100049	NHM_Citizen_100049
100051	NHM_Citizen_100051
100052	NHM_Citizen_100052
100053	NHM_Citizen_100053
100054	NHM_Citizen_100054
100055	NHM_MiddleCitizen_100055
100056	NHM_Citizen_100056
100057	NHM_Citizen_100057
100058	NHM_Citizen_100058
100060	NHM_MiddleCitizen_100060
100061	NHM_MiddleCitizen_100061
100076	NHM_Noble_100076
100078	NHM_Citizen_Servant_100078
100079	NHM_Citizen_Servant_100079
100080	NHM_Citizen_Servant_100080
100081	NHM_Citizen_Servant_100081
100082	NHM_Child_MiddleCitizen_100082
100083	NHM_Child_MiddleCitizen_100083
100086	NHM_MiddleCitizen_100086
100087	NHM_Child_MiddleCitizen_100087
100088	NHM_Child_MiddleCitizen_100088
100089	NHM_Child_MiddleCitizen_100089
100090	NHM_Child_MiddleCitizen_100090
100092	NHM_Citizen_Bureaucracy_100092
100093	NHM_Citizen_100093
100096	NHM_Citizen_Bureaucracy_100096
100097	NHM_Citizen_Bureaucracy_100097
100098	NHM_Citizen_Herbalist_100098
100099	NHM_Citizen_Herbalist_100099
100100	NHM_Citizen_Herbalist_100100
100101	NHM_Citizen_Shepherd_100101
100102	NHM_Citizen_Shepherd_100102
100103	NHM_Citizen_Shepherd_100103
100104	NHM_Citizen_Fisherman_100104
100105	NHM_Citizen_Fisherman_100105
100106	NHM_Citizen_Fisherman_100106
100107	NHM_Citizen_Beekeeper_Worker_100107
100108	NHM_Citizen_Beekeeper_Worker_100108
100109	NHM_Citizen_Beekeeper_Worker_100109
100110	NHM_Citizen_Beekeeper_Worker_100110
100111	NHM_Citizen_Beekeeper_Worker_100111
100116	NHM_MiddleCitizen_100116
100117	NHM_Child_Citizen_100117
100122	NHM_Beggar_100122
100127	NHM_Citizen_Beekeeper_BackPack_100127
750040	Gimmick_Bag_00_Socket
100128	NHM_Citizen_Beekeeper_BackPack_100128
100129	NHM_Citizen_Beekeeper_BackPack_100129
100130	NHM_MiddleCitizen_100130
100175	NOM_Citizen_Beekeeper_Worker_100175
100176	NOM_Citizen_Beekeeper_Worker_100176
100177	NOM_Citizen_Beekeeper_Worker_100177
100178	NOM_Citizen_Beekeeper_Worker_100178
100179	NOM_Citizen_Beekeeper_Worker_100179
101019	NHM_Clown_101019
101020	NHM_Clown_101020
1003561	NHM_Clown_101021
1000499	NHM_Clown_4
101021	NHM_Choir_101021
101022	NHM_Choir_101022
101023	NHM_Choir_101023
1001348	NHM_Choir_1
1001355	NHM_Choir_2
1001446	NHM_Choir_3
1001717	NHM_Choir_4
1001718	NHM_Choir_5
1001719	NHM_Choir_6
1001720	NHM_Choir_7
1001721	NHM_Choir_8
1001722	NHM_Choir_9
1001723	NHM_Choir_10
1001724	NHM_Choir_11
1001725	NHM_Choir_12
102001	NHW_Noble_102001
102002	NHW_Noble_102002
102003	NHW_Noble_102003
102004	NHW_Noble_102004
102005	NHW_Citizen_Servant_102005
102008	NHW_Child_MiddleCitizen_102008
102009	NHW_Child_MiddleCitizen_102009
102010	NHW_Child_MiddleCitizen_102010
102011	NHW_Child_MiddleCitizen_102011
102012	NHW_Child_Citizen_102012
102013	NHW_Child_Citizen_102013
102014	NHW_Citizen_Servant_102014
102015	NHW_Citizen_Servant_102015
102016	NHW_Citizen_Servant_102016
102017	NHW_Citizen_Servant_102017
102018	NHW_Child_MiddleCitizen_102018
102019	NHW_Child_MiddleCitizen_102019
102031	NHW_Beggar_102031
1002154	NHW_Beggar_102032
102049	NHW_Priest_102049
102050	NHW_Priest_102050
102051	NHW_Priest_102051
102052	NHW_Priest_Monk_102052
102053	NHW_Priest_Monk_102053
102054	NHW_Priest_Monk_102054
102801	NHW_Clown_102801
102802	NHW_Clown_102802
102803	NHW_Choir_102803
1001726	NHW_Choir_1
1001727	NHW_Choir_2
1001728	NHW_Choir_3
1001729	NHW_Choir_4
1001730	NHW_Choir_5
1001731	NHW_Choir_6
1001732	NHW_Choir_7
1001733	NHW_Choir_8
1001734	NHW_Choir_9
1001735	NHW_Choir_10
108001	NTM_Citizen_Quarry_BackPack_108001
108002	NTM_Citizen_Quarry_BackPack_108002
108003	NTM_Citizen_Quarry_BackPack_108003
108004	NTM_Citizen_Quarry_BackPack_108004
108005	NTM_Citizen_Quarry_BackPack_108005
1004229	NHM_Citizen_Worker_OneHandHammer_1
1004230	NOM_Citizen_Worker_OneHandHammer_1
1004231	NTM_Citizen_Worker_OneHandHammer_1
1000220	NHM_Citizen_Ceramic_1
1000221	NHM_Citizen_Ceramic_2
1000500	NHW_Citizen_Ceramic_3
1003116	NHM_Citizen_Ceramic_Pot_Head_1
1003117	NHM_Citizen_Ceramic_Pot_Head_2
1003118	NHW_Citizen_Ceramic_Pot_Head_3
108007	NTM_Clown_108007
108008	NTM_Clown_108008
108009	NTM_Citizen_Peddler_BackPack_108009
108010	NTM_Citizen_Peddler_BackPack_108010
108011	NTM_Citizen_Peddler_BackPack_108011
108012	NTM_Citizen_Peddler_BackPack_108012
108013	NTM_Citizen_Peddler_BackPack_108013
108014	NTM_Citizen_Peddler_BackPack_108014
1002117	NTM_Kharonso_Citizen_108030
1002119	NTM_Kharonso_Citizen_108031
1002120	NTM_Kharonso_Citizen_108032
1002135	NTM_Kharonso_Citizen_108033
1002136	NTM_Kharonso_Citizen_108034
1002137	NTM_Kharonso_Citizen_108035
1002138	NTM_Kharonso_Citizen_108036
1002139	NTM_Kharonso_Citizen_Beekeeper_Worker_4592
1002140	NTM_Kharonso_Citizen_Beekeeper_Worker_4593
1002141	NTM_Kharonso_Citizen_Beekeeper_Worker_4594
1002142	NTM_Kharonso_Citizen_Miner_4572
1002143	NTM_Kharonso_Citizen_Miner_4573
1002144	NTM_Kharonso_Citizen_Miner_4579
1002145	NTM_Kharonso_Citizen_Miner_4575
1002146	NTM_Kharonso_Citizen_Miner_4576
1002147	NTM_Kharonso_Citizen_Miner_4577
1002148	NTM_Kharonso_Citizen_Miner_4578
1002149	NTM_Kharonso_Citizen_Peddler_BackPack_108016
1002116	NTM_Kharonso_Citizen_Peddler_BackPack_108017
1002150	NTM_Kharonso_Citizen_Scholar_4582
1002151	NTM_Kharonso_Citizen_Scholar_4583
1002152	NTM_Kharonso_Citizen_Scholar_4584
1002153	NTM_Kharonso_Citizen_Scholar_4585
1002155	NTM_Kharonso_Citizen_Scholar_4586
1002156	NTM_Kharonso_Citizen_Scholar_4587
4630	NTM_Citizen_Teacher_4630
4631	NTM_Citizen_Teacher_4631
1000679	NTM_Citizen_Peddler_BackPack_108015
1000560	NHM_Noble_Zoo_1
1000580	NHM_Noble_Zoo_2
1000592	NHM_Noble_Zoo_3
1000593	NHM_Noble_Zoo_4
1000594	NHM_Noble_Zoo_5
1000595	NHM_Noble_Zoo_6
1000596	NHM_Noble_Zoo_7
1000597	NHM_Noble_Zoo_8
1000598	NHM_Noble_Zoo_9
1000599	NHM_Noble_Zoo_10
1000600	NHW_Noble_Zoo_1
1000601	NHW_Noble_Zoo_2
1000602	NHW_Noble_Zoo_3
1000603	NHW_Noble_Zoo_4
1000604	NHW_Noble_Zoo_5
1000605	NHW_Noble_Zoo_6
1000606	NHW_Noble_Zoo_7
1000607	NHW_Noble_Zoo_8
1000608	NHW_Noble_Zoo_9
1000609	NHW_Noble_Zoo_10
1000556	NHM_Zoo_Prisoner_1
1000557	NHW_Zoo_Prisoner_1
108015	NTM_Citizen_108015
108016	NTM_Citizen_108016
108017	NTM_Citizen_108017
108018	NTM_Citizen_108018
108019	NTM_Citizen_108019
108020	NTM_Citizen_108020
108021	NTM_Citizen_108021
108022	NTM_Citizen_108022
108023	NTM_Citizen_108023
108024	NTM_Citizen_108024
108025	NTM_Citizen_108025
108026	NTM_Citizen_108026
108027	NTM_Citizen_108027
108028	NTM_Citizen_108028
108029	NTM_Citizen_108029
108030	NTM_Citzen_Torch_108030
108031	NTM_Citzen_Torch_108031
112001	NOM_Citizen_112001
112002	NOM_Citizen_112002
112003	NOM_Citizen_112003
112004	NOM_Citizen_112004
112005	NOM_Citizen_112005
112006	NOM_Citizen_112006
112007	NOM_Citizen_112007
112008	NOM_Citizen_112008
121006	NHM_MiddleCitizen_121006
121007	NHM_MiddleCitizen_121007
121008	NHM_MiddleCitizen_121008
121010	NHW_MiddleCitizen_121010
164001	NDEM_Citizen_164001
164002	NDEM_Citizen_164002
164003	NDEM_Citizen_164003
164004	NDEM_Citizen_164004
164005	NDEM_Citizen_164005
164006	NDEM_Citizen_164006
164009	NDEM_Citizen_164009
164013	NDEM_MiddleCitizen_164013
164015	NDEM_MiddleCitizen_164015
164016	NDEM_MiddleCitizen_164016
164017	NDEM_MiddleCitizen_164017
164018	NDEM_MiddleCitizen_164018
1002901	NDEM_Deerrider_1
50088	NHM_Slave_OneHandHammer_50088
50089	NGM_Slave_ToolPickaxe_50089
50090	NHM_Slave_ToolPickaxe_50090
50091	NHM_Citizen_Miner_ToolPickaxe_50091
50092	NHM_Slave_OneHandHammer_50092
500559	NHM_Citizen_Worker_ToolBroom_500559
500560	NHM_Citizen_WoodCutter_ToolAxe_500560
500561	NHM_Citizen_Farmer_ToolShovel_500561
500562	NHM_Citizen_Miner_ToolPickaxe_500562
1000290	NHM_Citizen_WoodCutter_ChainSaw_1
1000291	NHM_Citizen_WoodCutter_ChainSaw_2
1000292	NHM_Citizen_WoodCutter_ChainSaw_3
1000293	NHM_Citizen_WoodCutter_ChainSaw_4
1000294	NHM_Citizen_WoodCutter_ChainSaw_5
1000295	NOM_Citizen_WoodCutter_ChainSaw_1
1000013	NHM_Citizen_Farmer_ToolShovel_2246006575
1000014	NHM_Citizen_Farmer_ToolShovel_391273496
1000015	NGM_Slave_ToolPickaxe_688737051
500563	NHM_Citizen_Farmer_ToolHayfork_500563
500564	NHM_Citizen_Farmer_ToolRake_500564
500565	NOM_Citizen_Worker_ToolBroom_500565
500566	NOM_Citizen_WoodCutter_ToolAxe_500566
500567	NOM_Citizen_Farmer_ToolShovel_500567
500568	NOM_Citizen_Miner_ToolPickaxe_500568
500569	NOM_Citizen_Farmer_ToolHayfork_500569
500570	NOM_Citizen_Farmer_ToolRake_500570
500571	NHW_Citizen_Farmer_ToolHoe_500571
500573	NOW_Citizen_Farmer_ToolHoe_500573
500574	NOW_Citizen_Farmer_ToolSythe_500574
500575	NHM_Citizen_Worker_ToolBroom_500575
500576	NHM_Citizen_WoodCutter_ToolAxe_500576
500577	NHM_Citizen_Farmer_ToolShovel_500577
500578	NHM_Citizen_Miner_ToolPickaxe_500578
500579	NHM_Citizen_Farmer_ToolHayfork_500579
500580	NHM_Citizen_Farmer_ToolRake_500580
500581	NOM_Citizen_Worker_ToolBroom_500581
500582	NOM_Citizen_WoodCutter_ToolAxe_500582
500583	NOM_Citizen_Farmer_ToolShovel_500583
500584	NOM_Citizen_Miner_ToolPickaxe_500584
500585	NOM_Citizen_Farmer_ToolHayfork_500585
500586	NOM_Citizen_Farmer_ToolRake_500586
500587	NHW_Citizen_Farmer_ToolHoe_500587
500588	NHW_Citizen_Farmer_ToolSythe_500588
500589	NOW_Citizen_Farmer_ToolHoe_500589
500590	NOW_Citizen_Farmer_ToolSythe_500590
500591	NHM_Citizen_Worker_ToolBroom_500591
500592	NHM_Citizen_WoodCutter_ToolAxe_500592
500593	NHM_Citizen_Farmer_ToolShovel_500593
500594	NHM_Citizen_Miner_ToolPickaxe_500594
500595	NHM_Citizen_Farmer_ToolHayfork_500595
500596	NHM_Citizen_Farmer_ToolRake_500596
500597	NOM_Citizen_Worker_ToolBroom_500597
500598	NOM_Citizen_WoodCutter_ToolAxe_500598
500599	NOM_Citizen_Farmer_ToolShovel_500599
500600	NOM_Citizen_Miner_ToolPickaxe_500600
500601	NOM_Citizen_Farmer_ToolHayfork_500601
500602	NOM_Citizen_Farmer_ToolRake_500602
500603	NHW_Citizen_Farmer_ToolHoe_500603
500604	NHW_Citizen_Farmer_ToolSythe_500604
500605	NOW_Citizen_Farmer_ToolHoe_500605
500606	NOW_Citizen_Farmer_ToolSythe_500606
500607	NHM_Citizen_Worker_ToolBroom_500607
500608	NHM_Citizen_WoodCutter_ToolAxe_500608
500609	NHM_Citizen_Farmer_ToolShovel_500609
500610	NHM_Citizen_Miner_ToolPickaxe_500610
500611	NHM_Citizen_Farmer_ToolHayfork_500611
500612	NHM_Citizen_Farmer_ToolRake_500612
500613	NHW_Citizen_Farmer_ToolHoe_500613
500614	NHW_Citizen_Farmer_ToolSythe_500614
1000461	NHM_Citizen_Farmer_Sprayer_BackPack_1
1000462	NHM_Citizen_Miner_Sprayer_BackPack_2
1000463	NHM_Citizen_Farmer_Sprayer_BackPack_3
1000464	NHM_Citizen_Farmer_Sprayer_BackPack_4
500615	NHM_Citizen_WoodCutter_ToolAxe_500615
500616	NHM_Citizen_WoodCutter_ToolAxe_500616
500617	NHM_Citizen_WoodCutter_ToolAxe_500617
500618	NHM_Citizen_WoodCutter_ToolAxe_500618
500619	NOM_Citizen_WoodCutter_ToolAxe_500619
500620	NHM_Citizen_WoodCutter_ToolAxe_500620
500621	NHM_Citizen_WoodCutter_ToolAxe_500621
500622	NHM_Citizen_WoodCutter_ToolAxe_500622
500623	NHM_Citizen_Worker_ToolBroom_500623
500624	NHM_Citizen_WoodCutter_ToolAxe_500624
500625	NHM_Citizen_Farmer_ToolShovel_500625
500626	NHM_Citizen_Miner_ToolPickaxe_500626
500627	NHM_Citizen_Farmer_ToolHayfork_500627
500628	NHM_Citizen_Farmer_ToolRake_500628
500629	NOM_Citizen_Worker_ToolBroom_500629
500630	NOM_Citizen_WoodCutter_ToolAxe_500630
500631	NOM_Citizen_Farmer_ToolShovel_500631
500632	NOM_Citizen_Miner_ToolPickaxe_500632
500633	NOM_Citizen_Farmer_ToolHayfork_500633
500634	NOM_Citizen_Farmer_ToolRake_500634
500635	NHW_Citizen_Farmer_ToolHoe_500635
500636	NHW_Citizen_Farmer_ToolSythe_500636
500637	NOW_Citizen_Farmer_ToolHoe_500637
500638	NOW_Citizen_Farmer_ToolSythe_500638
500639	NGM_Citizen_Worker_ToolBroom_500639
500640	NGM_Citizen_Worker_ToolBroom_500640
500641	NGM_Citizen_Worker_ToolBroom_500641
500642	NGM_Citizen_Worker_ToolBroom_500642
500643	NGW_Citizen_Worker_ToolBroom_500643
500644	NGW_Citizen_Worker_ToolBroom_500644
500645	NGW_Citizen_Worker_ToolBroom_500645
500646	NGW_Citizen_Worker_ToolBroom_500646
500647	NHM_Citizen_Carpenter_ToolSaw_500647
500648	NHM_Citizen_Carpenter_ToolSaw_500648
500649	NHM_Citizen_Carpenter_ToolSaw_500649
500650	NHM_Citizen_Carpenter_ToolSaw_500650
500652	NHM_Citizen_Worker_OneHandHammer_500652
500653	NHM_Citizen_Worker_OneHandHammer_500653
500654	NHM_Citizen_Worker_OneHandHammer_500654
500655	NHM_Citizen_Worker_OneHandHammer_500655
500656	NHM_Citizen_Worker_OneHandHammer_500656
500657	NTM_Citizen_WoodCutter_ToolAxe_500657
500658	NTM_Citizen_WoodCutter_ToolAxe_500658
500659	NTM_Citizen_WoodCutter_ToolAxe_500659
500660	NTM_Citizen_WoodCutter_ToolAxe_500660
500661	NTM_Citizen_WoodCutter_ToolAxe_500661
500662	NDM_Citizen_Worker_OneHandHammer_500662
500664	NDM_Citizen_Worker_OneHandHammer_500664
500667	NTM_Citizen_Carpenter_ToolSaw_500667
500668	NTM_Citizen_Carpenter_ToolSaw_500668
500669	NTM_Citizen_Carpenter_ToolSaw_500669
500670	NTM_Citizen_Carpenter_ToolSaw_500670
500671	NTM_Citizen_Carpenter_ToolSaw_500671
500672	NOM_Citizen_Carpenter_ToolSaw_500672
500673	NOM_Citizen_Carpenter_ToolSaw_500673
500674	NOM_Citizen_Carpenter_ToolSaw_500674
500675	NOM_Citizen_Carpenter_ToolSaw_500675
500676	NOM_Citizen_Worker_OneHandHammer_500676
500677	NOM_Citizen_Worker_OneHandHammer_500677
500678	NOM_Citizen_Worker_OneHandHammer_500678
500679	NOM_Citizen_Worker_OneHandHammer_500679
500680	NTM_Citizen_Worker_OneHandHammer_500680
500681	NTM_Citizen_Worker_OneHandHammer_500681
500682	NTM_Citizen_Worker_OneHandHammer_500682
500683	NTM_Citizen_Worker_OneHandHammer_500683
500684	NTM_Citizen_Worker_OneHandHammer_500684
500685	NHW_Citizen_Worker_ToolBroom_500685
500686	NHW_Citizen_Worker_ToolBroom_500686
500687	NHW_Citizen_Worker_ToolBroom_500687
500688	NHW_Citizen_Worker_ToolBroom_500688
500689	NHW_Citizen_Worker_ToolBroom_500689
500694	NHM_Citizen_Fisherman_ToolFishingRod_500694
500696	NGM_Slave_ToolPickaxe_500696
500697	NHM_Citizen_Farmer_ToolRake_500697
500698	NHM_Citizen_Carpenter_ToolSaw_500698
500699	NHM_Citizen_Farmer_ToolShovel_500699
500700	NHM_Citizen_Worker_OneHandHammer_500700
500701	NHM_Citizen_WoodCutter_ToolAxe_500701
500703	NOM_Citizen_Farmer_ToolRake_500703
500704	NOM_Citizen_Carpenter_ToolSaw_500704
500705	NOM_Citizen_Farmer_ToolShovel_500705
500706	NOM_Citizen_Worker_OneHandHammer_500706
500707	NOM_Citizen_WoodCutter_ToolAxe_500707
500709	NHM_Citizen_Farmer_ToolRake_500709
500710	NHM_Citizen_Carpenter_ToolSaw_500710
500711	NHM_Citizen_Farmer_ToolShovel_500711
500712	NHM_Citizen_Worker_OneHandHammer_500712
500713	NHM_Citizen_WoodCutter_ToolAxe_500713
500715	NHM_Citizen_Miner_ToolPickaxe_500715
500716	NHM_Citizen_Miner_ToolPickaxe_500716
500717	NHM_Citizen_Miner_ToolPickaxe_500717
500718	NHM_Citizen_Miner_ToolPickaxe_500718
500719	NHM_Citizen_Miner_ToolPickaxe_500719
500720	NHM_Citizen_Miner_ToolPickaxe_500720
500721	NHM_Citizen_Miner_ToolPickaxe_500721
500722	NHM_Citizen_Miner_ToolPickaxe_500722
500723	NHM_Citizen_Miner_ToolPickaxe_500723
500724	NHM_Citizen_Miner_ToolPickaxe_500724
500725	NOM_Citizen_Miner_ToolPickaxe_500725
500726	NOM_Citizen_Miner_ToolPickaxe_500726
500727	NOM_Citizen_Miner_ToolPickaxe_500727
500728	NOM_Citizen_Miner_ToolPickaxe_500728
500729	NOM_Citizen_Miner_ToolPickaxe_500729
500730	NOM_Citizen_Miner_ToolPickaxe_500730
500731	NOM_Citizen_Miner_ToolPickaxe_500731
500732	NOM_Citizen_Miner_ToolPickaxe_500732
500736	NHW_Citizen_Servant_ToolBroom_500736
500737	NHW_Citizen_Servant_ToolBroom_500737
500738	NHW_Citizen_Servant_ToolBroom_500738
500739	NHW_Citizen_Servant_ToolBroom_500739
500740	NHW_Citizen_Servant_ToolBroom_500740
500741	NHW_Citizen_Servant_ToolBroom_500741
500742	NHW_Citizen_Servant_ToolBroom_500742
500743	NHW_Citizen_Servant_ToolBroom_500743
500744	NHW_Citizen_Servant_ToolBroom_500744
500749	NHW_Citizen_Servant_ToolBroom_500749
500750	NHW_Citizen_Servant_ToolBroom_500750
500751	NHW_Citizen_Servant_ToolBroom_500751
500752	NHW_Citizen_Servant_ToolBroom_500752
500754	NGM_Citizen_Worker_ToolBroom_500754
500755	NGW_Citizen_Servant_ToolBroom_500755
1001827	NHW_Citizen_Worker_ToolBroom_5007555
1001835	NHW_Citizen_Worker_ToolBroom_500756
1001836	NHM_Citizen_Farmer_ToolRake_5005645
500756	NHM_Slave_ToolShovel_500756
500757	NHM_Slave_ToolShovel_500757
500758	NHM_Slave_ToolRake_500758
500759	NHM_Slave_ToolRake_500759
500760	NHM_Slave_ToolHayfork_500760
500761	NHM_Slave_ToolHayfork_500761
500762	NHM_Slave_OneHandHammer_500762
500763	NHM_Slave_OneHandHammer_500763
500764	NHM_Slave_ToolSaw_500764
500765	NHM_Slave_ToolSaw_500765
500766	NHM_Slave_ToolAxe_500766
500767	NHM_Slave_ToolAxe_500767
500768	NTM_Miner_ToolPickaxe_500768
500769	NTM_Miner_ToolPickaxe_500769
500784	NHM_Worker_ToolBroom_500784
500785	NHM_Worker_OneHandHammer_500785
500786	NHM_Farmer_ToolRake_500786
500787	NHW_Farmer_ToolHoe_500787
500788	NHW_Farmer_ToolSythe_500788
500789	NHM_Worker_ToolBroom_500789
500790	NHM_Farmer_ToolShovel_500790
500809	NTM_Fisherman_ToolFishingRod_500809
500810	NTM_Fisherman_ToolFishingRod_500810
500811	NHM_Fisherman_ToolFishingRod_500811
500812	NHM_Fisherman_ToolFishingRod_500812
500813	NOM_Fisherman_ToolFishingRod_500813
1002272	NHM_Fisherman_ToolFishingRod_1
1000848	NHM_Skoghorn_Fisherman_ToolFishingRod_1
1002260	NHM_Skoghorn_Fisherman_ToolFishingRod_2
1002262	NHM_Skoghorn_Fisherman_ToolFishingRod_3
1000501	NHM_Fisherman_ToolItemCatchFishingRod_1
1002605	NHM_Fisherman_ToolItemCatchFishingRod_2
500835	NHM_Slave_ToolPickaxe_500835
500836	NHM_Slave_ToolPickaxe_500836
500837	NHM_Slave_ToolPickaxe_500837
500838	NHM_Slave_ToolPickaxe_500838
500839	NHM_Slave_ToolPickaxe_500839
500840	NGM_Slave_ToolPickaxe_500840
500841	NGM_Slave_ToolPickaxe_500841
500842	NGM_Slave_ToolPickaxe_500842
500843	NTM_Slave_ToolAxe_500843
500898	NHM_Worker_OneHandHammer_500898
500901	NHM_Slave_ToolSaw_500901
500902	NHM_Slave_ToolAxe_500902
500903	NHM_Slave_ToolPickaxe_500903
1002200	NHM_Citizen_3320
1002202	NHM_Citizen_3321
1002322	NHM_Citizen_3322
1003113	NHM_Citizen_3323
1003114	NHM_Citizen_3324
1000251	NHM_GasMask_Slave_ToolShovel_1
1000252	NHM_GasMask_Slave_ToolRake_2
1000269	NHM_GasMask_Slave_ToolHayfork_3
1000425	NHM_GasMask_Slave_OneHandHammer_4
1000426	NHM_GasMask_Slave_ToolSaw_5
1000577	NHM_GasMask_Slave_ToolAxe_6
1000724	NHM_GasMask_Slave_ToolPickaxe_7
1000740	NHM_GasMask_Slave_1
1001274	NHM_GasMask_Slave_2
1001782	NHM_GasMask_Slave_3
1001805	NHM_GasMask_Slave_4
1001806	NGM_GasMask_Slave_1
1001807	NGM_GasMask_Slave_2
1001808	NTM_GasMask_Slave_1
1001823	NTM_GasMask_Slave_2
1001824	NTM_GasMask_Slave_ToolAxe_1
1001825	NGM_GasMask_Slave_ToolPickaxe_2
170904	NOM_Citizen_Farmer_ToolHayfork_170904
170905	NHM_Citizen_Farmer_ToolHayfork_170905
170906	NHM_Citizen_Farmer_ToolHayfork_170906
170907	NHM_Citizen_Farmer_ToolRake_170907
170908	NHM_Citizen_Farmer_ToolRake_170908
170909	NHM_Citizen_Farmer_ToolRake_170909
232001	NDEM_Citizen_232001
232002	NDEM_Citizen_232002
232003	NDEM_Citizen_232003
232004	NDEM_Citizen_232004
1000536	NDEM_Priest_1
1000537	NDEM_Priest_2
1001803	NHM_Skoghorn_Citizen_Boar_1
1001804	NHM_Skoghorn_Citizen_Boar_2
1001809	NHM_Skoghorn_Citizen_Rabbit_1
1001786	NHW_Skoghorn_Citizen_Rabbit_1
1001811	NHM_Skoghorn_Citizen_Deer_1
1001812	NHM_Skoghorn_Citizen_Deer_2
1001813	NHM_Skoghorn_Citizen_Reindeer_1
1001814	NHM_Skoghorn_Citizen_Reindeer_2
1001833	NHM_Skoghorn_Citizen_Bull_1
1001834	NHM_Skoghorn_Citizen_Bull_2
233013	NTM_Citizen_233013
233014	NTM_Citizen_233014
233015	NTM_Citizen_233015
233016	NTM_Citizen_233016
158617596	NTM_Marni_Senior_Devotee_5
178692458	NGM_Marni_Senior_Devotee_1
1000931	NHM_Marni_Devotee_Worker_1
1001053	NHM_Marni_Devotee_Worker_2
1001116	NHM_Marni_Devotee_Worker_3
1001119	NDM_Marni_Devotee_Worker_1
1001127	NTM_Marni_Devotee_Worker_1
1000170	NHW_Citizen_worker_FlatBasket_3646
1000181	NHW_Citizen_worker_FlatBasket_3656
1000182	NHW_Citizen_worker_FlatBasket_3661
1000228	NHW_Citizen_worker_FlatBasket_3669
1000229	NHW_Citizen_worker_FlatBasket_3713
1000230	NHW_Citizen_worker_FlatBasket_3716
1000231	NHW_Citizen_worker_FlatBasket_3730
1000232	NHW_Citizen_worker_FlatBasket_3741
1000339	NHW_Citizen_worker_FlatBasket_3739
1000384	NHW_Citizen_worker_FlatBasket_3742
1000394	NHW_Citizen_worker_FlatBasket_3760
1000396	NHW_Citizen_worker_FlatBasket_3843
1000524	NHW_Citizen_worker_FlatBasket_3844
1000525	NHW_Citizen_worker_FlatBasket_3845
1000526	NHW_Citizen_worker_FlatBasket_3821
1000527	NHW_Citizen_worker_FlatBasket_3822
1000701	NHW_Citizen_worker_FlatBasket_3823
1000757	NHW_Slave_FlatBasket_4101
1000758	NHW_Citizen_worker_FlatBasket_7033
1000759	NHW_Citizen_worker_FlatBasket_7073
1000834	NHW_Slave_FlatBasket_12437
1000835	NHW_Citizen_worker_FlatBasket_12827
246776246	NOM_Slave_BucketHeavy_13451
6929383	NHM_Citizen_worker_BucketLight_3551
1002606	NHM_Citizen_worker_BucketHeavy_3126
174829717	NHW_Citizen_worker_Pot_Head_3669
99795426	NHW_Citizen_worker_Pot_Head_3812
145907437	NHW_Slave_Pot_Head_4102
120166101	NHW_Citizen_worker_Pot_Head_7032
1000411	NHM_ReedDevilMask_Child_Citizen_1
1000442	NHM_ReedDevilMask_Child_Citizen_2
1000443	NHW_ReedDevilMask_Child_Citizen_1
1000444	NHW_ReedDevilMask_Child_Citizen_2
1000445	NHW_ReedDevilMask_Child_Citizen_3
1002298	NHM_Greyfur_Spy_1
1003777	NHM_Greyfur_Spy_2
1000635	NHM_Citizen_croupier_1
1000636	NHW_Citizen_croupier_1
1001154	NGM_Treasure_Keeper_OneHandMace_1
1001391	NGM_Treasure_Keeper_Miner_1
1001392	NGM_Treasure_Keeper_1
1004086	NHM_ReedDevil_Minion_OneHandBow_2
1001400	NHM_ReedDevil_Minion_1
1001401	NHM_ReedDevil_Minion_2
1001402	NHM_ReedDevil_Minion_3
1000716	NHM_ReedDevil_Minion_4
1003770	NHM_ReedDevil_Minion_5
1003771	NHM_ReedDevil_Minion_6
1003772	NHM_ReedDevil_Minion_7
1003773	NHM_ReedDevil_Minion_8
1003774	NHM_ReedDevil_Minion_9
1001828	NDEM_Merchant_0001
1001829	NDEM_Merchant_0002
1001830	NDEM_Merchant_0003
1001831	NDEM_Merchant_0004
1001947	NHM_Citizen_30281
1002589	NHM_Citizen_30501
1002590	NHW_Citizen_37301
1002591	NHM_Citizen_30351
1002592	NHM_Citizen_35421
1002593	NHW_Citizen_36541
1002594	NHM_Citizen_64141
1002595	NHM_Citizen_64151
1002596	NHW_Citizen_65221
1002597	NHM_Citizen_30511
1002598	NHM_Citizen_31191
1002599	NHW_Citizen_36091
1002600	NHM_Citizen_118271
1002601	NHM_Citizen_117161
1002602	NHW_Citizen_123011
1002437	NHM_Buddhist_Shay_Monk_1
1002438	NHM_Buddhist_Shay_Monk_2
1002069	NHM_Buddhist_Shay_Monk_3
1002071	NHM_Buddhist_Shay_Monk_4
1001076	NHM_MiddleCitizen_31200
1003085	NHM_Citizen_123012
1003086	NHM_Citizen_123013
1003087	NHM_Citizen_123014
1003088	NHM_Citizen_123015
1003089	NHM_Citizen_123016
1000068	NHW_Citizen_40
1000069	NHW_Citizen_41
1000070	NHW_Citizen_42
1000223	NHM_Prisoner_Contribution_1501
1000460	NHM_Prisoner_Contribution_1502
1000521	NHM_Prisoner_Contribution_1503
1000655	NHM_Prisoner_Contribution_1504
1000687	NHM_Prisoner_Contribution_1505
1000703	NHM_Prisoner_Contribution_1506
1000704	NHM_Prisoner_Contribution_1507
1000711	NHM_Prisoner_Contribution_1508
1000712	NHM_Prisoner_Contribution_1509
1000720	NHM_Prisoner_Contribution_1510
1001692	NHM_Prisoner_1
1001693	NHM_Prisoner_2
1001694	NHM_Prisoner_3
1001695	NHM_Prisoner_4
1001696	NHM_Prisoner_5
1001697	NHM_Prisoner_6
1001698	NHM_Prisoner_7
1001699	NHM_Prisoner_8
1001700	NHM_Prisoner_9
1001701	NHM_Prisoner_10
1001702	NHM_Prisoner_ToolPickaxe_1
1001704	NHM_Prisoner_ToolPickaxe_2
1001705	NHM_Prisoner_ToolPickaxe_3
1001712	NHM_Prisoner_ToolPickaxe_4
1001714	NHM_Prisoner_ToolShovel_1
1001716	NHM_Prisoner_ToolShovel_2
1001737	NHM_Prisoner_ToolShovel_3
1001741	NHM_Prisoner_ToolShovel_4
1001688	NHM_Prisoner_11
1001750	NHM_Prisoner_12
1001754	NHM_Prisoner_13
1001755	NHM_Prisoner_14
1001766	NHM_Prisoner_15
1004267	NHM_Prisoner_16
1004268	NHM_Prisoner_17
1003510	NHM_Student_Abroad_1
1003511	NHM_Student_Abroad_2
1003512	NHM_Student_Abroad_3
1003513	NHM_Student_Abroad_4
3469	NHM_Corpse_3469
3569	NHM_Corpse_3569
4750	NHM_Corpse_4750
4751	NHM_Corpse_4751
4752	NHM_Corpse_4752
4753	NHM_Corpse_4753
4754	NOM_Corpse_4754
4755	NOM_Corpse_4755
4758	NHW_Corpse_4758
4759	NHW_Corpse_4759
4760	NHW_Corpse_4760
4761	NHW_Corpse_4761
4762	NHW_Corpse_4762
4764	NHM_Corpse_4764
4765	NOM_Corpse_4765
4766	NHM_Corpse_4766
4767	NHM_Corpse_4767
4768	NHM_Corpse_4768
4769	NHM_Corpse_4769
4770	NOM_Corpse_4770
4802	NHM_Corpse_4802
4915	NOW_Corpse_4915
4916	NOW_Corpse_4916
4917	NOW_Corpse_4917
1000870	NHW_Citizen_Corpse_7074
14950	NHM_Corpse_14950
14965	NHM_Corpse_14965
100165	NHM_Corpse_100165
101017	NHM_Corpse_101017
101018	NHM_Citizen_101018
3386	NHM_Corpse_3386
3829	NHW_Corpse_3829
3840	NHW_Corpse_3840
3907	NHM_Corpse_Burn_3907
3908	NHM_Corpse_Burn_3908
4600	NTM_Teacher_Corpse_4600
4601	NTM_Teacher_Corpse_4601
4756	NHM_Corpse_4756
4748	NHM_Corpse_4748
4749	NHW_Corpse_4749
4925	NHM_Corpse_4925
4926	NHM_Corpse_4926
4927	NHM_Corpse_4927
4930	NHW_Corpse_4930
4931	NHW_Corpse_4931
14957	NOM_Corpse_14957
14958	NTM_Corpse_14958
102032	NHW_Corpse_102032
102033	NHW_Corpse_102033
113001	NHM_Citizen_Miner_OldDead_113001
113002	NHM_Citizen_Woodcutter_OldDead_113002
113003	NHW_Citizen_OldDead_113003
113004	NHW_Citizen_OldDead_113004
113005	NOM_Citizen_OldDead_113005
113006	NGM_Citizen_OldDead_113006
113008	NGM_Citizen_OldDead_113008
113009	NTM_Citizen_Miner_OldDead_113009
113010	NDM_Citizen_OldDead_113012
113011	NDW_Citizen_OldDead_113011
113012	NOW_Citizen_OldDead_113012
100132	NHM_Child_Corpse_100132
114001	NHM_Citizen_Miner_BurntCorpse_114001
114002	NHM_Citizen_Woodcutter_BurntCorpse_114002
114003	NHW_Citizen_BurntCorpse_114003
114004	NHW_Citizen_BurntCorpse_114004
114005	NOM_Citizen_BurntCorpse_114005
114006	NGM_Citizen_BurntCorpse_114006
114008	NGM_Citizen_BurntCorpse_114008
114009	NTM_Citizen_Miner_BurntCorpse_114009
114010	NDM_Citizen_BurntCorpse_114012
114011	NDW_Citizen_BurntCorpse_114011
114012	NOW_Citizen_BurntCorpse_114012
1001444	PHM_DeadBody_Skeleton_1
1001361	NGM_Corpse_31
1001368	NHW_Corpse_31
1001376	NHW_Corpse_32
1001584	NGW_Corpse_32
1001585	NGM_Citizen_BurntCorpse_31
1001587	NTM_Citizen_BurntCorpse_31
1001596	NOM_Citizen_BurntCorpse_31
1001653	NOW_Citizen_BurntCorpse_31
1001742	NDM_Citizen_BurntCorpse_31
1001760	NHM_Citizen_OldDead_31
1001763	NHM_Citizen_OldDead_32
1001764	NHW_Citizen_OldDead_31
1001775	NOM_Citizen_OldDead_31
1001789	NGM_Citizen_OldDead_31
1001796	NTM_Citizen_OldDead_31
1001798	NDM_Citizen_OldDead_31
1001799	NDW_Citizen_OldDead_31
1001847	NOW_Citizen_OldDead_31
1001848	NHM_Corpse_20
1001851	NGM_Corpse_21
1001858	NHW_Corpse_21
1001989	NHW_Corpse_22
1001990	NHM_Corpse_22
1001991	NHM_Corpse_23
1001992	NGM_Corpse_22
1001993	NHM_Citizen_BurntCorpse_21
1001994	NHM_Citizen_BurntCorpse_22
1001995	NHW_Citizen_BurntCorpse_21
1001996	NGM_Citizen_BurntCorpse_21
1001997	NTM_Citizen_BurntCorpse_21
1001998	NOM_Citizen_BurntCorpse_21
1001999	NOW_Citizen_BurntCorpse_21
1002000	NDM_Citizen_BurntCorpse_21
1002001	NHM_Citizen_OldDead_21
1002002	NHM_Citizen_OldDead_22
1002003	NHW_Citizen_OldDead_21
1002004	NOM_Citizen_OldDead_21
1002005	NGM_Citizen_OldDead_21
1002006	NTM_Citizen_OldDead_21
1002007	NDM_Citizen_OldDead_21
1002008	NDW_Citizen_OldDead_21
1002009	NOW_Citizen_OldDead_21
1002010	NHM_Corpse_1
1002011	NDM_Corpse_1
1002012	NOM_Corpse_1
1002013	NGM_Corpse_1
1002014	NHW_Corpse_1
1002015	NHW_Corpse_2
1002016	NDM_Corpse_2
1002017	NHM_Corpse_2
1002018	NHM_Corpse_3
1002019	NGM_Corpse_2
1002020	NHM_Citizen_BurntCorpse_1
1002021	NHM_Citizen_BurntCorpse_2
1002022	NHW_Citizen_BurntCorpse_1
1002023	NGM_Citizen_BurntCorpse_1
1002024	NTM_Citizen_BurntCorpse_1
1002025	NOM_Citizen_BurntCorpse_1
1002026	NOW_Citizen_BurntCorpse_1
1002027	NDM_Citizen_BurntCorpse_1
1002028	NHM_Citizen_OldDead_1
1002029	NHM_Citizen_OldDead_2
1002030	NHW_Citizen_OldDead_1
1002031	NOM_Citizen_OldDead_1
1002032	NGM_Citizen_OldDead_1
1002033	NTM_Citizen_OldDead_1
1002034	NDM_Citizen_OldDead_1
1002035	NDW_Citizen_OldDead_1
1002036	NOW_Citizen_OldDead_1
1002335	NHM_Citizen_Farmer_BackPack_20
1002336	NHM_Citizen_Farmer_BackPack_21
1002379	NHM_Citizen_Farmer_BackPack_50
1002337	NHM_Citizen_Farmer_BackPack_22
1002383	NHM_Citizen_Farmer_BackPack_23
1002385	NHM_Citizen_Farmer_BackPack_24
1002386	NHM_Citizen_Farmer_BackPack_25
1002338	NHM_Citizen_Farmer_BackPack_1
1002339	NHM_Citizen_Farmer_BackPack_2
1002340	NHM_Citizen_Farmer_BackPack_3
1002341	NHM_Citizen_Farmer_CatchGimmick_10
1002342	NHM_Citizen_Farmer_CatchGimmick_11
1002343	NHM_Citizen_Farmer_CatchGimmick_12
1002387	NHM_Citizen_Farmer_CatchGimmick_13
1002390	NHM_Citizen_Farmer_CatchGimmick_14
1002344	NHM_Citizen_Farmer_CatchGimmick_20
1002345	NHM_Citizen_Farmer_CatchGimmick_21
1002391	NHM_Citizen_Farmer_CatchGimmick_30
1002392	NHM_Citizen_Farmer_CatchGimmick_31
1002346	NHM_Citizen_Farmer_CatchGimmick_22
1002393	NHM_Citizen_Farmer_CatchGimmick_23
1002394	NHM_Citizen_Farmer_CatchGimmick_24
1002199	NHM_Citizen_Farmer_CatchGimmick_3502
1002324	NHM_Citizen_Farmer_CatchGimmick_3503
1002354	NHM_Citizen_Farmer_CatchGimmick_40
1002355	NHM_Citizen_Farmer_CatchGimmick_41
1002356	NHM_Citizen_Farmer_CatchGimmick_42
1002357	NHM_Citizen_Farmer_CatchGimmick_43
1002358	NHM_Citizen_Farmer_CatchGimmick_44
1002359	NHM_Citizen_Farmer_CatchGimmick_45
1002325	NHM_Citizen_Farmer_CatchGimmick_6453
1002326	NHM_Citizen_Farmer_CatchGimmick_11207
1002327	NHM_Citizen_Farmer_CatchGimmick_11206
1002395	NHM_Citizen_Farmer_CatchGimmick_11300
1002396	NHM_Citizen_Farmer_CatchGimmick_11301
1002397	NHM_Citizen_Farmer_CatchGimmick_11302
1002398	NHM_Citizen_Farmer_CatchGimmick_11303
1002328	NHM_Citizen_Farmer_CatchGimmick_11222
1002351	NHM_Citizen_Farmer_CatchGimmick_50
1002399	NHM_Citizen_Farmer_CatchGimmick_51
1002400	NHM_Citizen_Farmer_CatchGimmick_52
1002401	NHM_Citizen_Farmer_CatchGimmick_53
1002402	NHM_Citizen_Farmer_CatchGimmick_54
1002329	NHM_Citizen_Farmer_CatchGimmick_1
1001616	NHM_Citizen_HerbGatherer_CatchGimmick_3502
1002245	NHM_Citizen_HerbGatherer_CatchGimmick_3503
1002403	NHM_Citizen_HerbGatherer_CatchGimmick_40
1002404	NHM_Citizen_HerbGatherer_CatchGimmick_41
1002405	NHM_Citizen_HerbGatherer_CatchGimmick_42
1002406	NHM_Citizen_HerbGatherer_CatchGimmick_43
1002247	NHM_Citizen_HerbGatherer_CatchGimmick_6453
1002347	NHM_Citizen_HerbGatherer_CatchGimmick_30
1002348	NHM_Citizen_HerbGatherer_CatchGimmick_31
1002407	NHM_Citizen_HerbGatherer_CatchGimmick_32
1002408	NHM_Citizen_HerbGatherer_CatchGimmick_33
1002409	NHM_Citizen_HerbGatherer_CatchGimmick_34
1002248	NHM_Citizen_HerbGatherer_CatchGimmick_11207
1002249	NHM_Citizen_HerbGatherer_CatchGimmick_11206
1002410	NHM_Citizen_HerbGatherer_CatchGimmick_11300
1002411	NHM_Citizen_HerbGatherer_CatchGimmick_11301
1002412	NHM_Citizen_HerbGatherer_CatchGimmick_11302
1002414	NHM_Citizen_HerbGatherer_CatchGimmick_11303
1002318	NHM_Citizen_HerbGatherer_CatchGimmick_11222
1002352	NHM_Citizen_HerbGatherer_CatchGimmick_51
1002418	NHM_Citizen_HerbGatherer_CatchGimmick_52
1002420	NHM_Citizen_HerbGatherer_CatchGimmick_53
1002421	NHM_Citizen_HerbGatherer_CatchGimmick_54
1002422	NHM_Citizen_HerbGatherer_CatchGimmick_55
1002330	NHM_Citizen_HerbGatherer_CatchGimmick_1
1002331	NHM_Citizen_HerbGatherer_CatchGimmick_2
1002423	NHM_Citizen_HerbGatherer_CatchGimmick_20
1002425	NHM_Citizen_HerbGatherer_CatchGimmick_21
1002349	NHM_Citizen_HerbGatherer_CatchGimmick_3
1002353	NHM_Citizen_HerbGatherer_CatchGimmick_4
1002426	NHM_Citizen_HerbGatherer_CatchGimmick_5
1002427	NHM_Citizen_HerbGatherer_CatchGimmick_6
1001070	NHM_Seotda_Player
1001589	NHM_Seotda_Player_1
1001590	NHM_Noble_Seotda_Player_1
1001591	NHM_Seotda_Player_2
1001593	NHM_Seotda_Player_3
1001598	NHM_Noble_Seotda_Player_2
1001599	NHM_Seotda_Player_4
1001600	NHM_Seotda_Player_5
1001601	NHM_Noble_Seotda_Player_3
1001602	NHM_Seotda_Player_6
1001604	NHM_Seotda_Player_7
1001605	NHM_Seotda_Player_8
1001606	NHM_Seotda_Player_9
1001607	NHM_Seotda_Player_10
1001609	NHM_Seotda_Player_11
1003534	NHM_Seotda_Player_12
1003535	NHM_Seotda_Player_13
1001610	NHM_Wandering_Mercenary_Seotda_Player_1
1001611	NHM_Wandering_Mercenary_Seotda_Player_2
1001612	NHM_Wandering_Mercenary_Seotda_Player_3
1001619	NOM_Bandit_Seotda_TwoHandWarHammer
1002289	NHM_GameHost_1
1002290	NHM_GameHost_2
1002291	NHM_GameHost_3
1002292	NHM_GameHost_4
1002293	NHM_GameHost_5
1002294	NHM_GameHost_6
1002295	NHM_GameHost_7
1002296	NHM_GameHost_8
1002440	NHM_GameHost_9
1003580	NHM_GameHost_10
1003953	NHM_Antumbra_53108
1003954	NHM_Antumbra_53109
1003955	NHM_Antumbra_53110
1003956	NHM_Antumbra_53111
1003957	NHM_Antumbra_53112
1003958	NHM_Antumbra_53113
1004252	NHM_Quest_Kliff
1003982	NHM_Citizen_Farmer_ToolHayfork_170910
1003983	NHM_Citizen_Farmer_ToolRake_170911
1003984	NHM_Citizen_Farmer_ToolHoe_170912
1003985	NHM_Citizen_Farmer_ToolHayfork_170913
1003986	NHM_Citizen_Farmer_ToolRake_170914
400	NHM_Unique_Macduff_TwoHandSword_400
1004088	NHM_Unique_Pailunese_Kliff
404	NHW_Unique_Damian_OneHandRapier_404
406	NHM_Unique_Oongka_TwoHandAxe_406
445	NHM_Unique_Oongka_TwoHandAxe_445
411	NHM_Unique_Ziane_TwoHandSword_411
402	NHM_Unique_Yann_DualDagger_402
1001067	NHM_Unique_Buddhist_Shay_DeputyChief_Monk
403	NHM_Unique_Caliburn_DualAxe_403
412	NHW_Unique_Nairah_DualSword_412
1000212	NHW_Unique_Lucia_Catchfire_Forest
435	NHW_Unique_Azureian_435
443	NHM_Unique_Yann_DualDagger_443
444	NHW_Unique_Nairah_DualSword_444
459	NHM_Unique_Emir_459
460	NHM_Unique_FredericFelix_460
1001576	NHM_Unique_FredericFelix_461
1001578	NHM_Unique_Loppet_0002
497	NHM_Unique_Arken_497
499	NHW_Unique_Arken_Brother_499
1002114	NHM_Unique_Marni_Devotee_12_5
1001165	NTM_Unique_Provost_1
544	NHM_Citizen_544
1001946	NHM_Unique_Faust_576
1000380	NHM_Unique_Citizen_3050
1000502	NHM_Unique_William_Middler_621
621	NHM_Unique_Yann_DualDagger_621
1002110	NHM_Unique_Greyfur_Dead
1000	NHM_Unique_Servant_1000
1003523	NHM_Unique_Servant_1100
3001	NHW_Unique_Tanya_3001
3019	NHM_Unique_Daniel_Celeste_3017
0	Gimmick_Bag_00_Socket
1000522	NHM_Unique_treasurebox_Backpack_5
1001787	NHM_Unique_treasurebox_Backpack_6
1902	NHM_Unique_Teacher_1902
3094	NHM_Unique_Dave_3094
3252	NHM_Citizen_Scholar_3252
1003987	NHM_Citizen_IronwingRENX_Scholar_1
1000202	NHW_Unique_Isabella_9794
12901	NGM_Unique_ZaperYesilwaha_12901
1002488	NHM_Unique_Joffel_1
1002195	NHW_Unique_Citizen_3647
1001928	NHM_Unique_Antoni_13559
1003975	NHM_Unique_Soldiers_OneHandSword_53220
1001902	NHM_Unique_Pyotr_1
1003976	NHM_Unique_Soldiers_OneHandMusket_53433
1001957	NHM_Unique_Miguel_1
1001958	NHM_Unique_Torgil_1
1001624	NOM_Unique_Bassam_1
1001961	NHM_Unique_Edmund_1
1001963	NHM_Unique_Asbjorn_1
1002477	NHM_Unique_Lukas_100171
1001779	NHW_Unique_kidnapped_Girl_4102
1000895	NHW_Unique_Vera_9948
1000994	NHW_Unique_Citizen_3646
1001374	NHW_Unique_Goodness_Witch_1
1003566	NHW_Unique_Marcella_103002
1003567	NHW_Unique_Memory_Marcella_103002
1000954	NHM_Unique_RoyalSupply_120002
1000960	NHM_Unique_RoyalSupply_120003
1000972	NHM_Unique_RoyalSupply_120004
1000973	NHM_Unique_RoyalSupply_120005
3136	NHM_Unique_Berman_3136
3220	NHM_Unique_Guard_3220
3309	NHM_Unique_Ellimoor_3309
3310	NHM_Unique_Quack_Doctor_3310
3311	NHM_Unique_Greedy_Low_ranking_Noble_3311
3312	NHM_Unique_Pseudo_Noble_3312
3475	NHM_Unique_Beggar_3475
1002490	NHM_Unique_Natah_1
1001069	NHM_Unique_BeggarLeader
1001344	NHM_Unique_Monk_Asylum_3326
4021	NHW_Unique_Bard_4021
9502	NHM_Unique_Addicted_Person_9502
9503	NHM_Unique_Addicted_Person_9503
9504	NHM_Unique_Addicted_Person_9504
9505	NHM_Unique_Addicted_Person_9505
9506	NHM_Unique_Addicted_Person_9506
3081	NHM_Marni_Devotee_3081
1002299	NHM_Unique_ReedDevil_Patient_1
100114	NHM_Soldier_TwoHandSpear_100114
102853	NHM_Unique_Beggar_Murderer_102853
1001089	NHM_Unique_Grace_Family_3043
1002317	NHM_Unique_GraceServant_3045
3402	NHM_Unique_HeartportCeleste_3402
3558	NHM_Unique_Werner_3558
3627	NHW_Unique_Tessie_3627
3763	NHW_Unique_Oldman_3763
3914	NHM_Unique_Pierre_3914
4629	NTM_Unique_Grundir_4629
9808	NHM_Unique_Willer_9808
3611	NHW_Witch_3611
3624	NHW_Witch_3624
3758	NHW_Witch_3758
1001083	NHM_Unique_EdwordThorel_1
1000286	NHM_Knowledge_Seeking_Scholar
1000416	NHM_Unique_Alfonso_1
1000794	NHM_GoldenMaskMan_RealMarni
1000218	NHW_Divided_Crow_1
1002491	NHM_Unique_Olvald_1
1001255	NHM_Unique_Wagon_Village_Chief_1
1002167	NHM_Unique_Caldus
1001252	NHM_Unique_Nordri_1
1002492	NTM_Unique_Wemblen_1
1001253	NDEM_Unique_Henry_1
1002493	NHM_Unique_Ruknadin_1
1001291	NHM_Unique_Theobald_1
1001290	NHM_Unique_Bjorn_1
1001341	NHM_Unique_Bernardus_1
1002495	NHM_Unique_Jarad_1
1002496	NTM_Unique_Brollam_1
1002497	NHM_Unique_Arhan_1
1001621	NHM_Unique_Contact_23
1001622	NHM_Unique_Contact_24
1001966	NHM_Unique_Qayar
1001967	NHW_Unique_Mira
1001969	NHW_Unique_Cordelia
1001973	NHM_Unique_Alaric
1001975	NHM_Unique_Brynn
1001976	NHM_Unique_Janta
1001978	NGM_Unique_Gruntoka
1002415	NDM_Unique_Durnan
1002416	NHW_Unique_Mirella
1002417	NHM_Unique_Karim
1002428	NHM_Unique_Agnarr
1002429	NHM_Unique_Majru
1002431	NHM_Unique_Fadul
1003070	NHW_Unique_Veronica_1
1000544	NHM_Unique_Zakril
1000554	MON_Unique_MarniOilRigManager
1000555	MON_Unique_ChocolateFactoryManager
1000558	MON_Unique_MarniLabAssistant
1000567	MON_Unique_MarniAirLabCaptain
1000571	MON_Unique_ValvegardWallFortCaptain
1000573	MON_Unique_MarniMechFactoryManager
1000578	MON_Unique_MarnisOutposCaptain
1001110	NHM_Unique_CropThief
1000418	NHM_Unique_Armand
1001068	NHM_Unique_Aslan
1001058	NHM_Unique_Groom
1001460	NHM_Noble_3038_1
1000011	NHM_Unique_Champion_TwoHandSword_1
1003631	NHM_Unique_Champion_OneHandSword_5
1003632	NHM_Unique_Champion_OneHandSword_6
1003514	NHM_Unique_Champion_TwoHandSword_2
1003602	NHM_Unique_Champion_Bow_1
1003623	NHM_Unique_Champion_OneHandMusket_1
1003624	NHM_Unique_Champion_OneHandAxe_1
1003625	NHM_Unique_Champion_OneHandMace_1
1003626	NHM_Unique_Champion_OneHandSword_1
1003627	NHM_Unique_Champion_TwoHandSpear_1
1003628	NHM_Unique_Champion_SwordShield_1
1003629	NHM_Unique_Champion_OneHandSword_2
1000250	NHM_Unique_Clemens
1000530	NHM_Unique_Gared
1000533	NHM_Unique_Rodrick
1003971	NHM_RuinedChapel_Corpse_1
408	NHM_Unique_Plais_SwordShield_408
1002487	NHM_Unique_Patuno_12260
401	NHM_Unique_Ziane_TwoHandSword_401
1001074	NHM_Unique_Sven_DualAxe_407
413	NHW_Unique_Elnoa_OneHandBow_413
415	NHW_Unique_Alida_415
418	NHW_Unique_Nornen_418
419	NHW_Unique_Salvia_OneHandDagger_419
425	NHM_Unique_Weasel_OneHandDagger_425
426	NHW_Unique_Raiovin_TwoHandSpear_426
427	NHW_Unique_Devota_427
428	NHW_Unique_Hallet_428
429	NHW_Unique_Lucia_429
430	NHW_Unique_Mengum_430
432	NHM_Unique_Paulus_DualAxe_432
102857	NHM_Citizen_102857
1003593	NHM_Demeniss_Noble_Unique_1
1003819	NDM_Technician_kukuIcemoorCastleRuins
1003820	NHM_Noble_CollectionBox
1003950	NHM_Unique_Antumbra_Archbishop_10
102087	NHM_Unique_Nita_102087
1003016	NHM_Unique_Stone_Flint
1000926	NHM_Unique_Bernor
1003635	NHM_Unique_Mineral_Stone_1
1003636	NHM_Unique_Mineral_Stone_2
200010254	NHM_Unique_Turnuli_200010254
1001738	NHM_Unique_Geoffroi_200010254
1000409	NHM_Unique_Thibault_200010254
1000908	NHM_Unique_Henri_200010254
1000913	NHM_Unique_Rainier_200010254
1001838	NHM_Unique_Samir_200010254
1000971	NHM_Unique_Beighen_000
200130004	NDM_Unique_Grimnir_200130004
441	NTM_Unique_Rhett_441
492	NTM_Unique_Kata_492
1000563	NTM_Unique_Khorn_492
493	NTM_Unique_Gonthyr_493
1000688	NTM_Unique_Gorio_493
1001762	NTM_Unique_Bargul_493
472	NTM_Unique_Timmyr_472
1000930	NTM_Unique_Bruknar_3414
1001837	NTM_Unique_Omar_3414
100026	NTM_Unique_Lior_100026
1000695	NTM_Unique_Yjork_100186
1001080	NTM_Unique_Gurbit
1003637	NTM_Unique_weapon_store_1
1003638	NTM_Unique_weapon_store_2
1003639	NTM_Unique_weapon_store_3
1003640	NTM_Unique_weapon_store_4
1003761	NTM_Unique_weapon_store_5
1003762	NTM_Unique_weapon_store_6
1003073	NHM_Unique_Contribution_0001
1000808	NTM_Unique_Citizen_Contribution
1003075	NHM_Unique_Contribution_2001
1001475	NHM_Unique_Contribution_2002
1003067	NHM_Unique_Contribution_2003
1003076	NHM_Unique_Contribution_3001
1003077	NHM_Unique_Contribution_4001
1003078	NHM_Unique_Contribution_5001
1003079	NHM_Unique_Contribution_6001
1000956	NHM_Unique_Anselm_100150
450	NOW_Unique_Raine_450
516	NOW_Unique_Terinand_516
519	NOW_Unique_Mariana_519
3410	NOW_Merchant_Butcher_3410
4914	NOW_Unique_Nancy_4914
1001081	NDW_Unique_Mokash
1003527	NOW_Unique_Leone
1003641	NOW_Unique_Butcher_1
1000951	NDEM_Unique_NH_GrainHart
1001072	NDEM_Unique_NH_Harveston
1001073	NDEM_Unique_NH_Merrigrain
451	NDEM_Unique_Delkin_451
473	NDEM_Unique_Solham_473
487	NDEM_Unique_Palga_487
1000974	NDEM_Unique_Beihen_000
164020	NDEM_Unique_Baris_164020
1000901	NDEM_Unique_Elowen_3411
1001842	NDEM_Unique_Khalid_451
100027	NDEM_Unique_Doni_100027
1003642	NDEM_Unique_Grocery_Store_1
1003643	NDEM_Unique_Grocery_Store_2
453	NDM_Unique_Bran_453
1001016	NDM_Unique_Eldmor_488
517	NDM_Unique_Lenard_517
5463	NDM_Unique_Bran_5463
5464	NDM_Unique_Marin_5464
1000963	NDM_Unique_Gloin_5464
1003644	NDM_Unique_Leather_Store_1
1000388	NDM_Unique_Airship_Merchant_1
1000196	NTM_Unique_Helmut_492
1000505	NTM_Unique_Charon_492
6030	NTM_Unique_Forex_6030
1003749	NTM_Unique_Common_Store_1
467	NDW_Unique_Retonic_467
475	NDW_Unique_Drianna_475
5543	NDW_Unique_Fiona_5543
5544	NDW_Unique_Randel_5544
1000948	NDW_Unique_Aldred_8438
1000949	NDW_Unique_Arinna_8438
1000385	NDW_Unique_Zara_8438
1000696	NDW_Unique_Anbella_100187
1000677	NDW_Unique_Bruna_100187
1002274	NHM_Unique_Fishing
1002275	NHM_Unique_Fishing_2
1002276	NHM_Unique_Fishing_3
1002277	NHM_Unique_Fishing_4
1002278	NHM_Unique_Fishing_5
1002279	NHM_Unique_Fishing_6
1002280	NHM_Unique_Fishing_7
1001951	NHM_Unique_Fishing_8
1002281	NHM_Unique_Fishing_9
1002282	NHM_Unique_Fishing_10
1002283	NHM_Unique_Fishing_11
1002284	NHM_Unique_Fishing_12
1002285	NHM_Unique_Fishing_13
1002286	NHM_Unique_Fishing_14
1002287	NHM_Unique_Fishing_15
1003646	NHM_Unique_Fishing_16
1003647	NHM_Unique_Fishing_17
3409	NHM_Unique_Merton_3409
1000896	NHM_Unique_Oswin_3409
4019	NHM_Unique_Mogdal_4019
6032	NHM_Unique_Brontol_6032
12102	NHM_Unique_Shiora_12102
1000242	NHM_Merchant_Faisal_12103
100040	NHM_Unique_Linbald_100040
1001739	NHW_Unique_Linda_485
524	NHW_Unique_Aeba_524
3839	NHW_Merchant_Inn_3839
4009	NHW_Unique_Dahlia_4009
1000943	NHW_Unique_Matilda_4009
1000944	NHW_Unique_Gwendolyn_4009
1000698	NOW_Unique_Grana_100190
1001840	NHW_Unique_Fatima_4009
1003648	NHW_Unique_inn_1
1003649	NHW_Unique_inn_2
486	NHW_Unique_Orlonel_486
1002943	NHW_Unique_Eliza_486
1003015	NHW_Unique_Mariel_486
496	NHW_Unique_Lora_496
3842	NHW_Unique_Martina_3842
4011	NHW_Unique_Tina_4011
1000945	NHW_Unique_Adelina_4011
1000946	NHW_Unique_Beatrice_4011
1001839	NHW_Unique_Noor_4011
1003650	NHW_Unique_Clothing_Store_1
102084	NHM_Unique_Magnus_102084
494	NHM_Unique_RonHardt_494
530	NHM_Unique_Kike_530
3412	NHM_Unique_Aldun_3412
1000899	NHM_Unique_Berdo_3412
1000902	NHM_Unique_Ratko_3412
1000922	NHM_Unique_Peregrine_3412
1000784	NHM_Unique_Khadin_3412
1001841	NHM_Unique_Khadija_12107
100028	NHM_Unique_Maiden_100028
1000513	NHM_Unique_Richart_494
1003652	NHM_Unique_General_Store_2
1003653	NHM_Unique_General_Store_3
1003654	NHM_Unique_General_Store_4
1003655	NHM_Unique_General_Store_5
1003656	NHM_Unique_General_Store_6
1003763	NHM_Unique_General_Store_7
1002242	NTM_Unique_Goorba_1
1002243	NTM_Unique_Goorba_2
1002244	NTM_Unique_Goorba_3
1002246	NTM_Unique_Goorba_5
1002250	NTM_Unique_Goorba_9
1002252	NTM_Unique_Goorba_11
1001921	NHM_Unique_Food_Trader_1
1001925	NHM_Unique_Mineral_Trader_1
1001926	NHM_Unique_Timber_Trader_1
528	NHM_Unique_Esperd_528
1002424	NHM_Unique_Herbert_528
1001000	NHM_Unique_Thomas_3418
1000514	NGM_Unique_Zarkon_200090023
200090023	NGM_Unique_Ugmum_200090023
1002474	NGM_Unique_Grundak_200090023
1002475	NGM_Unique_Sniks_200090023
1003072	NGM_Unique_Nolpix_200090023
1003095	NTM_Unique_Trollmag_3418
1003096	NTM_Unique_Skaldar_528
1000186	NHW_Unique_Shay_Research
1000641	NHM_Unique_Provost_1
1000643	Orc_Unique_Provost_2
1000667	NHM_Unique_Provost_3
1000675	NHM_Unique_Provost_4
1003080	NGM_Unique_Grux_200090023
1003081	NGM_Unique_Krog_200090023
1003082	NGM_Unique_Burk_200090023
1003083	NGM_Unique_Frox_200090023
1003084	NGM_Unique_Shirg_200090023
1002259	NGM_Unique_Darok_200090023
1003657	NGM_Unique_Black_Market_1
537	NGM_Unique_Eigrin_537
1000933	NGM_Unique_Slywick_104004
1001456	NGM_Unique_Radulf_4804
1001540	NGM_Unique_Grimrak_104004
1001579	NGM_Unique_Grizzle_104004
1001580	NGM_Unique_Thrak_104004
1000993	NGM_Unique_Smore_104004
1001582	NGM_Unique_Krag_104004
1001583	NGM_Unique_Vrek_104004
1001586	NGM_Unique_Slink_104004
1001588	NGM_Unique_Vex_104004
1001100	NGM_Unique_Skint_104004
1003658	NGM_Unique_smuggler_1
1003659	NGM_Unique_smuggler_2
1003660	NGM_Unique_smuggler_3
1001857	NHM_Unique_Edmund_13558
1001859	NHM_Unique_Baldwin_13558
1001849	NHM_Unique_Junak_13558
1001860	NHM_Unique_Philip_13558
1001865	NHM_Unique_Theoric
1001745	NHM_Unique_Montpellier_706
1001863	NHM_Unique_Edmar
1001864	NHM_Unique_Leonar
1001867	NHM_Unique_Castiel
1001866	NHM_Unique_Lauric
1001868	NHM_Unique_Roendel
1001869	NHM_Unique_Alteron
1001871	NHM_Unique_Cormar
1002094	NPDM_Unique_Dverick
1001685	NHM_Unique_Dog_Pet_Store
1000702	NHW_Unique_Cat_Pet_Store
1002938	NHW_Unique_power_Witch_Store
1002939	NHW_Unique_Wisdom_Witch_Store
1002940	NHW_Unique_Goodness_Witch_Store
1002941	NHW_Unique_Modesty_Witch_Store
1001369	NHW_Unique_power_Witch_1
102037	NHW_Unique_Kloso_102037
102038	NHW_Unique_Lakisis_102038
102039	NHW_Unique_Blynhilde_102039
102040	NHW_Unique_Ia_102040
102041	NHW_Unique_Rin_102041
102042	NHW_Unique_Hedin_102042
102043	NHW_Unique_Freya_102043
102044	NHW_Unique_Afronia_102044
1001091	NHW_Unique_WitchBari_102045
102046	NHW_Unique_Meliara_102046
102047	NHW_Unique_Astrid_102047
9021	NHM_Merchant_Wanderer_9021
1003001	NGM_Merchant_Wanderer_9178
3631	NHM_Unique_Patrigio_3631
1000028	Gimmick_Bag_00_Socket
1003973	NHM_Citizen_9422
1002046	NHM_Stallholder_1
1003822	NHM_Stallholder_1_01
1003823	NHM_Stallholder_1_02
1003824	NHM_Stallholder_1_03
1003825	NHM_Stallholder_1_04
1003826	NHM_Stallholder_1_05
1003827	NHM_Stallholder_1_06
1003828	NHM_Stallholder_1_07
1003829	NHM_Stallholder_1_08
1003830	NHM_Stallholder_1_09
1003831	NHM_Stallholder_1_10
1003832	NHM_Stallholder_1_11
1003833	NHM_Stallholder_1_12
1003834	NHM_Stallholder_1_13
1003835	NHM_Stallholder_1_14
1003836	NHM_Stallholder_1_15
1002063	NHM_Stallholder_2
1003837	NHM_Stallholder_2_01
1003838	NHM_Stallholder_2_02
1003839	NHM_Stallholder_2_03
1003840	NHM_Stallholder_2_04
1003841	NHM_Stallholder_2_05
1003842	NHM_Stallholder_2_06
1003843	NHM_Stallholder_2_07
1003844	NHM_Stallholder_2_08
1003845	NHM_Stallholder_2_09
1003846	NHM_Stallholder_2_10
1003847	NHM_Stallholder_2_11
1003848	NHM_Stallholder_2_12
1002064	NHM_Stallholder_3
1003849	NHM_Stallholder_3_01
1003850	NHM_Stallholder_3_02
1003851	NHM_Stallholder_3_03
1003852	NHM_Stallholder_3_04
1003853	NHM_Stallholder_3_05
1003854	NHM_Stallholder_3_06
1003855	NHM_Stallholder_3_07
1003856	NHM_Stallholder_3_08
1003857	NHM_Stallholder_3_09
1003858	NHM_Stallholder_3_10
1003859	NHM_Stallholder_3_11
1003860	NHM_Stallholder_3_12
1003861	NHM_Stallholder_3_13
1003862	NHM_Stallholder_3_14
1003863	NHM_Stallholder_3_15
1003864	NHM_Stallholder_3_16
1003865	NHM_Stallholder_3_17
1002102	NHM_Stallholder_5
1003866	NHM_Stallholder_5_01
1003867	NHM_Stallholder_5_02
1003868	NHM_Stallholder_5_03
1003869	NHM_Stallholder_5_04
1002103	NHM_Stallholder_6
1003870	NHM_Stallholder_6_01
1003871	NHM_Stallholder_6_02
1003872	NHM_Stallholder_6_03
1002123	NHM_Stallholder_7
1003873	NHM_Stallholder_7_01
1002124	NHM_Stallholder_8
1003874	NHM_Stallholder_8_01
1002125	NHM_Stallholder_9
1003875	NHM_Stallholder_9_01
1001011	NHM_Edmond_1
1001048	NHM_Vincent_1
1001049	NHM_Colin_1
1001050	NHM_Eirik_1
1003662	NHM_Furniture_Store_2
1003663	NHM_Unique_supplies_Store_1
1001861	NHM_Unique_Roger_3409
1001862	NHM_Unique_Stephen_3409
1004420	NHM_Unique_Devella
1004433	NHM_Unique_Vanacil
1004421	NHM_Unique_Murray
1004422	NHM_Unique_Batone
1004423	NHM_Unique_Nasr
102067	NHM_Unique_Keinon_102067
3438	NHM_Unique_Alfred_3438
6024	NHM_Merchant_ReligiousFacility_6024
100150	NHM_Unique_Gabriel_100150
1000955	NHM_Unique_Bartholomew_100150
1000957	NHM_Unique_Eustace_100150
1000958	NHM_Unique_Benedict_100150
100151	NHM_Unique_Yohan_100151
1000699	NHM_Unique_Forex_100191
1001531	NHM_Unique_Grimtok_4812
1001595	NHM_Unique_Wells_Brigade_Throk_54483
4950	NHM_Unique_Grimtok_4950
4799	NOM_Unique_Benjamin_4799
1001603	NHM_Unique_Contact_5
1001608	NHM_Unique_Contact_10
1001656	NHM_Unique_Contact_58
1001275	NHM_Unique_Contact_1
1001380	NHM_Unique_Contact_4
1001657	NHM_Unique_Contact_59
704	NHM_Unique_Carl_704
631	NHM_Unique_Ronnie_631
1001844	NHM_Unique_Russo_622
1001094	NHM_Unique_Tranan_700
706	NHM_Unique_Ethan_706
703	NHM_Unique_Martin_703
637	NHM_Unique_Ed_637
1001095	NHM_Unique_Diederik_636
1000168	NHM_Unique_Oliver_649
1001389	NHM_Unique_Eric_708
707	NOM_Unique_Kamu_707
1003127	NHM_Unique_Ben_707
1001097	NHM_Unique_Brice_701
1002978	NHM_Unique_Connor_423
628	NHM_Unique_Alec_628
1002080	NHM_Unique_GreyFur_Bram
1002081	NHM_Unique_GreyFur_Richard
1002082	NHM_Unique_GreyFur_Gunnar
1003126	NHM_Unique_Berna_Jorulluwadi_13557
1000512	NHM_Unique_Wagon_Village_Chief_13557
1002168	NHM_Unique_Lionel
1001845	NHM_Unique_Hugh_13557
1001846	NHM_Unique_Simon_13557
1002996	NHM_Unique_Lederson_12101
1000919	NHM_Unique_painting_merchant_1
1000924	NHM_Unique_Bismuth_merchant_1
1003664	NHM_Unique_Bismuth_merchant_2
1001003	NHM_Unique_UnyieldingShields_SupplySoldier_1
1000497	NHM_Unique_Elemore_Shop_01
1003876	NHM_Unique_Her_BridlefernFarm_Owner
1003877	NHM_Unique_Cal_CalphadeFarm_Owner
1003878	NHM_Unique_Her_FlowerDustBeeFarm_Owner
1003879	NHM_Unique_Her_GlenbrightFarm_Owner
1003880	NHM_Unique_Her_NectarwoodBeeFarm_Owner
1003881	NHM_Unique_Kwe_SkoghornFarm_Owner
1003882	NHM_Unique_Dem_LacusFarm_Owner
1003883	NHM_Unique_Dem_CanalsideFarm_Owner
1003884	NHM_Unique_Dem_RustleleafFarm_Owner
1003885	NHM_Unique_Dem_PurringtonFarm_Owner
1003886	NHM_Unique_Dem_HayscentFarm_Owner
1003887	NHM_Unique_Dem_IronwoodFarm_Owner
1003888	NHM_Unique_Dem_GreenfieldFarm_Owner
1003889	NHM_Unique_Dem_ClearBellFarm_Owner
1003890	NHM_Unique_Dem_StonewellFarm_Owner
1003891	NHM_Unique_Dem_HoneywoodBeeFarm_Owner
1003892	NHM_Unique_Dem_SpringdaleFarm_Owner
1003893	NHM_Unique_Dem_SlopeseedFarm_Owner
1003894	NHM_Unique_Dem_SundellFarm_Owner
1003895	NHM_Unique_Dem_SunharvestFarm_Owner
1003896	NHM_Unique_Dem_SeedrowFarm_Owner
1003897	NHM_Unique_Dem_GreenpondFarm_Owner
1003898	NHM_Unique_Dem_HayroofFarm_Owner
1003899	NHM_Unique_Dem_WhitemillFarm_Owner
1003900	NHM_Unique_Del_FullharvestFarm_Owner
1003901	NHM_Unique_Del_WindroseFarm_Owner
1003902	NHM_Unique_Del_CornfieldFarm_Owner
1003903	NHM_Unique_Neut_CacaoFarm_Owner
1003904	NHM_Unique_Crim_WatermelonFarm_Owner
1003905	NHM_Unique_Crim_RedRockFarm_Owner
1003906	NHM_Unique_Her_SunsetVillage_Owner
1003907	NHM_Unique_Her_VelluaVillage_Owner
1003908	NHM_Unique_Her_Saddlecap_Owner
1003909	NHM_Unique_Kwe_SvinholtRanch_Owner
1004032	NHW_Unique_Jasper
1004419	NHM_Unique_Bassian
1004090	NHM_Street_Trader_1
1004091	NHM_Street_Trader_2
1004092	NHM_Street_Trader_3
1004093	NHM_Street_Trader_4
1004094	NHM_Street_Trader_5
1004095	NHM_Street_Trader_6
1004096	NHM_Street_Trader_7
1004097	NHM_Street_Trader_8
1004098	NHM_Street_Trader_9
1004099	NHM_Street_Trader_10
1004100	NHM_Street_Trader_11
1004101	NHM_Street_Trader_12
1004102	NHM_Street_Trader_13
1004103	NHM_Street_Trader_14
1004104	NHM_Street_Trader_15
1004105	NHM_Street_Trader_16
1004106	NHM_Street_Trader_17
1004107	NHM_Street_Trader_18
1004108	NHM_Street_Trader_19
1004109	NHM_Street_Trader_20
1004110	NHM_Street_Trader_21
1004111	NHM_Street_Trader_22
1004112	NHM_Street_Trader_23
1004113	NHM_Street_Trader_24
1004114	NHM_Street_Trader_25
1004115	NHM_Street_Trader_26
1004116	NHM_Street_Trader_27
1004117	NHM_Street_Trader_28
1004118	NHM_Street_Trader_29
1004119	NHM_Street_Trader_30
1004120	NHM_Street_Trader_31
1004121	NHM_Street_Trader_32
1004122	NHM_Street_Trader_33
1004123	NHM_Street_Trader_34
1004124	NHM_Street_Trader_35
1004125	NHM_Street_Trader_36
1004126	NHM_Street_Trader_37
1004127	NHM_Street_Trader_38
1004128	NHM_Street_Trader_39
1004129	NHM_Street_Trader_40
1004130	NHM_Street_Trader_41
1004131	NHM_Street_Trader_42
1004132	NHM_Street_Trader_43
1004133	NHM_Street_Trader_44
1004134	NHM_Street_Trader_45
1004135	NHM_Street_Trader_46
1004136	NHM_Street_Trader_47
1004137	NHM_Street_Trader_48
1004138	NHM_Street_Trader_49
1004139	NHM_Street_Trader_50
1004140	NHM_Street_Trader_51
1004141	NHM_Street_Trader_52
1004142	NHM_Street_Trader_53
1004144	NHM_Street_Trader_54
1004145	NHM_Street_Trader_55
1004146	NHM_Street_Trader_56
1004147	NHM_Street_Trader_57
1004148	NHM_Street_Trader_58
1004149	NHM_Street_Trader_59
1004150	NHM_Street_Trader_60
1004151	NHM_Street_Trader_61
1004152	NHM_Street_Trader_62
1004153	NHM_Street_Trader_63
1004154	NHM_Street_Trader_64
1004155	NHM_Street_Trader_65
1004156	NHM_Street_Trader_66
1004157	NHM_Street_Trader_67
1004158	NHM_Street_Trader_68
1004159	NHM_Street_Trader_69
1004160	NHM_Street_Trader_70
1004161	NHM_Street_Trader_71
1004162	NHM_Street_Trader_72
1004163	NHM_Street_Trader_73
1004164	NHM_Street_Trader_74
1004165	NHM_Street_Trader_75
1004166	NHM_Street_Trader_76
1004167	NHM_Street_Trader_77
1004168	NHM_Street_Trader_78
1004169	NHM_Street_Trader_79
1004170	NHM_Street_Trader_80
1004171	NHM_Street_Trader_81
1004172	NHM_Street_Trader_82
1004173	NHM_Street_Trader_83
1004174	NHM_Street_Trader_84
1004175	NHM_Street_Trader_85
1004176	NHM_Street_Trader_86
1004177	NHM_Street_Trader_87
1004178	NHM_Street_Trader_88
1004179	NHM_Street_Trader_89
1004180	NHM_Street_Trader_90
1004181	NHM_Street_Trader_91
1004182	NHM_Street_Trader_92
1004183	NHM_Street_Trader_93
1004184	NHM_Street_Trader_94
1004185	NHM_Street_Trader_95
1004186	NHM_Street_Trader_96
1004187	NHM_Street_Trader_97
1004188	NHM_Street_Trader_98
1004189	NHM_Street_Trader_99
1004190	NHM_Street_Trader_100
1004191	NHM_Street_Trader_101
1004192	NHM_Street_Trader_102
1004193	NHM_Street_Trader_103
1004194	NHM_Street_Trader_104
1004195	NHM_Street_Trader_105
1004196	NHM_Street_Trader_106
1004197	NHM_Street_Trader_107
1004198	NHM_Street_Trader_108
1004199	NHM_Street_Trader_109
1004200	NHM_Street_Trader_110
1004201	NHM_Street_Trader_111
1004202	NHM_Street_Trader_112
1004203	NHM_Street_Trader_113
1004204	NHM_Street_Trader_114
1004205	NHM_Street_Trader_115
1004206	NHM_Street_Trader_116
1004207	NHM_Street_Trader_117
1004208	NHM_Street_Trader_118
1004209	NHM_Street_Trader_119
1004210	NHM_Street_Trader_120
1004211	NHM_Street_Trader_121
1004212	NHM_Street_Trader_122
1004213	NHM_Street_Trader_123
1004214	NHM_Street_Trader_124
1004215	NHM_Street_Trader_125
1004216	NHM_Street_Trader_126
1004217	NHM_Street_Trader_127
1004218	NHM_Street_Trader_128
1004219	NHM_Street_Trader_129
1004220	NHM_Street_Trader_130
1004221	NHM_Street_Trader_131
1004222	NHM_Street_Trader_132
1004223	NHM_Street_Trader_133
30048	Animal_Bear_Wild_30048
30191	Animal_Domestic_Bear_Domestic_30191
30111	Animal_Grizzly_Bear_Wild_30111
30108	Animal_Black_Bear_Wild_30108
30116	Animal_Ride_Bear_Wild_30116
1000270	Riding_Bear_1
1000022	Animal_Trained_Bear_59006
31153	Animal_Baby_Bear_Wild_31153
31154	Animal_Baby_Black_Bear_Wild_31154
31155	Animal_Baby_White_Bear_Wild_31155
31156	Animal_Baby_Gray_Bear_Wild_31156
30018	Animal_Wolf_Wild_30018
2504	Riding_Wolf_2083
30033	Animal_White_Wolf_Wild_30033
1000023	Animal_Trained_Wolf_59004
1000538	Animal_Wolf_Summon
1002302	Animal_Wolf_Clone
1000392	Animal_LegendWolf_Summon
1001009	Animal_Wolf_Wild_30019
1003995	Animal_Wolf_Wild_30020
1003996	Animal_Wolf_Wild_30021
1003997	Animal_Wolf_Wild_30022
1003998	Animal_Wolf_Wild_30023
1003999	Animal_Wolf_Wild_30024
1004000	Animal_Wolf_Wild_30025
1004001	Animal_Wolf_Wild_30026
1004002	Animal_Wolf_Wild_30027
1004003	Animal_Wolf_Wild_30028
1004004	Animal_Wolf_Wild_30029
1004005	Animal_Wolf_Wild_30030
1004006	Animal_Wolf_Wild_30031
1004007	Animal_Wolf_Wild_30032
1004008	Animal_Wolf_Wild_30033
1004009	Animal_Wolf_Wild_30034
1003769	Animal_White_Wolf_Wild_30034
1004010	Animal_White_Wolf_Wild_30035
1000264	Riding_Wolf_1
1004011	Riding_Wolf_2
1004012	Riding_Wolf_3
1004013	Riding_Wolf_4
1004014	Riding_Wolf_5
1004015	Riding_Wolf_6
30043	Animal_Hyena_Wild_30043
30376	Animal_Ride_Wild_30376
30378	Animal_Ride_Wild_30378
39016	Animal_Baby_Hyena_Wild_39016
1000540	Animal_Hyena_Summon
30374	Animal_Lion_Wild_30374
1003792	Animal_Lion_Domestic_30374
1002316	Animal_Lion_Circus_32349
1001077	Animal_Tiger_Wild_1
30375	Animal_Lioness_Wild_30375
1003793	Animal_Lioness_Domestic_30375
32286	Animal_Puma_Wild_32286
32287	Animal_DarkPuma_Wild_32287
31427	Animal_Coyote_Wild_31427
30076	Animal_Leopard_Wild_30076
1003791	Animal_Leopard_Domestic_30076
31194	Animal_Dog_Wild_31194
32279	Animal_Dog_Wild_32279
1001768	Animal_Sick_GreatDane_Wild_1
1000178	Animal_Righteous_Arrows_Dog_31195
1001594	Animal_Dog_Wild_31196
1002038	Animal_BleedBlade_Dog_1
1002039	Animal_LonelyJackal_Dog_1
1002040	Animal_DemenissMP_Dog_1
1000298	Animal_Caliburn_Dog_Wild
31195	Animal_Dog_Wild_31195
30031	Animal_Deer_Wild_30031
32216	Animal_Deer_Domestic_32216
30032	Animal_Female_Deer_Wild_30032
32341	Animal_Female_Deer_Domestic_32341
32256	Animal_Baby_Deer_Wild_32256
32880	Animal_Baby_Deer_Domestic_32880
30035	Animal_Gazelle_Wild_30035
1003801	Animal_Gazelle_Domestic_30035
30096	Animal_Female_Gazelle_Wild_30096
1003802	Animal_Female_Gazelle_Domestic_30096
30097	Animal_Baby_Gazelle_Wild_30097
1003803	Animal_Baby_Gazelle_Domestic_30097
30163	Animal_Roedeer_Wild_30163
32384	Animal_Female_Roedeer_Wild_32384
32385	Animal_Baby_Roedeer_Wild_32385
1001614	Animal_WaterDeer_Wild_30164
31469	Animal_Moose_Wild_31469
32382	Animal_Female_Moose_Wild_32382
32383	Animal_Baby_Moose_Wild_32383
32161	Animal_Antelope_Wild_32161
32388	Animal_Female_Antelope_Wild_32388
32258	Animal_Baby_Antelope_Wild_32258
32173	Animal_Wapiti_Wild_32173
32177	Animal_Female_Wapiti_Wild_32177
32178	Animal_Baby_Wapiti_Wild_32178
32245	Animal_PronghornDeer_Wild_32245
32374	Animal_Female_PronghornDeer_Wild_32374
32375	Animal_Baby_PronghornDeer_Wild_32375
30169	Animal_Reindeer_Wild_30169
32376	Animal_Female_ReinDeer_Wild_32376
32377	Animal_Baby_ReinDeer_Wild_32377
30170	Animal_Arctic_ReinDeer_Wild_30170
32378	Animal_Female_Arctic_ReinDeer_Wild_32378
32379	Animal_Baby_Arctic_ReinDeer_Wild_32379
32894	Animal_White_Stag_32894
33126	Animal_ReinDeer_Wild_33126
33127	Animal_DeerFemale_Wild_33127
33128	Animal_DeerBaby_Wild_33128
1000977	Animal_MilkCow_Domestic_30028
1001017	Animal_MilkCow_Wild_32215
1001056	Animal_MilkCow_Domestic_32308
1001059	Animal_MilkCow_Wild_32310
32399	Animal_Baby_MilkCow_Domestic_32399
1003764	Animal_Baby_MilkCow_Domestic_Sale_32399
32343	Animal_Rope_SpotBull_Domestic_32343
30074	Animal_Bison_Wild_30074
30083	Animal_LongHair_Bison_Wild_30083
30093	Animal_Female_Bison_Wild_30093
30098	Animal_Bison_Domestic_30098
30099	Animal_Female_Bison_Domestic_30099
32257	Animal_Baby_Bison_Wild_32257
32268	Animal_Baby_Bison_Domestic_32268
30034	Animal_Bull_Domestic_30034
30110	Animal_Baby_Bull_Wild_30110
32217	Animal_Bull_Wild_32217
32263	Animal_Baby_Bull_Domestic_32263
32322	Animal_Female_Bull_Wild_32322
32342	Animal_Bull_Domestic_Bagpack_32342
32412	Animal_machinery_Bull_Domestic_Bagpack_32412
32414	Animal_Merchant_Bull_Domestic_Bagpack_32414
32413	Animal_weapon_Bull_Domestic_Bagpack_32413
290523	Gimmick_bag_01_Socket
1004829	Gimmick_bag_02_Socket
101122	Gimmick_bag_04_Socket
101135	Gimmick_bag_06_Socket
290017	Gimmick_bag_15_Socket
290091	Gimmick_bag_17_Socket
32415	Animal_Bottle_Bull_Domestic_Bagpack_32415
32416	Animal_clothe_Bull_Domestic_Bagpack_32416
104015	Gimmick_bag_03_Socket
104073	Gimmick_bag_04_Socket
104106	Gimmick_bag_05_Socket
2104033	Gimmick_bag_06_Socket
2104042	Gimmick_bag_07_Socket
2104039	Gimmick_bag_08_Socket
104154	Gimmick_bag_09_Socket
104161	Gimmick_bag_10_Socket
2104040	Gimmick_bag_11_Socket
1000810	Gimmick_bag_12_Socket
32417	Animal_art_Bull_Domestic_Bagpack_32417
32895	Animal_Giant_Bull_32895
1001478	Animal_Giant_Bull_Domestic_1
1000408	Animal_Water_Buffalo_Wild_1
32223	Animal_Hamish_Wild_32223
32259	Animal_Baby_Hamish_Wild_32259
32260	Animal_Female_Hamish_Wild_32260
32398	Animal_Female_Hamish_Domestic_32398
32246	Animal_Longhorn_Wild_32246
32396	Animal_Female_Longhorn_Wild_32396
32397	Animal_Baby_Longhorn_Wild_32397
1001783	Animal_Longhorn_Domestic_1
1001784	Animal_Female_Longhorn_Domestic_1
1001785	Animal_Baby_Longhorn_Domestic_1
32214	Animal_Goat_Wild_32214
30027	Animal_Goat_Domestic_30027
1003105	Animal_GoatFemale_Wild_1
1003106	Animal_GoatFemale_Domestic_1
32262	Animal_Kid_Wild_32262
30109	Animal_Kid_Domestic_30109
1003765	Animal_Kid_Domestic_Sale_30109
32302	Animal_Goat_Domestic_32302
30040	Animal_MountainGoat_Wild_30040
32389	Animal_Female_MountainGoat_Wild_32389
32390	Animal_Baby_MountainGoat_Wild_32390
32255	Animal_Snow_Mountain_Goat_Wild_32255
1003804	Animal_Snow_Mountain_Goat_Domestic_32255
32391	Animal_Female_Snow_Mountain_Goat_Wild_32391
1003805	Animal_Female_Snow_Mountain_Goat_Domestic_32391
32392	Animal_Baby_Snow_Mountain_Goat_Wild_32392
32213	Animal_Sheep_Wild_32213
1003107	Animal_SheepFemale_Wild_1
30026	Animal_Sheep_Domestic_30026
1003108	Animal_SheepFemale_Domestic_1
31178	Animal_Lamb_Domestic_31178
32220	Animal_Lamb_Wild_32220
1003766	Animal_Lamb_Domestic_Sale_31178
30044	Animal_Sheep_Domestic_30044
32254	Animal_DesertBigHornSheep_Wild_32254
32393	Animal_Female_DesertBigHornSheep_Wild_32393
32394	Animal_Baby_DesertBigHornSheep_Wild_32394
32212	Animal_Pig_Wild_32212
30025	Animal_Pig_Domestic_30025
1003111	Animal_PigFemale_Wild_1
1003112	Animal_PigFemale_Domestic_1
32219	Animal_Baby_Pig_Wild_32219
30114	Animal_Baby_Pig_Domestic_30114
1003767	Animal_Baby_Pig_Domestic_Sale_30114
30030	Animal_Wild_Boar_Wild_30030
30192	Animal_Domestic_Wild_Boar_Domestic_30192
32345	Animal_Baby_Boar_Wild_32345
32244	Animal_CollaredPeccary_Wild_32244
32253	Animal_Warthog_Wild_32253
32264	Animal_Warthogbaby_Wild_32264
30270	Animal_Ride_Battle_Boar_30270
1001613	Animal_Ride_Battle_Boar_1
1000491	Riding_Warthog_1
30271	Animal_Ride_Battle_Boar_30271
1004016	Animal_Ride_Battle_Boar_30272
1004017	Animal_Ride_Battle_Boar_30273
1004018	Animal_Ride_Battle_Boar_30274
1004019	Animal_Ride_Battle_Boar_30275
1004020	Animal_Ride_Battle_Boar_30276
30067	Animal_Camel_Wild_30067
30106	Animal_Camel_Domestic_30106
32386	Animal_Female_Camel_Wild_32386
32387	Animal_Baby_Camel_Wild_32387
32418	Animal_machinery_Camel_Domestic_Bagpack_32418
32419	Animal_weapon_Camel_Domestic_Bagpack_32419
310018	Gimmick_Bag_15_Socket
380501	Gimmick_Bag_16_Socket
32420	Animal_Merchant_Camel_Domestic_Bagpack_32420
32421	Animal_Bottle_Camel_Domestic_Bagpack_32421
1001455	Gimmick_bag_01_Socket
1001466	Gimmick_bag_02_Socket
1001686	Gimmick_bag_03_Socket
1001463	Gimmick_bag_04_Socket
1001477	Gimmick_bag_05_Socket
32422	Animal_clothe_Camel_Domestic_Bagpack_32422
103047	Gimmick_bag_13_Socket
103033	Gimmick_bag_14_Socket
1000809	Gimmick_bag_15_Socket
32423	Animal_art_Camel_Domestic_Bagpack_32423
30199	Animal_BactrianCamel_Wild_30199
30200	Animal_BactrianCamel_Domestic_30200
30052	Animal_Crocodile_Wild_30052
32373	Animal_Giant_Crocodile_Wild_32373
1003794	Animal_Crocodile_Domestic_30052
1003795	Animal_Giant_Crocodile_Domestic_32373
30054	Animal_Hippo_Wild_30054
32350	Animal_Hippo_Sircus_32350
30262	Animal_Rhino_Wild_30262
32351	Animal_Rhino_Sircus_32351
30144	Animal_Battle_Rhinoceros_30144
30053	Animal_Elephant_Wild_30053
1003806	Animal_Elephant_Domestic_30053
30198	Animal_Elephant_Wild_30198
1002315	Animal_AlpineIbex_10
31357	Animal_Lumif_Wild_31357
32501	Animal_Lumif_Wild_32501
32502	Animal_Lumif_Wild_32502
32503	Animal_Lumif_Wild_32503
32504	Animal_Lumif_Wild_32504
32505	Animal_Lumif_Wild_32505
1003538	Animal_Lumif_Wild_32506
1003539	Animal_Lumif_Wild_32507
1003540	Animal_Lumif_Wild_32508
1003541	Animal_Lumif_Wild_32509
31470	Animal_Lumif_Domestic_31470
32506	Animal_Lumif_Domestic_32506
32507	Animal_Lumif_Domestic_32507
32508	Animal_Lumif_Domestic_32508
32509	Animal_Lumif_Domestic_32509
32510	Animal_Lumif_Domestic_32510
31487	Animal_Lumif_Domestic_Saddle_31487
32511	Animal_Lumif_Domestic_Saddle_32511
32512	Animal_Lumif_Domestic_Saddle_32512
32513	Animal_Lumif_Domestic_Saddle_32513
32514	Animal_Lumif_Domestic_Saddle_32514
32515	Animal_Lumif_Domestic_Saddle_32515
1001414	Animal_Lumif_Domestic_WagonConnecter_32609
1001415	Animal_Lumif_Domestic_WagonConnecter_32610
1001416	Animal_Lumif_Domestic_WagonConnecter_32611
1001417	Animal_Lumif_Domestic_WagonConnecter_32612
1001418	Animal_Lumif_Domestic_WagonConnecter_32613
1001419	Animal_Lumif_Domestic_WagonConnecter_32614
32800	Animal_Lumif_Domestic_Bagpack_32800
32814	Animal_Lumif_Domestic_Bagpack_32814
32816	Animal_Lumif_Domestic_Bagpack_32816
32818	Animal_Lumif_Domestic_Bagpack_32818
32815	Animal_Lumif_Domestic_Bagpack_32815
32817	Animal_Lumif_Domestic_Bagpack_32817
1001382	Animal_Lumif_Domestic_Bagpack_Trade_1
32960	Animal_Lumif_Domestic_HorseArmor_32960
1001680	Animal_Lumif_Domestic_Wells_HorseArmor_1
32961	Animal_Lumif_Domestic_HorseArmor_32961
1001443	Animal_Lumif_Domestic_Demeniss_HorseArmor_1
1001448	Animal_Lumif_Domestic_Delesian_HorseArmor_2
1000892	Animal_Lumif_Domestic_Delesian_HorseArmor_1
32962	Animal_Lumif_Domestic_HorseArmor_32962
1003565	Animal_Lumif_Domestic_HorseArmor_1
31364	Animal_Stefano_Wild_31364
32516	Animal_Stefero_Wild_32516
32517	Animal_Stefero_Wild_32517
32518	Animal_Stefero_Wild_32518
32519	Animal_Stefero_Wild_32519
32520	Animal_Stefero_Wild_32520
1003542	Animal_Stefero_Wild_32521
1003543	Animal_Stefero_Wild_32522
32521	Animal_Stefero_Domestic_32521
32522	Animal_Stefero_Domestic_32522
32523	Animal_Stefero_Domestic_32523
32524	Animal_Stefero_Domestic_32524
32525	Animal_Stefero_Domestic_32525
31476	Animal_Stefano_Domestic_31476
31493	Animal_Stefano_Domestic_Saddle_31493
32526	Animal_Stefero_Domestic_Saddle_32526
32527	Animal_Stefero_Domestic_Saddle_32527
32528	Animal_Stefero_Domestic_Saddle_32528
32529	Animal_Stefero_Domestic_Saddle_32529
32530	Animal_Stefero_Domestic_Saddle_32530
32801	Animal_Stefero_Domestic_Bagpack_32801
32819	Animal_Stefero_Domestic_Bagpack_32819
32820	Animal_Stefero_Domestic_Bagpack_32820
32821	Animal_Stefero_Domestic_Bagpack_32821
32822	Animal_Stefero_Domestic_Bagpack_32822
32823	Animal_Stefero_Domestic_Bagpack_32823
1001383	Animal_Stefero_Domestic_Bagpack_Trade_1
1001420	Animal_Stefano_Domestic_WagonConnecter_31493
1001421	Animal_Stefero_Domestic_WagonConnecter_32526
1001422	Animal_Stefero_Domestic_WagonConnecter_32527
1001423	Animal_Stefero_Domestic_WagonConnecter_32528
1001424	Animal_Stefero_Domestic_WagonConnecter_32529
1001425	Animal_Stefero_Domestic_WagonConnecter_32530
31370	Animal_Davrella_Wild_31370
32531	Animal_Davrella_Wild_32531
32532	Animal_Davrella_Wild_32532
32533	Animal_Davrella_Wild_32533
32534	Animal_Davrella_Wild_32534
32535	Animal_Davrella_Wild_32535
32606	Animal_Davrella_Wild_32606
32607	Animal_Davrella_Wild_32607
32537	Animal_Davrella_Domestic_32537
32538	Animal_Davrella_Domestic_32538
32539	Animal_Davrella_Domestic_32539
32540	Animal_Davrella_Domestic_32540
31482	Animal_Davrella_Domestic_31482
31499	Animal_Davrella_Domestic_Saddle_31499
32541	Animal_Davrella_Domestic_Saddle_32541
32542	Animal_Davrella_Domestic_Saddle_32542
32543	Animal_Davrella_Domestic_Saddle_32543
32544	Animal_Davrella_Domestic_Saddle_32544
32545	Animal_Davrella_Domestic_Saddle_32545
1001426	Animal_Davrella_Domestic_WagonConnecter_32622
1001427	Animal_Davrella_Domestic_WagonConnecter_32623
1001428	Animal_Davrella_Domestic_WagonConnecter_32624
1001429	Animal_Davrella_Domestic_WagonConnecter_32625
1001430	Animal_Davrella_Domestic_WagonConnecter_32626
32802	Animal_Davrella_Domestic_Bagpack_32802
32824	Animal_Davrella_Domestic_Bagpack_32824
32825	Animal_Davrella_Domestic_Bagpack_32825
32826	Animal_Davrella_Domestic_Bagpack_32826
32827	Animal_Davrella_Domestic_Bagpack_32827
32828	Animal_Davrella_Domestic_Bagpack_32828
1001384	Animal_Davrella_Domestic_Bagpack_Trade_1
31373	Animal_Phuket_Wild_31373
32546	Animal_Pukret_Wild_32546
1000390	Animal_Pukret_Wild_32547
32548	Animal_Pukret_Wild_32548
32549	Animal_Pukret_Wild_32549
32550	Animal_Pukret_Wild_32550
31485	Animal_Phuket_Domestic_31485
32552	Animal_Pukret_Domestic_32552
32553	Animal_Pukret_Domestic_32553
32554	Animal_Pukret_Domestic_32554
31502	Animal_Phuket_Domestic_Saddle_31502
32556	Animal_Pukret_Domestic_Saddle_32556
32557	Animal_Pukret_Domestic_Saddle_32557
32558	Animal_Pukret_Domestic_Saddle_32558
32559	Animal_Pukret_Domestic_Saddle_32559
32560	Animal_Pukret_Domestic_Saddle_32560
1001431	Animal_Phuket_Domestic_WagonConnecter_32627
1001432	Animal_Pukret_Domestic_WagonConnecter_32628
1001433	Animal_Pukret_Domestic_WagonConnecter_32629
1001434	Animal_Pukret_Domestic_WagonConnecter_32630
1001435	Animal_Pukret_Domestic_WagonConnecter_32631
1001436	Animal_Pukret_Domestic_WagonConnecter_32632
32803	Animal_Pukret_Domestic_Bagpack_32803
32829	Animal_Pukret_Domestic_Bagpack_32829
32830	Animal_Pukret_Domestic_Bagpack_32830
32831	Animal_Pukret_Domestic_Bagpack_32831
32832	Animal_Pukret_Domestic_Bagpack_32832
32833	Animal_Pukret_Domestic_Bagpack_32833
1001385	Animal_Pukret_Domestic_Bagpack_Trade_1
32340	Animal_Ayut_Wild_32340
32591	Animal_Ayut_Wild_32591
32592	Animal_Ayut_Wild_32592
32593	Animal_Ayut_Wild_32593
32594	Animal_Ayut_Wild_32594
32595	Animal_Ayut_Wild_32595
32596	Animal_Ayut_Domestic_32596
32597	Animal_Ayut_Domestic_32597
32337	Animal_Ayut_Domestic_32337
32348	Animal_Ayut_Domestic_Saddle_32348
32601	Animal_Ayut_Domestic_Saddle_32601
32602	Animal_Ayut_Domestic_Saddle_32602
32603	Animal_Ayut_Domestic_Saddle_32603
32604	Animal_Ayut_Domestic_Saddle_32604
32605	Animal_Ayut_Domestic_Saddle_32605
1001437	Animal_Ayut_Domestic_WagonConnecter_32348
1001438	Animal_Ayut_Domestic_WagonConnecter_32601
1001439	Animal_Ayut_Domestic_WagonConnecter_32602
1001440	Animal_Ayut_Domestic_WagonConnecter_32603
1001441	Animal_Ayut_Domestic_WagonConnecter_32604
1001442	Animal_Ayut_Domestic_WagonConnecter_32605
32806	Animal_Ayut_Domestic_Bagpack_32806
32844	Animal_Ayut_Domestic_Bagpack_32844
32845	Animal_Ayut_Domestic_Bagpack_32845
32846	Animal_Ayut_Domestic_Bagpack_32846
32847	Animal_Ayut_Domestic_Bagpack_32847
32848	Animal_Ayut_Domestic_Bagpack_32848
1001386	Animal_Ayut_Domestic_Bagpack_Trade_1
30006	Animal_Scolt_Wild_30006
30036	Animal_Baby_Donkey_Domestic_30036
30037	Animal_Donkey_Domestic_30037
30077	Animal_Donkey_Domestic_30077
31486	Animal_Donkey_Domestic_31486
32849	Animal_Donkey_Domestic_32849
32850	Animal_Donkey_Domestic_32850
32851	Animal_Donkey_Domestic_32851
32852	Animal_Donkey_Domestic_32852
32807	Animal_Donkey_Domestic_Bagpack_32807
32808	Animal_Donkey_Domestic_Bagpack_32808
32809	Animal_Donkey_Domestic_Bagpack_32809
32810	Animal_Donkey_Domestic_Bagpack_32810
32811	Animal_Donkey_Domestic_Bagpack_32811
32812	Animal_Donkey_Domestic_Bagpack_32812
32813	Animal_Donkey_Domestic_Bagpack_32813
32855	Animal_Donkey_Domestic_Bagpack_32855
32856	Animal_Donkey_Domestic_Bagpack_32856
32857	Animal_Donkey_Domestic_Bagpack_32857
32858	Animal_Donkey_Domestic_Bagpack_32858
32859	Animal_Donkey_Domestic_Bagpack_32859
32860	Animal_Donkey_Domestic_Bagpack_32860
32861	Animal_Donkey_Domestic_Bagpack_32861
32862	Animal_Donkey_Domestic_Bagpack_32862
32863	Animal_Donkey_Domestic_Bagpack_32863
32864	Animal_Donkey_Domestic_Bagpack_32864
32865	Animal_Donkey_Domestic_Bagpack_32865
32866	Animal_Donkey_Domestic_Bagpack_32866
32867	Animal_Donkey_Domestic_Bagpack_32867
32868	Animal_Donkey_Domestic_Bagpack_32868
32869	Animal_Donkey_Domestic_Bagpack_32869
32870	Animal_Donkey_Domestic_Bagpack_32870
32871	Animal_Donkey_Domestic_Bagpack_32871
32872	Animal_Donkey_Domestic_Bagpack_32872
32873	Animal_Donkey_Domestic_Bagpack_32873
32874	Animal_Donkey_Domestic_Bagpack_32874
32875	Animal_Donkey_Domestic_Bagpack_32875
32876	Animal_Donkey_Domestic_Bagpack_32876
32877	Animal_Donkey_Domestic_Bagpack_32877
32878	Animal_Donkey_Domestic_Bagpack_32878
1003978	Animal_Donkey_Domestic_Bagpack_32879
30055	Animal_Rat_Wild_30055
1003940	Animal_Rat_Wild_30056
1003941	Animal_Rat_Wild_30057
1003942	Animal_Rat_Wild_30058
30140	Animal_Muskrat_Wild_30140
30138	Animal_Possum_Wild_30138
32410	Animal_Mole_Wild_32410
1000812	Animal_Baby_Hedgehog_Wild_1
30143	Animal_Frog_Wild_30143
30193	Animal_TreeFrog_Wild_30193
30145	Animal_Frog_Wild_30145
1003943	Animal_Frog_Wild_30146
1003944	Animal_Frog_Wild_30147
32431	Animal_BurrowingToad_Wild_32431
1003945	Animal_BurrowingToad_Wild_32432
1003946	Animal_BurrowingToad_Wild_32433
32428	Animal_Giant_Salamander_Wild_32428
32429	Animal_Salamander_Wild_32429
32430	Animal_Axolotl_Wild_32430
1003947	Animal_Axolotl_Wild_32431
1003948	Animal_Axolotl_Wild_32432
31404	Animal_Goanna_Wild_31404
30069	Animal_Iguana_Wild_30069
1003594	Animal_Chameleon_Wild_30070
30122	Animal_Hila_Lizard_Wild_30122
1000980	Animal_Frilled_Lizard_Wild_1
32281	Animal_KomodoDragon_Wild_32281
31515	Animal_Cobra_Wild_31515
31405	Animal_Desert_Snake_Wild_31405
30062	Animal_Rattlesnake_Wild_30062
32401	Animal_Bad_Rattlesnake_Wild_32401
32402	Animal_Blacktail_Rattlesnake_Wild_32402
32403	Animal_Timber_Rattlesnake_Wild_32403
32407	Animal_RedTail_anaconda_Wild_32407
32408	Animal_Rainbow_anaconda_Wild_32408
32409	Animal_Sunglow_anaconda_Wild_32409
32406	Animal_South_CopperHead_Wild_32406
32404	Animal_North_CopperHead_Wild_32404
32405	Animal_Lancehead_Wild_32405
1001381	Animal_Insect_Rhinoceros_Beetle
1002177	Animal_Insect_Beetle
1002178	Animal_Insect_Stag_Beetle
1002181	Animal_Insect_Longhorn_Beetle
1002182	Animal_Insect_Jewel_Beetle
1001167	Animal_Insect_GrassHopper
1000852	Animal_Insect_Centipede
1000853	Animal_Insect_Black_Centipede
1000885	Animal_Insect_Cockroach
1000856	Animal_Insect_Camel_Cricket
1000857	Animal_Insect_House_Centipede
1002179	Animal_Insect_Silkworm_Moth
1002180	Animal_Insect_Luna_Moth
1000781	Animal_Insect_Dragonfly
30051	Animal_Scorpion_Wild_30051
1000887	Animal_Spider_Wild_1
1000907	Animal_Insect_Banana_Spider
1000909	Animal_Insect_Diadem_Spider
1000925	Animal_Insect_Snail
1000787	Animal_Insect_Gnat
1000998	Animal_Insect_GnatWide
1000969	Animal_Insect_firefly
1001051	Animal_Insect_Moth
1000886	Animal_Insect_Butterfly
1001151	Animal_Insect_Eastern_Tiger_Swallowtail
1001153	Animal_Insect_Ornythion_Swallowtail
1001163	Animal_Insect_Spicebush_Swallowtail
1001164	Animal_Insect_Pipevine_Swallowtail
1001166	Animal_Insect_Polydamas_Swallowtail
1001174	Animal_Insect_Zebra_Swallowtail
1001177	Animal_Insect_Orange_Barred_Sulphur
1001179	Animal_Insect_Sleepy_Orange
1001220	Animal_Insect_White_M_Hairstreak
1001222	Animal_Insect_Great_Purple_Hairstreak
1001237	Animal_Insect_Common_Buckeye
1001251	Animal_Insect_Eastern_Tailed_Blue
1001256	Animal_Insect_Little_Metalmark
1001257	Animal_Insect_Zebra_Heliconian
1001258	Animal_Insect_Tiger_Mimic_Queen
1001262	Animal_Insect_Diana_Fritillary
1001263	Animal_Insect_Crimson_Patch
1001264	Animal_Insect_White_Peacock
1001265	Animal_Insect_Banded_Peacock
1001267	Animal_Insect_Malachite
1001268	Animal_Insect_Rusty_Tipped_Page
1001364	Animal_Insect_Myscelia_Ethusa
1001283	Animal_Insect_Monarch
1001284	Animal_Insect_Red_Spotted_Purple
1001293	Animal_Insect_Ruddy_Daggerwing
1001337	Animal_Insect_Guava_Skipper
1001365	Animal_Insect_Kallima_Inachus
1001340	Animal_Insect_Blue_Pansy_Butterfly
1001345	Animal_Insect_Common_Nawab
1001346	Animal_Insect_Common_Green_Birdwing
1001347	Animal_Insect_88_Butterfly
1001359	Animal_Insect_Colias_Nastes
1001363	Animal_Insect_Lycaena_Phlaeas
1001250	Animal_Insect_Grizzled_Skipper
1001335	Animal_Insect_Little_Wood_Satyr
1001243	Animal_Insect_Milbert_Tortoiseshell
1001246	Animal_Insect_Eastern_Comma
1001247	Animal_Insect_Lustrous_Copper
1001248	Animal_Insect_Blue_Copper
1001261	Animal_Insect_Regal_Fritillary
1001279	Animal_Insect_Painted_Lady
1001282	Animal_Insect_Viceroy
1001339	Animal_Insect_Purple_Emperor
1001356	Animal_Insect_Neophasia_Terlooii
1001176	Animal_Insect_Checkered_White
1001204	Animal_Insect_Desert_Orange_tip
1001360	Animal_Insect_Hypaurotis_Crysalus
1001254	Animal_Insect_Theona_Checkerspot
1000811	Animal_Insect_JijeongLeaf_Insect
1000942	Animal_RatsSwarm
1000953	Animal_SpiderSwarm
1000964	Animal_GrassHopperSwarm
1000965	Animal_CrowSwarm
1000966	Animal_CrowSwarm_Dome
1001139	Animal_Insect_Bee
1001147	Animal_Insect_Hornet
1001148	Animal_Insect_Bumblebee
1002062	Animal_Insect_firefly_cluster
1000782	Animal_Insect_Sea_Slater
1001240	Animal_Insect_Lobster
1000786	Animal_RiceFish
1000905	Animal_WaterStrider
1001713	Animal_Insect_Crab
1000372	Animal_Insect_StarFish
1001239	Animal_Insect_Shrimp
1001241	Animal_Insect_Seahorse
1001242	Animal_Insect_Squid
1000779	Animal_Insect_river_Crab
15672	Object_Piranha_15672
30015	Animal_Rooster_Domestic_30015
30023	Animal_Hen_Domestic_30023
30004	Animal_Hairless_Rooster_Domestic_30004
30080	Animal_Chick_Domestic_30080
30156	Animal_KukuBird_Wild_30156
1003807	Animal_KukuBird_Domestic_30156
1000795	Animal_Dodo_Bird_Wild_1
1000796	Animal_Turkey_Wild_1
1004227	Animal_TurkeyFemale_Wild_1
1004228	Animal_TurkeyBaby_Wild_1
1000806	Animal_Galapagos_Cormorant_Wild_1
1000858	Animal_Cassowary_Wild_1
1000937	Animal_Emu_Wild_1
1001372	Animal_Emu_Chick_Wild_1
1000938	Animal_Elephant_Bird_Wild_1
1000940	Animal_Genyornis_Wild_1
30151	Animal_Domestic_Duck_Domestic_30151
1003109	Animal_Domestic_DuckFemale_Domestic_1
32269	Animal_Duckling_Domestic_32269
1003768	Animal_Duckling_Domestic_Sale_32269
31423	Animal_Domestic_Goose_31423
30057	Animal_Common_Heron_Wild_30057
1001832	Animal_Common_RedCrownedCrane_Wild_30058
30085	Animal_Spoonbill_Wild_30085
1003797	Animal_Spoonbill_Domestic_30085
30086	Animal_Flamingos_Wild_30086
1003798	Animal_Flamingos_Domestic_30086
1000798	Animal_Machine_Eagle_Domestic_1
1000302	Animal_Eagle_Domestic_1
1003808	Animal_Parrot_Domestic_30082
1003809	Animal_EclectusParrot_Domestic_32881
1003921	Animal_EclectusParrot_Domestic_32882
1003810	Animal_SunConure_Domestic_32882
1003922	Animal_SunConure_Domestic_32883
1003811	Animal_SpixsMacaw_Domestic_32884
1003923	Animal_SpixsMacaw_Domestic_32885
1003812	Animal_RoseringedParakeet_Domestic_32885
1003924	Animal_RoseringedParakeet_Domestic_32886
1003813	Animal_CitronCockatoo_Domestic_32886
1003925	Animal_CitronCockatoo_Domestic_32887
1003814	Animal_Condor_Domestic_31415
1002494	Animal_Crow_Wild_30121
1000008	Animal_Angry_Crow_31503
1000306	Animal_Crow_Domestic_1
1000511	Animal_WhiteCrow_Wild_1
1001149	Animal_Pigeon_Domestic_30081
1001052	Animal_Pigeon_Domestic_30082
1001979	Animal_Pigeon_Domestic_30083
1001980	Animal_Pigeon_Domestic_30084
1003661	Animal_Pigeon_Domestic_30085
1003821	Animal_Pigeon_Domestic_30086
33125	Animal_Crow_Wild_33125
1000389	Animal_Small_BlackbrowBleak_Fish_Wild_1
1000391	Animal_Small_BaliOgluChub_Fish_Wild_1
1000393	Animal_Small_Schneider_Fish_Wild_1
1001183	Animal_Small_Sammy_Fish_Wild_1
1001185	Animal_Small_Beyaz_Fish_Wild_1
1001193	Animal_Small_Mudfish_Fish_Wild_1
1001244	Animal_Normal_Dover_Sole_Wild_1
1001939	Animal_Normal_Mackerel_Wild_1
1001669	Animal_Normal_Benjari_Wild_1
1001192	Animal_Normal_Tench_Wild_1
1001216	Animal_Normal_Perch_Wild_1
1001217	Animal_Normal_Bass_Wild_1
1001218	Animal_Normal_Yellow_Bass_Wild_1
1001227	Animal_Normal_Golden_mandarinFish_Wild_1
1001228	Animal_Normal_Crucian_Carp_Wild_1
1001788	Animal_Middle_Red_Seabream_Wild_1
1001797	Animal_Middle_BlackSeaBream_Wild_1
1001800	Animal_Middle_Red_Snapper_Wild_1
1001936	Animal_Middle_Rock_Bream_Wild_1
1001949	Animal_Middle_Cuvier_Wild_1
1001965	Animal_Middle_Salmon_Wild_1
1001968	Animal_Middle_Sockeye_Salmon_Wild_1
1001191	Animal_Middle_Pikefish_Wild_1
1001971	Animal_Middle_Trout_Wild_1
1002470	Animal_Middle_Carp_Wild_1
1001200	Animal_Middle_Catfish_Wild_1
1001208	Animal_Middle_Lenok_Wild_1
1001210	Animal_Middle_Burbot_Wild_1
39105	Animal_Giant_MudFish_Wild_39105
39104	Animal_RedOpaleye_Wild_39104
39111	Animal_FootballFish_Wild_39111
1001974	Animal_Big_Eel_Wild_1
39103	Animal_PagrusMajor_Wild_39103
1001977	Animal_Big_Sturgeon_Wild_1
35234	Animal_Electric_Eel_Wild_35234
1001945	Animal_VeryBig_Marlin_Wild_1
39106	Animal_SailFish_Wild_39106
39101	Animal_PaddleFish_Wild_39101
39102	Animal_SevenGill_Wild_39102
32300	Animal_Caretta_Wild_32300
1004224	Animal_GreenSea_Wild_32301
1004225	Animal_OliveRidley_Wild_32302
1004226	Animal_Hawksbill_Wild_32303
1001479	Animal_Bear_DeadBody_Skeleton_1
1000694	Animal_Bear_DeadBody_1
33106	Animal_Wolf_Wild_33106
1003068	Animal_Wolf_DeadBody_1
1001472	Animal_Wolf_DeadBody_Skeleton_1
1003069	Animal_Baby_Deer_DeadBody_Wild_1
33107	Animal_Deer_Wild_33107
1001404	Animal_Deer_DeadBody_Rotten_1
1001405	Animal_Deer_DeadBody_Skeleton_2
33130	Animal_Dead_Bison_Wild_33130
1001410	Animal_Dead_Bison_DeadBody_Rotten_1
1001474	Animal_Bison_DeadBody_Skeleton_1
33129	Animal_Dead_Bull_Wild_33129
1001411	Animal_Bull_DeadBody_Rotten_1
33103	Animal_Goat_Wild_33103
1001409	Animal_Goat_DeadBody_Rotten_1
1001473	Animal_Goat_DeadBody_Skeleton_1
33102	Animal_Wild_Boar_Wild_33102
1001408	Animal_Wild_Boar_DeadBody_Rotten_1
33111	Animal_Camel_Wild_33111
33104	Animal_Hedgehog_Domestic_33104
33101	Animal_Pigeon_Wild_33101
33123	Animal_Eagle_Wild_33123
33121	Animal_Condor_Wild_33121
33122	Animal_Crow_Wild_33122
33124	Animal_Crocodile_Wild_33124
1001343	Animal_Dune_Coelacanth
1001353	Animal_Dune_Golden_Coelacanth
39107	Animal_GoldenTench_Wild_39107
39109	Animal_GoldenCarp_Wild_39109
35223	Animal_Marni_MachineFish_Wild_35223
1000190	Animal_BlueWhale_Wild_35018
30161	Animal_White_Bear_Wild_30161
31377	Animal_White_Horse_Wild_31377
31378	Animal_Black_Horse_Wild_31378
31379	Animal_RedHare_Horse_Wild_31379
39001	Animal_Unique_PureWhite_Deer_39001
39002	Animal_Unique_Vined_Deer_39002
39003	Animal_Unique_Black_Lion_39003
39004	Animal_Unique_White_Lion_39004
1002303	Animal_White_Tiger_Wild_1
39005	Animal_Unique_PureWhite_Bion_39005
39006	Animal_Unique_White_Moose_39006
39007	Animal_Unique_White_Crocodile_39007
39008	Animal_Unique_White_Stag_39008
39009	Animal_Unique_Giant_Bull_39009
39011	Animal_Unique_RedRiverPig_39011
39013	Animal_Unique_SilverFangs_Wolf_39013
1002565	Animal_Unique_Leebur_39012
1000906	Animal_BossHyenaSkevald_32425
1003972	Animal_WildSpirit_Boar_1
1003974	Animal_WildSpirit_BoarBaby_1
1000520	Riding_Wolf_Boss
1003120	Riding_Horse_Tiuta_Unique_2050_kliff
1001120	Animal_Stefero_Domestic_Saddle_Unique_32526
32701	Animal_Stefero_Quest_32701
32704	Animal_Stefero_Quest_32704
32705	Animal_Stefero_Quest_32705
1001054	Animal_Stefero_Quest_32706
1001172	Riding_Horse_Tiuta_Unique_2050_Oongka
1001173	Riding_Horse_Tiuta_Unique_2050_Demian
1001465	Animal_UniqueNpc_Horse_2
1001471	Animal_UniqueNpc_Horse_4
1000343	Riding_Horse_Unique_Marius
38007	Animal_Stefero_Domestic_Saddle_Unique_38007
1001088	Animal_Baby_Pig_Domestic_Unique_30114
30194	Animal_Boss_Cucubird_Wild_30194
500486	Animal_Unique_Spotted_Cat_500486
500487	Animal_Unique_Calico_Cat_500487
1001062	Animal_Unique_Domestic_Sheep_30026
1001063	Animal_Unique_Domestic_Sheep_30026_1
1001064	Animal_Unique_Domestic_Sheep_30044
1002240	Animal_Unique_Shepherd_Domestic_1
30014	Animal_Small_LandSpider_Wild_30014
1001931	Animal_Small_Desert_LandSpider_Wild_1
1002255	Animal_Small_Snow_LandSpider_Wild_1
1000789	Animal_Small_Desert_LandSpider_Wild_2
32150	Animal_Rock_LandSpider_32150
1002055	Animal_Rock_LandSpider_32151
32152	Animal_Pebble_LandSpider_32152
1001932	Animal_Medium_Desert_LandSpider_Wild_1
1002256	Animal_Medium_Snow_LandSpider_Wild_1
1000939	Animal_Medium_Desert_LandSpider_Wild_2
32160	Animal_Medium_Grass_LandSpider_32160
1001934	Animal_Big_Desert_LandSpider_Wild_1
1002257	Animal_Big_Snow_LandSpider_Wild_1
1003633	Animal_Big_Desert_LandSpider_Wild_2
32142	Animal_Spirodela_Polyrhiza_LandSpider_32142
32143	Animal_Big_Grass_LandSpider_32143
32141	Animal_Setaria_Viridis_LandSpider_32141
32144	Animal_Medium_Grass_LandSpider_32144
1000992	Animal_Medium_Abyss_Grass_LandSpider_1
1002197	Animal_Medium_Abyss_Grass_LandSpider_2
32270	Animal_Acid_Spider_32270
32280	Animal_Acid_Spider_32280
55533	Mon_Big_WebSpider_55533
1001469	Mon_BismuthSpider_1
1001743	Object_Circus_Machine_Gimmick_Spider_1
1000975	Factory_Small_Droid_1
1001001	Factory_Small_Droid_2
1001002	Factory_Small_Droid_3
1001065	Wall_Droid_1
1000518	Wall_Droid_2
1002051	Wall_Droid_3
1002052	Wall_Droid_4
31010	NatureCreature_Rush_GrassBundle_31010
1002072	NatureCreature_Rush_GrassBundle_31012
1000989	NatureCreature_Rush_Electricity_Big_GrassBundle_1
1002074	NatureCreature_Rush_Electricity_Big_GrassBundle_2
31011	NatureCreature_Rush_GrassBundle_31011
1002073	NatureCreature_Rush_GrassBundle_31013
1000990	NatureCreature_Rush_Electricity_Small_GrassBundle_1
1002075	NatureCreature_Rush_Electricity_Small_GrassBundle_2
1001277	NatureCreature_WoodObserver_31044
1002078	NatureCreature_WoodObserver_31046
1001278	NatureCreature_StoneWorm_31051
1002079	NatureCreature_StoneWorm_31052
1000171	NatureCreature_StoneWorm_31053
1002066	NatureCreature_StoneWorm_31054
1003634	NatureCreature_StoneWorm_31055
1003747	NatureCreature_StoneWorm_31056
15542	Object_Mushroom1Swarm_15542
15543	Object_Mushroom2Swarm_15543
15544	Object_Mushroom3Swarm_15544
1001747	Object_Mushroom1Swarm_Comma_1
1001004	Object_Mushroom1Swarm_15546
15545	Object_Mushroom4Swarm_15545
1001005	Object_Mushroom3Swarm_15547
1001008	Object_Mushroom1Swarm_15550
1001006	Object_Mushroom2Swarm_15549
1001292	MON_WhiteFlower_ThornVine_Poison_900048
900046	MON_ThornVine_900046
900056	MON_ThornVine_Flower_RedPoison_900056
900052	MON_ThornVine_Flower_MultiRedPoison_900052
1003515	MON_WhiteFlower_ThornVine_Poison_1
1003516	MON_ThornVine_1
1003517	MON_ThornVine_Flower_RedPoison_1
1003518	MON_ThornVine_Flower_MultiRedPoison_1
1003519	MON_WhiteFlower_ThornVine_Poison_2
1003520	MON_ThornVine_2
1003521	MON_ThornVine_Flower_RedPoison_2
1003522	MON_ThornVine_Flower_MultiRedPoison_2
1001676	MON_Desert_Abyss_Wraith_2
1001677	MON_Desert_Abyss_Wraith_3
1001675	MON_Desert_Abyss_Wraith_1
1001679	MON_Desert_Abyss_Wraith_4
1003576	MON_Gimmick_Snow_Golem_57224
57222	MON_Gimmick_Mine_Golem_57222
57223	MON_Gimmick_Mine_Golem_57223
1000928	MON_Gimmick_Tombstone_Golem_1
1001581	MON_Gimmick_Ent_Golem
1001617	MON_Gimmick_Scrap_Golem
30507	Animal_Wyvern_30507
1000691	Animal_visione_Wyvern_1
30508	Animal_Wyvern_30508
1000407	Animal_Abyss_Dimension_Wyvern_1
58201	Mon_Harpy_58201
1002057	Mon_EasternWitch_Pursuer_Harpy_1
1001674	Mon_EasternWitch_Pursuer_Harpy_2
1000446	MON_CircusBalloon_Bomb_900072
1000417	MON_CircusBalloon_Bomb_1
1000447	MON_CircusBalloon_Bomb_900073
900033	MON_ExplosionFlower_Stun_900033
900034	MON_ExplosionFlower_Poison_900034
900035	MON_ExplosionFlower_Bomb_900035
1000642	MON_ExplosionFlower_PotteryPot_1
1001878	MON_ExplosionFlower_Stun_Summon_1
1001687	Animal_Venomous_Bee
500875	NHM_Corpse_Wells_Brigade_500875
500876	NHM_Corpse_Wells_Brigade_500876
500877	NHM_Corpse_Wells_Brigade_500877
500878	NHM_Corpse_Wells_Brigade_500878
500879	NHM_Corpse_Wells_Brigade_500879
100118	NHM_Mercenary_100118
500870	NHM_Corpse_500870
500871	NHM_Corpse_500871
500872	NHM_Corpse_500872
500873	NHM_Corpse_500873
500874	NHM_Corpse_500874
100119	NHM_Mercenary_100119
500899	NHM_Corpse_Hernand_Soldiers_500899
500900	NHM_Corpse_Hernand_Soldiers_500900
500908	NHM_Corpse_Hernand_Soldiers_500908
500909	NHM_Corpse_Hernand_Soldiers_500909
1000871	NHM_Citizen_Militia_Corpse_1
1000872	NHM_Citizen_Militia_Corpse_2
1000873	NHM_Citizen_Militia_Corpse_3
1000874	NHM_Citizen_Militia_Corpse_4
1000875	NHM_Citizen_Militia_Corpse_5
1000876	NHM_Citizen_Militia_Corpse_6
52340	NHM_Goblin_Market_Soldier_52340
52341	NHM_Goblin_Market_Soldier_52341
52342	NHM_Goblin_Market_Soldier_SwordShield_52342
52343	NHM_Goblin_Market_Soldier_SwordShield_52343
1000431	NHM_Goblin_Market_Soldier_SwordShield_1
1000432	NHM_Goblin_Market_Soldier_SwordShield_2
1000433	NHM_Goblin_Market_Soldier_SwordShield_3
52344	NHM_Goblin_Market_Soldier_TwoHandSpear_52344
52345	NHM_Goblin_Market_Soldier_TwoHandSpear_52345
52346	NGM_Goblin_Market_Soldier_DualAxe_52346
52347	NGM_Goblin_Market_Soldier_DualAxe_52347
52348	NGM_Goblin_Market_Soldier_DualAxe_52348
52349	NGM_Goblin_Market_Soldier_DualAxe_52349
52350	NGM_Goblin_Market_Soldier_DualAxe_52350
1002485	NGM_Goblin_Market_Soldier_OneHandBomb_1
1002486	NGM_Goblin_Market_Soldier_OneHandBomb_2
1002582	NGM_SplitHorn_Guard_DualAxe_52346
1002583	NGM_SplitHorn_Guard_DualAxe_52347
1002584	NGM_SplitHorn_Guard_DualAxe_52348
1002585	NGM_SplitHorn_Guard_DualAxe_52349
1002586	NGM_SplitHorn_Guard_DualAxe_52350
1002587	NGM_SplitHorn_Guard_OneHandBomb_1
1002588	NGM_SplitHorn_Guard_OneHandBomb_2
1001007	NGM_Hellhounds_OneHandSword_1
1001124	NGM_Hellhounds_OneHandAxe_1
1002952	NGM_Hellhounds_DualAxe_1
1002953	NGM_Hellhounds_OneHandDagger_1
1002954	NGM_Hellhounds_DualDagger_1
1002951	NGM_Hellhounds_OneHandMace_1
1001740	NGM_Hellhounds_OneHandBow_1
1002955	NGM_Hellhounds_OneHandSword_2
1002956	NGM_Hellhounds_OneHandAxe_2
1002957	NGM_Hellhounds_DualAxe_2
1002958	NGM_Hellhounds_OneHandDagger_2
1002959	NGM_Hellhounds_DualDagger_2
1002960	NGM_Hellhounds_OneHandMace_2
1002555	NGM_Hellhounds_OneHandBow_2
1002961	NGM_Hellhounds_OneHandSword_3
1002962	NGM_Hellhounds_OneHandAxe_3
1002963	NGM_Hellhounds_DualAxe_3
1002964	NGM_Hellhounds_OneHandDagger_3
1002965	NGM_Hellhounds_DualDagger_3
1002966	NGM_Hellhounds_OneHandMace_3
1002556	NGM_Hellhounds_OneHandBow_3
1002967	NGM_Hellhounds_OneHandMace_5
1000239	NGM_Hellhounds_OneHandAxe_4
1000241	NGM_Hellhounds_OneHandSword_4
1000243	NGM_Hellhounds_DualAxe_4
50025	NIM_Bandit_OneHandAxe_50025
50027	NIM_Bandit_OneHandBola_50027
50028	NIM_Bandit_OneHandMace_50028
51011	NIM_Bandit_OneHandBola_51011
51013	NIM_Bandit_OneHandMace_51013
51014	NIM_Bandit_OneHandMace_51014
51015	NIM_Bandit_OneHandAxe_51015
51018	NIM_Bandit_OneHandMace_51018
52022	NIM_Bandit_OneHandMace_52022
52023	NIM_Bandit_OneHandAxe_52023
53625	NIM_Bandit_OneHandAxe_53625
1000233	NIM_Bandit_DualAxee_52270
1000234	NIM_Bandit_OneHandSword_52271
1000235	NIM_Bandit_DualDagger_52272
1000236	NIM_Bandit_OneHandDagger_52273
1000644	NGM_Regglin_Mask_OneHandSword_52272
1000645	NGM_Regglin_Mask_OneHandSword_52273
1000646	NGM_Regglin_Mask_OneHandSword_52274
1000627	NGM_Regglin_Mask_OneHandMace_52022
1000628	NGM_Regglin_Mask_OneHandAxe_52023
1000630	NGM_Regglin_Mask_DualAxee_52270
1000631	NGM_Regglin_Mask_DualDagger_52272
1000632	NGM_Regglin_Mask_OneHandDagger_52273
1003029	NGM_Regglin_Mask_OneHandBow_1
1003030	NGM_Regglin_Mask_OneHandBow_2
1003031	NGM_Regglin_Mask_OneHandBow_3
54104	NHM_Bleed_Bandits_OneHandSword_54104
54109	NHM_Bleed_Bandits_OneHandSword_54109
54111	NHM_Bleed_Bandits_OneHandSword_54111
54117	NHM_Bleed_Bandits_OneHandSword_54117
54126	NHM_Bleed_Bandits_OneHandSword_54126
54127	NHM_Bleed_Bandits_OneHandSword_54127
54103	NHM_Bleed_Bandits_TwoHandSpear_54103
54105	NHM_Bleed_Bandits_TwoHandSpear_54105
54123	NHM_Bleed_Bandits_TwoHandSpear_54123
54124	NHM_Bleed_Bandits_TwoHandSpear_54124
54125	NHM_Bleed_Bandits_TwoHandSpear_54125
54102	NHM_Bleed_Bandits_SpearTowerShield_54102
1002203	NHM_Bleed_Bandits_SwordTowerShield_54106
54107	NHM_Bleed_Bandits_OneHandBow_54107
54110	NHM_Bleed_Bandits_OneHandDagger_54110
54112	NHM_Bleed_Bandits_OneHandDagger_54112
54113	NHM_Bleed_Bandits_OneHandBow_54113
1002204	NHM_Bleed_Bandits_SwordTowerShield_54115
54118	NHM_Bleed_Bandits_OneHandDagger_54118
54119	NHM_Bleed_Bandits_OneHandDagger_54119
54120	NHM_Bleed_Bandits_OneHandDagger_54120
54121	NHM_Bleed_Bandits_OneHandBow_54121
54122	NHM_Bleed_Bandits_OneHandBow_54122
1002205	NHM_Bleed_Bandits_SwordTowerShield_54128
1002206	NHM_Bleed_Bandits_SwordTowerShield_54129
1002207	NHM_Bleed_Bandits_SwordTowerShield_54130
54131	NHM_Bleed_Bandits_OneHandBow_54131
54132	NHM_Bleed_Bandits_OneHandBow_54132
54133	NHM_Bleed_Bandits_OneHandBow_54133
54138	NHM_Bleed_Bandits_OneHandAxe_54138
54139	NHM_Bleed_Bandits_OneHandAxe_54139
54140	NHM_Bleed_Bandits_OneHandAxe_54140
54141	NHM_Bleed_Bandits_OneHandBow_54141
54142	NHM_Bleed_Bandits_OneHandBow_54142
54143	NHM_Bleed_Bandits_OneHandBow_54143
54144	NHM_Bleed_Bandits_OneHandBow_54144
54145	NHM_Bleed_Bandits_OneHandBow_54145
54136	NHM_Bleed_Bandits_OneHandBomb_54136
54137	NHM_Bleed_Bandits_OneHandBomb_54137
1000436	NHM_Bleed_Bandits_AbyssGaruntlet_1
1000437	NHM_Bleed_Bandits_AbyssGaruntlet_2
1000438	NHM_Bleed_Bandits_AbyssGaruntlet_3
1000439	NHM_Bleed_Bandits_AbyssGaruntlet_4
1000440	NHM_Bleed_Bandits_AbyssGaruntlet_5
1000441	NHM_Bleed_Bandits_AbyssGaruntlet_6
54146	NGM_Bleed_Bandits_DualDagger_54146
54147	NGM_Bleed_Bandits_DualAxe_54147
1000018	NHM_Bleed_Bandits_TwoHandFlamethrower_1
1002208	NHM_GasMask_Bleed_Bandits_SwordTowerShield_1
1002209	NHM_GasMask_Bleed_Bandits_SwordTowerShield_2
1002210	NHM_GasMask_Bleed_Bandits_SwordTowerShield_3
1002211	NHM_GasMask_Bleed_Bandits_SwordTowerShield_4
1001703	NHM_GasMask_Bleed_Bandits_OneHandBomb_3
59760896	NHM_GasMask_Bleed_Bandits_OneHandDagger_4
58446167	NHM_GasMask_Bleed_Bandits_OneHandBow_8
1000307	NHM_Bleed_Bandits_OneHandFist_1
1000308	NHM_Bleed_Bandits_OneHandFist_2
1000309	NHM_Bleed_Bandits_OneHandFist_3
1000459	NHM_Bleed_Bandits_Alchemist_1
1000244	NHM_Bleed_Bandits_DualAxe_1
1000245	NHM_GasMask_Bleed_Bandits_TwoHandSpear_6
1000246	NHM_Bleed_Bandits_OneHandMace_1
900073	NHM_Mimic_Haystack_TwoHandSpear_900073
900075	NHM_Mimic_Scarecrow_TwoHandSpear_900075
1003064	NHM_ReedDevil_Minion_OneHandBow_1
50515	NHM_ReedDevil_Minion_DualDagger_50515
50516	NHM_ReedDevil_Minion_TwoHandSpear_50516
50517	NHM_ReedDevil_Minion_DualAxe_50517
1002566	NHM_ReedDevil_Minion_DualDagger_1
1002567	NHM_ReedDevil_Minion_TwoHandSpear_1
1002568	NHM_ReedDevil_Minion_DualAxe_1
1002575	NHM_ReedDevil_Minion_DualDagger_2
1002576	NHM_ReedDevil_Minion_TwoHandSpear_2
1002577	NHM_ReedDevil_Minion_DualAxe_2
1002578	NHM_ReedDevil_Minion_DualDagger_3
1002579	NHM_ReedDevil_Minion_TwoHandSpear_3
1002580	NHM_ReedDevil_Minion_DualAxe_3
1001563	NTM_ReedDevil_TwoHandedWarHammer_I
1000019	NHM_ReedDevil_Minion_TwoHandSpear_Summon_1
1000021	NHM_ReedDevil_Minion_DualAxe_Summon_1
1000450	NGM_Wolf_Pursuer_OneHandMusket_1
1000451	NGM_Wolf_Pursuer_OneHandMusket_2
1000452	NGM_Wolf_Pursuer_OneHandMusket_3
1000456	NGM_Wolf_Pursuer_OneHandAxe_5
1000203	NGM_Wolf_Pursuer_OneHandMusket_4
1000205	NGM_Wolf_Pursuer_OneHandAxe_6
1002263	NGM_Wolf_Pursuer_OneHandAxe_7
1000256	NHM_Pirate_TwoHandSpear_1
1000257	NHM_Pirate_TwoHandSpear_2
1000261	NHM_Pirate_TwoHandSpear_3
1000262	NHM_Pirate_TwoHandSpear_4
1000263	NHM_Pirate_TwoHandSpear_5
1000258	NHM_Pirate_OneHandSword_1
1000260	NHM_Pirate_OneHandSword_2
1000259	NHM_Pirate_OneHandBow_1
1001066	NHM_Pirate_OneHandBow_2
1001468	NHM_Pirate_TwoHandFlag_1
1000680	NHM_Pirate_OneHandBomb_1
1000020	NHM_Pirate_TwohandIceThrower_1
1000255	NHM_Pirate_TwoHandSpear_6
1000266	NHM_Pirate_OneHandSword_3
1000267	NHM_Pirate_OneHandMace_1
1000633	NGM_GraveRobber_1
1000668	NGM_GraveRobber_2
1000669	NGM_GraveRobber_3
1000670	NGM_GraveRobber_4
1000744	NGM_GraveRobber_OneHandDagger_1
950004	Gimmick_Bag_03_Socket
1000745	NGM_GraveRobber_OneHandDagger_2
1000746	NGM_GraveRobber_OneHandDagger_3
1000747	NGM_GraveRobber_OneHandDagger_4
52615	NHM_Wells_Brigade_OneHandBow_52615
53313	NHM_Wells_Brigade_OneHandBow_53313
1000729	NHM_Wells_Brigade_TwoHandFlag_1
1000730	NHM_Wells_Brigade_TwoHandFlag_2
1000052	NHM_Wells_Brigade_TwoHandFlag_3
1000053	NHM_Wells_Brigade_TwoHandFlag_4
1000054	NHM_Wells_Brigade_TwoHandFlag_5
53283	NHM_Wells_Brigade_Fix_OneHandBow_53283
52614	NHM_Wells_Brigade_Fix_OneHandBow_52614
53284	NHM_Wells_Brigade_OneHandBow_53284
53472	NHM_Wells_Brigade_OneHandBow_53472
54452	NHM_Wells_Brigade_OneHandMusket_54452
54454	NHM_Wells_Brigade_TwoHandSword_54454
54455	NHM_Wells_Brigade_OneHandMusket_54455
54456	NHM_Wells_Brigade_OneHandBow_54456
54457	NHM_Wells_Brigade_SwordShield_54457
54458	NHM_Wells_Brigade_OneHandSword_54458
54459	NHM_Wells_Brigade_OneHandSword_54459
54460	NHM_Wells_Brigade_SwordShield_54460
54461	NHM_Wells_Brigade_TwoHandSword_54461
54462	NHM_Wells_Brigade_TwoHandSword_54462
54463	NHM_Wells_Brigade_OneHandBow_54463
54464	NHM_Wells_Brigade_OneHandMusket_54464
54465	NHM_Wells_Brigade_OneHandMusket_54465
54466	NHM_Wells_Brigade_OneHandBow_54466
54467	NHM_Wells_Brigade_TwoHandCannon_54467
54468	NHM_Wells_Brigade_TwoHandCannon_54468
54469	NHM_Wells_Brigade_TwoHandCannon_54469
54470	NHM_Wells_Brigade_SwordShield_54470
54473	NHM_Wells_Brigade_OneHandBow_54473
54474	NHM_Wells_Brigade_TwoHandSpear_54474
54475	NHM_Wells_Brigade_TwoHandSpear_54475
54476	NHM_Wells_Brigade_TwoHandSpear_54476
54477	NHM_Wells_Brigade_TwoHandSpear_54477
54478	NHM_Wells_Brigade_TwoHandSpear_54478
54479	NHM_Wells_Brigade_OneHandBomb_54479
54480	NHM_Wells_Brigade_OneHandBomb_54480
54481	NHM_Wells_Brigade_OneHandSword_54481
54482	NHM_Wells_Brigade_OneHandSword_54482
1000772	NHM_Wells_Brigade_Tooltrumpet_1
54483	NHM_Wells_Brigade_OneHandSword_54483
54485	NHM_Wells_Brigade_OneHandSword_54485
54486	NHM_Wells_Brigade_OneHandMace_54486
54487	NHM_Wells_Brigade_OneHandMace_54487
54489	NHM_Wells_Brigade_OneHandAxe_54489
54490	NHM_Wells_Brigade_OneHandDagger_54490
54491	NHM_Wells_Brigade_OneHandDagger_54491
54492	NHM_Wells_Brigade_OneHandBow_54492
54493	NHM_Wells_Brigade_OneHandBow_54493
54496	NHM_Wells_Brigade_OneHandBow_54496
54497	NHM_Wells_Brigade_DualDagger_54497
54498	NHM_Wells_Brigade_DualDagger_54498
1000868	NHM_Wells_Brigade_Drum_1
1000869	NHM_Wells_Brigade_Drum_2
1000055	NHM_Wells_Brigade_Drum_3
1000056	NHM_Wells_Brigade_Drum_4
1000057	NHM_Wells_Brigade_Drum_5
57409	NHM_Wells_Brigade_TwoHandAxe_57409
1000043	NHM_Wells_Brigade_TwoHandAxe_57410
1004069	NHM_Wells_Brigade_Prisoner_1
1004070	NHM_Wells_Brigade_Prisoner_2
1004071	NHM_Wells_Brigade_Prisoner_3
1004072	NHM_Wells_Brigade_Prisoner_4
1004073	NHM_Wells_Brigade_Prisoner_5
1004074	NHM_Wells_Brigade_Prisoner_6
1004075	NHM_Wells_Brigade_Prisoner_7
1004076	NHM_Wells_Brigade_Prisoner_8
1000481	NHM_Wells_Brigade_Rebel_OneHandMace_1
1000482	NHM_Wells_Brigade_Rebel_OneHandBow_1
1000483	NHM_Wells_Brigade_Rebel_OneHandDagger_1
1000484	NHM_Wells_Brigade_Rebel_TwoHandSword_1
1000485	NHM_Wells_Brigade_Rebel_TwoHandCannon_1
1000486	NHM_Wells_Brigade_Rebel_OneHandMusket_1
1000488	NHM_Wells_Brigade_Rebel_OneHandSword_1
1000487	NHM_Wells_Brigade_Rebel_TwoHandSpear_1
1000489	NHM_Wells_Brigade_Rebel_TwoHandSpear_2
1000904	NHM_Wells_Brigade_Rebel_OneHandBow_2
1001370	NHM_Wells_Brigade_Rebel_OneHandSword_3
1001371	NHM_Wells_Brigade_Rebel_TwoHandSpear_4
1000176	NHM_Wells_Brigade_Rebel_TwoHandSpear_3
1000177	NHM_Wells_Brigade_Rebel_TwoHandSword_2
1000183	NHM_Wells_Brigade_Rebel_OneHandSword_2
1001673	NHM_Wells_Brigade_Rebel_TwoHandSpear_5
53163	NHM_CrowBrotherhood_DualAxe_53163
53164	NHM_CrowBrotherhood_DualDagger_53164
53165	NHM_CrowBrotherhood_DualDagger_53165
53166	NHM_CrowBrotherhood_DualDagger_53166
53167	NHM_CrowBrotherhood_DualDagger_53167
53168	NHM_CrowBrotherhood_TwoHandSword_53168
53169	NHM_CrowBrotherhood_TwoHandAxe_53169
53170	NHM_CrowBrotherhood_TwoHandAxe_53170
53171	NHM_CrowBrotherhood_TwoHandSpear_53171
53172	NHM_CrowBrotherhood_OneHandMace_53172
53173	NHM_CrowBrotherhood_OneHandSword_53173
53174	NHM_CrowBrotherhood_OneHandMace_53174
53175	NHM_CrowBrotherhood_TwoHandSpear_53175
53176	NHM_CrowBrotherhood_DualAxe_53176
53177	NHM_CrowBrotherhood_TwoHandSpear_53177
53178	NHW_CrowBrotherhood_OneHandSword_53178
53179	NHW_CrowBrotherhood_DualDagger_53179
500795	NHM_CrowBrotherhood_OneHandSword_500795
1002380	NHM_CrowBrotherhood_DualDagger_500374
1002381	NHM_CrowBrotherhood_DualDagger_500375
1002382	NHM_CrowBrotherhood_DualDagger_500376
1002384	NHM_CrowBrotherhood_TwoHandSword_500378
1002388	NHM_CrowBrotherhood_OneHandSword_500382
1002389	NHM_CrowBrotherhood_OneHandMace_500383
1001350	NHM_CrowBrotherhood_OneHandSword_2
1001351	NHM_CrowBrotherhood_OneHandSword_1
1001352	NHM_CrowBrotherhood_OneHandAxe_1
1001354	NHM_CrowBrotherhood_OneHandAxe_2
53192	NHM_CrowBrotherhood_DualDagger_53192
53193	NHM_CrowBrotherhood_TwoHandSpear_53193
53194	NHM_CrowBrotherhood_DualDagger_53194
53195	NHM_CrowBrotherhood_TwoHandSpear_53195
53196	NHW_CrowBrotherhood_OneHandSword_53196
53197	NHM_CrowBrotherhood_DualDagger_53197
53198	NHM_CrowBrotherhood_TwoHandSpear_53198
1000582	NHM_CrowBrotherhood_Grave_DualDagger_1
1000583	NHM_CrowBrotherhood_Grave_DualDagger_2
1000584	NHM_CrowBrotherhood_Grave_TwoHandSword_1
1000585	NHM_CrowBrotherhood_Grave_TwoHandAxe_1
1000586	NHM_CrowBrotherhood_Grave_TwoHandSpear_1
1000587	NHM_CrowBrotherhood_Grave_OneHandMace_1
1000588	NHM_CrowBrotherhood_Grave_OneHandMace_2
1000589	NHM_CrowBrotherhood_Grave_OneHandSword_1
1000590	NHM_CrowBrotherhood_Grave_OneHandBow_1
1000618	NHM_CrowBrotherhood_Grave_DualDagger_3
1000619	NHM_CrowBrotherhood_Grave_DualDagger_4
1000620	NHM_CrowBrotherhood_Grave_TwoHandSword_2
1000621	NHM_CrowBrotherhood_Grave_TwoHandAxe_2
1000622	NHM_CrowBrotherhood_Grave_TwoHandSpear_2
1000623	NHM_CrowBrotherhood_Grave_OneHandMace_3
1000624	NHM_CrowBrotherhood_Grave_OneHandMace_4
1000625	NHM_CrowBrotherhood_Grave_OneHandSword_2
1000626	NHM_CrowBrotherhood_Grave_OneHandBow_2
52655	NHM_Righteous_Arrows_OneHandBow_52655
1001935	NGM_Righteous_Arrows_OneHandBow_52660
1001937	NHM_Righteous_Arrows_TwoHandSpear_52867
1001938	NHM_Righteous_Arrows_TwoHandSpear_52866
1001940	NHM_Righteous_Arrows_TwoHandSpear_52868
52658	NHM_Righteous_Arrows_OneHandBow_52658
52661	NGM_Righteous_Arrows_OneHandBow_52661
52665	NHM_Righteous_Arrows_OneHandBomb_52665
52669	NHM_Righteous_Arrows_OneHandBow_52669
52670	NHM_Righteous_Arrows_OneHandBow_52670
52672	NHM_Righteous_Arrows_OneHandBow_52672
52652	NHW_Righteous_Arrows_OneHandBow_52652
52653	NHW_Righteous_Arrows_OneHandBow_52653
52654	NHM_Righteous_Arrows_OneHandBow_52654
52656	NHW_Righteous_Arrows_OneHandBow_52656
52657	NHW_Righteous_Arrows_OneHandBow_52657
52664	NHM_Righteous_Arrows_OneHandBomb_52664
52666	NHM_Righteous_Arrows_OneHandBow_52666
52667	NHM_Righteous_Arrows_OneHandBow_52667
52668	NHM_Righteous_Arrows_OneHandBow_52668
52671	NOM_Righteous_Arrows_OneHandBow_52671
54152	NTM_Bringers_of_Silence_TwoHandWarHammer_54152
54153	NTM_Bringers_of_Silence_TwoHandAxe_54153
54154	NTM_Bringers_of_Silence_TwoHandAxe_54154
54155	NTM_Bringers_of_Silence_54155
1000566	NTM_Bringers_of_Silence_TwoHandAxe_54157
54159	NTM_Bringers_of_Silence_TwoHandAxe_54159
54160	NTM_Bringers_of_Silence_TwoHandAxe_54160
54161	NTM_Bringers_of_Silence_TwoHandWarHammer_54161
54171	NTM_Bringers_of_Silence_TwoHandWarHammer_54171
54172	NTM_Bringers_of_Silence_TwoHandAxe_54172
54173	NTM_Bringers_of_Silence_TwoHandAxe_54173
54175	NTM_Bringers_of_Silence_54175
1000568	NTM_Bringers_of_Silence_TwoHandAxe_54180
1000569	NTM_Bringers_of_Silence_TwoHandAxe_54181
1000570	NTM_Bringers_of_Silence_TwoHandAxe_54182
54183	NTM_Bringers_of_Silence_TwoHandAxe_54183
54184	NTM_Bringers_of_Silence_TwoHandAxe_54184
54185	NTM_Bringers_of_Silence_TwoHandAxe_54185
500952	NTM_Bringers_of_Silence_TwoHandAxe_500952
55021	NTM_Bringers_of_Silence_55021
500951	NTM_Bringers_of_Silence_TwoHandWarHammer_500951
1000191	NHM_Righteous_Arrows_TwoHandSpear_1
1000192	NTM_Bringers_of_Silence_TwoHandedWarHammer_1
1000193	NHW_Righteous_Arrows_OneHandBow_1
54002	NHM_Drunk_BlackBears_DualDagger_54002
54003	NHM_Drunk_BlackBears_TwoHandAxe_54003
54004	NHM_Drunk_BlackBears_DualAxe_54004
54005	NHM_Drunk_BlackBears_OneHandBow_54005
54006	NHM_Drunk_BlackBears_OneHandAxe_54006
54007	NHM_Drunk_BlackBears_TwoHandWarHammer_54007
1000934	NHM_Drunk_BlackBears_TwoHandWarHammer_2
54008	NHM_Drunk_BlackBears_OneHandDagger_54008
54009	NHM_Drunk_BlackBears_OneHandSword_54009
54010	NHM_Drunk_BlackBears_OneHandBow_54010
54011	NHM_Drunk_BlackBears_OneHandSword_54011
54012	NHM_Drunk_BlackBears_Fix_OneHandBow_54012
54013	NHM_Drunk_BlackBears_OneHandBow_54013
54014	NHM_Drunk_BlackBears_OneHandBomb_54014
54015	NHM_Drunk_BlackBears_OneHandBomb_54015
54016	NHM_Drunk_BlackBears_OneHandBow_54016
54017	NHM_Drunk_BlackBears_OneHandSword_54017
54018	NHM_Drunk_BlackBears_OneHandSword_54018
54019	NHM_Drunk_BlackBears_DualDagger_54019
54020	NHM_Drunk_BlackBears_DualDagger_54020
54021	NHM_Drunk_BlackBears_TwoHandAxe_54021
54022	NHM_Drunk_BlackBears_TwoHandAxe_54022
54023	NHM_Drunk_BlackBears_DualAxe_54023
54024	NHM_Drunk_BlackBears_DualAxe_54024
54025	NHM_Drunk_BlackBears_TwoHandSpear_54025
54026	NHM_Drunk_BlackBears_TwoHandSpear_54026
54027	NHM_Drunk_BlackBears_TwoHandSpear_54027
54028	NHM_Drunk_BlackBears_TwoHandSpear_54028
54029	NHM_Drunk_BlackBears_TwoHandSpear_54029
54030	NHM_Drunk_BlackBears_OneHandSword_54030
54031	NHM_Drunk_BlackBears_OneHandSword_54031
54032	NHM_Drunk_BlackBears_OneHandSword_54032
54033	NHM_Drunk_BlackBears_OneHandBow_54033
54034	NHM_Drunk_BlackBears_OneHandBow_54034
54035	NHM_Drunk_BlackBears_OneHandAxe_54035
54036	NHM_Drunk_BlackBears_OneHandAxe_54036
54037	NHM_Drunk_BlackBears_OneHandMace_54037
54038	NHM_Drunk_BlackBears_OneHandMace_54038
54039	NHM_Drunk_BlackBears_OneHandMace_54039
54040	NHM_Drunk_BlackBears_OneHandDagger_54040
54041	NHM_Drunk_BlackBears_OneHandDagger_54041
54045	NHM_Drunk_BlackBears_OneHandMusket_54045
54046	NHM_Drunk_BlackBears_OneHandMusket_54046
57309	NHM_Drunk_BlackBears_Fix_OneHandBow_57309
57243	NHM_Drunk_BlackBears_Fix_OneHandBow_57243
504025	NHM_Drunk_BlackBears_TwoHandSpear_504025
1002935	NOM_Drunk_BlackBears_Bearrider_1
1002479	NHM_Drunk_BlackBears_TwoHandSpear_1
1002480	NHM_Drunk_BlackBears_TwoHandSpear_2
1002481	NHM_Drunk_BlackBears_TwoHandSpear_3
1002483	NHM_Drunk_BlackBears_TwoHandSpear_5
1002076	NHM_Drunk_BlackBears_MaceShield_1
1002101	NHM_Drunk_BlackBears_MaceShield_2
1002107	NHM_Drunk_BlackBears_MaceShield_3
1002115	NHM_Drunk_BlackBears_AxeShield_1
1002118	NHM_Drunk_BlackBears_AxeShield_2
1002121	NHM_Drunk_BlackBears_AxeShield_3
1002131	NHM_Drunk_BlackBears_MaceTowerShield_1
1002133	NHM_Drunk_BlackBears_MaceTowerShield_2
1002160	NHM_Drunk_BlackBears_MaceTowerShield_3
1002161	NHM_Drunk_BlackBears_AxeTowerShield_1
1002162	NHM_Drunk_BlackBears_AxeTowerShield_2
1002163	NHM_Drunk_BlackBears_AxeTowerShield_3
1002484	NHM_Drunk_BlackBears_TwoHandSpear_6
1000932	NHM_Drunk_BlackBears_TwoHandFlag_1
1000226	NHM_Drunk_BlackBears_DualAxe_1
1000330	NHM_Brimstone_Drunk_BlackBears_TwoHandAxe_2
1000331	NHM_Drunk_BlackBears_OneHandSword_1
1001982	NHM_Drunk_BlackBears_OneHandSword_2
54833	MON_BlackBear_Tank_54833
54835	MON_BlackBear_Tank_54835
1000774	NHM_EntHunter_OneHandBow_5
1000775	NHM_EntHunter_OneHandBow_6
1000776	NHM_EntHunter_OneHandBow_7
1000214	NHM_EntHunter_OneHandBow_1
1000458	NHM_EntHunter_OneHandBow_3
1000477	NHM_EntHunter_OneHandBow_2
1000778	NHM_EntHunter_OneHandBow_8
1000378	NHM_EntHunter_OneHandBow_4
900076	NDEM_Mimic_Boar_DualDagger_900076
52603	NHM_Dragon_Slayer_SwordShield_52603
52604	NHM_Dragon_Slayer_SwordShield_52604
52605	NHM_Dragon_Slayer_SwordShield_52605
52606	NHM_Dragon_Slayer_SwordShield_52606
52607	NHM_Dragon_Slayer_OneHandSword_52607
52608	NHM_Dragon_Slayer_OneHandSword_52608
52609	NHM_Dragon_Slayer_OneHandSword_52609
52610	NHM_Dragon_Slayer_OneHandSword_52610
52611	NHM_Dragon_Slayer_OneHandSword_52611
52612	NHM_Dragon_Slayer_OneHandMusket_52612
52613	NHM_Dragon_Slayer_OneHandMusket_52613
52616	NHM_Dragon_Slayer_OneHandBomb_52616
52617	NHM_Dragon_Slayer_OneHandBomb_52617
52621	NHM_Dragon_Slayer_TwoHandSpear_52621
52626	NHM_Dragon_Slayer_OneHandBow_52626
52627	NHM_Dragon_Slayer_OneHandDagger_52627
52630	NHM_Dragon_Slayer_OneHandMace_52630
1000024	NHM_Dragon_Slayer_TwoHandFlamethrower_1
52602	NHM_Dragon_Slayer_ViceLeader_SwordShield_52602
1000333	NHM_Dragon_Slayer_OneHandSword_1
1000204	NHM_Dragon_Slayer_OneHandAxe_1
51253	NHM_Pailoon_Ludvig_DualAxe_51253
51256	NHM_Pailoon_Ludvig_DualDagger_51256
51264	NGM_Pailoon_Ludvig_OneHandBow_51264
58041	NHM_Pailoon_Ludvig_DualAxe_58041
58042	NHM_Pailoon_Ludvig_DualDagger_58042
58043	NHM_Pailoon_Ludvig_DualAxe_58043
58044	NHM_Pailoon_Ludvig_DualDagger_58044
1001944	NHM_Pailoon_Ludvig_OnehandSword_58045
1001137	NHM_Pailoon_Ludvig_TwoHandFlag_1
1001366	NHM_Pailoon_Ludvig_TwoHandSpear_1
1001175	NHM_Pailoon_Ludvig_TwoHandSpear_2
1001178	NHM_Pailoon_Ludvig_TwoHandSpear_3
1000211	NHM_Pailoon_Ludvig_TwoHandAxe_1
1000665	NHM_Pailoon_Ludvig_TwoHandAxe_2
1000855	NHM_Pailoon_Ludvig_TwoHandAxe_3
1002319	NHM_Pailoon_Ludvig_DualAxe_1
1002320	NHM_Pailoon_Ludvig_OnehandSword_1
1002321	NHM_Pailoon_Ludvig_TwoHandAxe_4
51340	Mon_Titan_Follower_51340
51341	Mon_Titan_Follower_51341
1000545	Mon_AncientStoneSoldier_1
1000546	Mon_AncientStoneSoldier_2
1000548	Mon_AncientStoneWarrior_1
1000616	Mon_AncientStoneWarrior_2
1000206	NHW_WhiteHorn_OneHandDagger_1
1000672	NHM_DeerKing_Follower_SwordShield_1
1000673	NHM_DeerKing_Follower_OneHandMace_1
1000674	NGM_DeerKing_Follower_OneHandBow_1
1000248	NHM_DeerKing_Follower_SwordShield_2
1000249	NHM_DeerKing_Follower_OneHandMace_2
52313	NHM_Mask_Liberator_OneHandBomb_52313
52452	NHM_Mask_Liberator_TwoHandCannon_52452
52453	NHM_Mask_Liberator_OneHandBomb_52453
52454	NHM_Mask_Liberator_SwordShield_52454
52455	NHM_Mask_Liberator_OneHandBow_52455
52456	NHM_Mask_Liberator_SwordShield_52456
52457	NHM_Mask_Liberator_OneHandBow_52457
52458	NHM_Mask_Liberator_TwoHandSpear_52458
52459	NHM_Mask_Liberator_TwoHandCannon_52459
52460	NHM_Mask_Liberator_OneHandBow_52460
52461	NHM_Mask_Liberator_OneHandBomb_52461
52462	NHM_Mask_Liberator_OneHandBomb_52462
1002573	NHM_Mask_Liberator_TwoHandSpear_52463
1000276	NHM_Mask_Liberator_SwordShield_1
1000284	NHM_Mask_Liberator_OneHandBow_1
1000287	NHM_Mask_Liberator_TwoHandSpear_1
57272	NHW_Twilight_Whistlers_Fix_OneHandBow_57272
57273	NHW_Twilight_Whistlers_Fix_OneHandBow_57273
57276	NHW_Twilight_Whistlers_Fix_OneHandBow_57276
57277	NHW_Twilight_Whistlers_Fix_OneHandBow_57277
52204	NHW_Twilight_Whistlers_OneHandBow_52204
52205	NHW_Twilight_Whistlers_OneHandBow_52205
52208	NHW_Twilight_Whistlers_OneHandBow_52208
52209	NHW_Twilight_Whistlers_OneHandBow_52209
1000340	NHM_ExplosiveArrow_Mercenary_TwoHandSpear_1
1000341	NHM_ExplosiveArrow_Mercenary_OneHandSword_1
1001156	NHM_ExplosiveArrow_Mercenary_TwoHandWarHammer_1
1001161	NHM_ExplosiveArrow_Mercenary_OneHandSword_2
1001158	NOM_ExplosiveArrow_Mercenary_TwoHandSpear_1
1001159	NOM_ExplosiveArrow_Mercenary_TwoHandAxe_1
1001160	NOM_ExplosiveArrow_Mercenary_TwoHandWarHammer_1
1001199	NHW_Twilight_Whistlers_OneHandMace_57342
1001207	NHW_Twilight_Whistlers_SwordShield_57344
1001209	NHW_Twilight_Whistlers_OneHandMace_57345
1000506	NHW_Twilight_Whistlers_TwoHandSpear_1
1002183	NHM_Twilight_Whistlers_SwordShield_1
1002212	NHW_Twilight_Whistlers_SwordShield_2
1002215	NHW_Twilight_Whistlers_SwordShield_3
1002221	NHM_Twilight_Whistlers_SpearShield_1
1002222	NHW_Twilight_Whistlers_SpearShield_2
1002223	NHW_Twilight_Whistlers_SpearShield_3
1002224	NHM_Twilight_Whistlers_SwordTowerShield_1
1002225	NOM_Twilight_Whistlers_SwordTowerShield_2
1002226	NOM_Twilight_Whistlers_SpearTowerShield_1
1002227	NHM_Twilight_Whistlers_SpearTowerShield_2
1000027	NHM_ExplosiveArrow_Mercenary_TwohandLightningThrower_1
1000615	NOM_ExplosiveArrow_Mercenary_TwoHandSpear_2
1000693	NOM_ExplosiveArrow_Mercenary_TwoHandAxe_2
1000815	Mon_Hexe_Soldier_MaceShield_51313
1000816	Mon_Hexe_Soldier_MaceShield_51326
1000817	Mon_Hexe_Soldier_MaceShield_4072056015
1000818	Mon_Hexe_Soldier_MaceShield_37144795
1000821	Mon_Hexe_Soldier_51314
1000822	Mon_Hexe_Soldier_51327
1000823	Mon_Hexe_Soldier_51345
1000824	Mon_Hexe_Soldier_3247567128
1000825	Mon_Hexe_Soldier_TwoHandSpear_51322
1000826	Mon_Hexe_Soldier_TwoHandSpear_51323
1000827	Mon_Hexe_Soldier_OneHandSword_51321
1000828	Mon_Hexe_Soldier_OneHandSword_51324
1000829	Mon_Hexe_Soldier_OneHandSword_1919713597
1000830	Mon_Hexe_Soldier_OneHandSword_2368451736
1000831	Mon_Hexe_GreenOrcWarrior_51318
1000832	Mon_Hexe_GreenOrcWarrior_51325
1000222	Mon_Summon_Hexe_Soldier_MaceShield_900113
1000579	Mon_Summon_Hexe_Soldier_Bow_900115
1000648	Mon_Summon_Hexe_Soldier_TwoHandSpear_900116
1000649	Mon_Summon_Hexe_Soldier_OneHandSword_900117
31101	NatureCreature_HexePotWorm_31101
1001447	Mon_Hexe_Fish_1
1000845	MON_ExplosionHexePot_Bomb_1
1000813	Mon_Hexe_PotSpider_1
1001102	Mon_Hexe_PotSpider_2
1001445	Animal_Sulfur_LandSpider_Wild_2
1001941	NHM_Crimson_Scorpions_OneHandBow_51047
1001942	NHM_Crimson_Scorpions_OneHandBow_51048
57347	NHM_Crimson_Scorpions_OneHandSword_57347
57348	NHW_Crimson_Scorpions_OneHandSword_57348
1000503	NHM_Crimson_Scorpions_TwoHandSpear_1
52303	NHM_Crimson_Scorpions_DualDagger_52303
52305	NHW_Crimson_Scorpions_TwoHandWarHammer_52305
52306	NHM_Crimson_Scorpions_OneHandSword_52306
52307	NHM_Crimson_Scorpions_DualDagger_52307
52308	NHM_Crimson_Scorpions_OneHandSword_52308
52309	NHM_Crimson_Scorpions_OneHandSword_52309
52310	NHW_Crimson_Scorpions_OneHandSword_52310
52311	NHW_Crimson_Scorpions_OneHandSword_52311
52315	NHM_Crimson_Scorpions_TwoHandCannon_52315
52316	NHM_Crimson_Scorpions_TwoHandCannon_52316
52318	NHM_Crimson_Scorpions_TwoHandCannon_52318
51040	NHM_Crimson_Scorpions_OneHandMusket_51040
51043	NHM_Crimson_Scorpions_OneHandMusket_51043
51044	NHM_Crimson_Scorpions_Fix_OneHandMusket_51044
51045	NHM_Crimson_Scorpions_Fix_OneHandMusket_51045
51046	NHM_Crimson_Scorpions_Fix_OneHandMusket_51046
1001933	NHM_Crimson_Scorpions_OneHandCannon_51049
51050	NHM_Crimson_Scorpions_Fix_OneHandBow_51050
51051	NHM_Crimson_Scorpions_Fix_OneHandBow_51045
51052	NHM_Crimson_Scorpions_Fix_OneHandBow_51046
1000427	NHW_Crimson_Scorpions_TwoHandWarHammer_1
1000428	NHM_Crimson_Scorpions_OneHandSword_1
1000429	NHM_Crimson_Scorpions_OneHandMace_1
59011	NGM_Bandit_Rider_59011
59012	NGM_Bandit_Rider_59012
53785	NHW_Owls_of_the_Mist_OneHandBow_53785
53752	NHM_Owls_of_the_Mist_TwoHandSpear_53752
1000893	NHM_Owls_of_the_Mist_SwordShield_1
53753	NHW_Owls_of_the_Mist_OneHandBow_53753
53754	NOM_Owls_of_the_Mist_OneHandSword_53754
53756	NHM_Owls_of_the_Mist_OneHandBow_53756
53760	NOM_Owls_of_the_Mist_OneHandSword_53760
1001245	NGM_Owls_of_the_Mist_OneHandSword_53761
1000449	NOM_Owls_of_the_Mist_TwoHandSpear_1
1000454	NOM_Owls_of_the_Mist_OneHandSword_1
1000474	NOM_Owls_of_the_Mist_OneHandAxe_1
1001452	NGM_Treasure_Keeper_Fist_1
1001453	NGM_Treasure_Keeper_Fist_2
1001454	NGM_Treasure_Keeper_Fist_3
1002574	NHM_Treasure_Keeper_TwoHandSpear_1
1001162	Boss_Geumgangbulgwe_1
1001157	Mon_Yaksha
1001670	NHM_Antumbra_TwoHandCannon_1
1001671	NHM_Antumbra_TwoHandCannon_2
1001672	NHM_Antumbra_TwoHandCannon_3
1003979	NHM_Antumbra_worker_1
1003980	NHM_Antumbra_worker_2
1003981	NHM_Antumbra_worker_3
53101	NHM_Antumbra_OneHandMace_53101
53102	NHM_Antumbra_OneHandMace_53102
53103	NHM_Antumbra_OneHandMace_53103
53104	NHM_Antumbra_OneHandMace_53104
1000739	NTM_Antumbra_TwoHandAxe_1
1001104	NTM_Antumbra_TwoHandAxe_2
1000741	NTM_Antumbra_TwoHandWarHammer_1
1001707	NHM_Antumbra_OneHandMace_Special_53101
1001708	NHM_Antumbra_OneHandMace_Special_53102
1001709	NHM_Antumbra_OneHandMace_Special_53103
1001710	NHM_Antumbra_OneHandMace_Special_53104
500804	NHM_Antumbra_OneHandMace_500804
500805	NHM_Antumbra_OneHandMace_500805
53106	NHM_Antumbra_53106
1001711	NHM_Antumbra_Special_53106
53116	NHM_Antumbra_Archbishop_53116
53111	NHM_Antumbra_Bishop_53111
53119	NHM_Antumbra_Bishop_53119
500803	NHM_Antumbra_Bishop_500803
53117	NHW_Fanatic_53117
54552	NHW_Fanatic_54552
53107	NHM_Antumbra_53107
53124	NHM_Antumbra_Wizard_53124
1000764	NHM_Antumbra_Wizard_2
1000029	NHM_Antumbra_Wizard_1
83855465	NHM_Caliburn_Soldiers_TwoHandSword_3
1001683	NHM_Caliburn_Soldiers_TwoHandSpear_5
1001684	NHM_Caliburn_Soldiers_TwoHandSpear_7
1002216	NHM_Caliburn_Soldiers_SwordTowerShield_1
1002217	NHM_Caliburn_Soldiers_SwordTowerShield_2
1000528	NHM_Caliburn_Soldiers_Fix_OneHandBow_1
1000529	NHM_Caliburn_Soldiers_Fix_OneHandBow_2
1000692	NHM_Caliburn_Soldiers_OneHandMusket_5
119538832	NHM_Caliburn_Soldiers_OneHandMusket_1
1002045	NHM_Caliburn_Soldiers_OneHandMusket_3
1000727	NHM_Caliburn_Soldiers_TwoHandFlag_1
1000728	NHM_Caliburn_Soldiers_TwoHandFlag_2
1001774	NHM_Caliburn_Soldiers_OneHandHammer_1
1002228	NHM_Caliburn_Soldiers_SwordTowerShield_3
1002229	NHM_Caliburn_Soldiers_SwordTowerShield_4
1002230	NHM_Caliburn_Soldiers_SwordTowerShield_5
1002231	NHM_Caliburn_Soldiers_MaceTowerShield_1
1002232	NHM_Caliburn_Soldiers_MaceTowerShield_2
1002233	NHM_Caliburn_Soldiers_MaceTowerShield_3
1002234	NHM_Caliburn_Soldiers_SpearTowerShield_1
1002235	NHM_Caliburn_Soldiers_SpearTowerShield_2
1002236	NHM_Caliburn_Soldiers_SpearTowerShield_3
1002237	NHM_Caliburn_Soldiers_AxeTowerShield_1
1002238	NHM_Caliburn_Soldiers_AxeTowerShield_2
1002239	NHM_Caliburn_Soldiers_AxeTowerShield_3
1001952	NHM_Caliburn_Soldiers_TwoHandCannon_1
1001953	NHM_Caliburn_Soldiers_TwoHandCannon_2
1001954	NHM_Caliburn_Soldiers_TwoHandCannon_3
1000297	NHM_Caliburn_Soldiers_OneHandHammer_2
1000299	NHM_Caliburn_Soldiers_TwoHandSword_7
1000329	NTM_Caliburn_Soldiers_TwoHandAxe_2
1001013	NHM_Caliburn_Soldiers_TwoHandSpear_6
1001918	NHM_Caliburn_HighSoldiers_TwoHandSword_1
1001964	NHM_Caliburn_HighSoldiers_TwoHandSword_2
1001970	NHM_Caliburn_HighSoldiers_TwoHandSword_3
1001972	NHM_Caliburn_HighSoldiers_TwoHandSword_4
1000277	NHM_Caliburn_Engineer_1
1000301	NHM_Caliburn_Engineer_2
1000412	NHM_Caliburn_Engineer_3
1000413	NHM_Caliburn_Engineer_4
1000414	NHM_Caliburn_Engineer_5
1000003	NHM_DarknessKing_Soldiers_2
1000004	NHM_DarknessKing_Soldiers_3
1000007	NHM_DarknessKing_Soldiers_4
1000705	NHM_DarknessKing_Soldiers_1
1002647	MON_Desert_Tank_Small_I
1002050	MON_Desert_Tank_Tower_I
1002811	NatureCreature_IronWorm
52319	NGM_Desert_Goblin_OneHandMusket_52319
52320	NGM_Desert_Goblin_OneHandMusket_52320
52321	NGM_Desert_Goblin_OneHandMusket_52321
52327	NGM_Desert_Goblin_OneHandMusket_52327
52328	NGM_Desert_Goblin_OneHandMusket_52328
52329	NGM_Desert_Goblin_OneHandMusket_52329
52330	NGM_Desert_Goblin_52330
950010	Gimmick_Bag_00_Socket
52325	NTM_Desert_Troll_52325
52326	NTM_Desert_Troll_52326
52323	NOM_Desert_Orc_52323
52331	NOM_Desert_Orc_52331
1000184	NOM_Desert_Orc_11
52333251	NOM_Desert_Orc_OneHandShotgun_1
52235324	NOM_Desert_Orc_OneHandShotgun_2
52322	NOM_Desert_Orc_52322
1002629	NOM_Desert_Orc_SwordShield_1
52332	NTM_Desert_Troll_52332
1000185	NTM_Desert_Troll_10
52333	NDM_Desert_Dwarf_52333
1000187	NDM_Desert_Dwarf_10
1000188	NDM_Desert_Dwarf_11
52814	NDM_Desert_Dwarf_OneHandMusket_52814
52815	NDM_Desert_Dwarf_OneHandMusket_52815
52816	NDM_Desert_Dwarf_OneHandMusket_52816
1000410	NTM_Desert_Troll_TwoHandedWarHammer_1
1000419	NOM_Desert_Orc_TwoHandAxe_1
1000420	NDM_Desert_Dwarf_OneHandMusket_1
1002569	Mon_Iguana_Rider_TwoHandHammer_1
1001765	NDM_Bandit_Rider_TwoHandHammer_1
1001767	NDM_Bandit_Rider_OneHandMusket_1
1001449	NDM_Bandit_Rider_TwoHandCannon_1
1001948	NDM_Bandit_Rider_OneHandSword_1
1001950	NDM_Bandit_Rider_OneHandAxe_1
1000344	NHM_Hymns_of_Dusk_OneHandSword_1
1000510	NHM_Hymns_of_Dusk_OneHandMusket_11
1000351	NHM_Hymns_of_Dusk_TwoHandSpear_1
1000352	NHM_Hymns_of_Dusk_OneHandAxe_1
1000353	NHM_Hymns_of_Dusk_SwordShield_1
1000354	NHM_Hymns_of_Dusk_SwordShield_2
1000355	NHM_Hymns_of_Dusk_OneHandAxe_2
1000360	NHM_Hymns_of_Dusk_TwoHandSpear_2
1000361	NHM_Hymns_of_Dusk_OneHandSword_2
1000362	NHM_Hymns_of_Dusk_OneHandSword_3
1000058	NHM_Hymns_of_Dusk_OneHandMusket_1
1000059	NHM_Hymns_of_Dusk_OneHandMusket_2
1000060	NHM_Hymns_of_Dusk_OneHandMusket_3
1000061	NHM_Hymns_of_Dusk_OneHandMusket_4
1000062	NHM_Hymns_of_Dusk_OneHandMusket_5
1000063	NHM_Hymns_of_Dusk_OneHandMusket_6
1000064	NHM_Hymns_of_Dusk_OneHandMusket_7
1000065	NHM_Hymns_of_Dusk_OneHandMusket_8
1000066	NHM_Hymns_of_Dusk_OneHandMusket_9
1000067	NHM_Hymns_of_Dusk_OneHandMusket_10
1000507	NHM_Hymns_of_Dusk_TwoHandFlamethrower_1
1001184	NTM_Hymns_of_Dusk_TwoHandWarHammer_1
1001186	NTM_Hymns_of_Dusk_TwoHandAxe_1
1001187	NTM_Hymns_of_Dusk_TwoHandAxe_2
1001194	NTM_Hymns_of_Dusk_TwoHandAxe_3
1000032	NHM_Hymns_of_Dusk_TwoHandCannon_1
1000033	NHM_Hymns_of_Dusk_TwohandLightningThrower_1
1000035	NHM_Hymns_of_Dusk_TwoHandFlamethrower_2
1000697	NTM_Hymns_of_Dusk_TwoHandAxe_4
1000519	NHM_Hymns_of_Dusk_SwordShield_3
1000543	NHM_Hymns_of_Dusk_TwoHandSpear_3
52631	NHM_DragonKnight_Leader_SwordShield_52631
52632	NHM_DragonKnight_TwoHandSpear_52632
1004477	NHM_DragonKnight_TwoHandSpear_1
1004478	NHM_DragonKnight_TwoHandSpear_2
1004479	NHM_DragonKnight_TwoHandSpear_3
1004480	NHM_DragonKnight_TwoHandSpear_4
1004481	NHM_DragonKnight_TwoHandSpear_5
1004482	NHM_DragonKnight_TwoHandSpear_6
52633	NHM_DragonKnight_OneHandBow_52633
1004483	NHM_DragonKnight_OneHandBow_1
1004484	NHM_DragonKnight_OneHandBow_2
1004485	NHM_DragonKnight_OneHandBow_3
1000748	NTM_Bandit_Hogrider_TwoHandWarHammer_50037
1000749	NTM_Bandit_Hogrider_TwoHandAxe_50038
1000572	NTM_Bandit_Hogrider_TwoHandAxe_50039
1000751	NTM_Bandit_Hogrider_TwoHandAxe_50040
1000752	NTM_Bandit_Hogrider_TwoHandWarHammer_50093
1000753	NTM_Bandit_Hogrider_TwoHandAxe_50094
1000754	NTM_Bandit_Hogrider_TwoHandAxe_50098
1000480	NHM_Silver_Armor_Soldiers_5
1000504	NHM_SkullKnight_Armor_Soldiers_1
1000492	NHM_Silver_Armor_Soldiers_6
59007	Mon_SkullKnight_PrisonGuard_59007
59008	Mon_SkullKnight_PrisonGuard_59008
59009	Mon_SkullKnight_PrisonGuard_59009
1000761	Mon_SkullKnight_Follower_OneHandBow
1000037	Mon_SkullKnight_TwohandIceThrower_1
53122	NHW_SkullKnight_Follower_53122
1001615	NHW_SkullKnight_Follower_1
53123	NHM_SkullKnight_Ghost_53123
50001	NHM_Bandit_OneHandAxe_50001
60204	NHM_Bandit_OneHandAxe_60204
1001101	NHM_Bandit_OneHandAxe_50002
50002	NHM_Bandit_OneHandDagger_50002
1000708	NHM_Bandit_OneHandDagger_50003
50004	NHM_Bandit_OneHandSword_50004
50005	NHM_Bandit_OneHandDagger_50005
50007	NHM_Bandit_OneHandMace_50007
50008	NHM_Bandit_OneHandSword_50008
50009	NHM_Bandit_OneHandBow_50009
50011	NGM_Bandit_Leader_OneHandDagger_50011
50012	NGM_Bandit_OneHandSword_50012
50013	NGM_Bandit_OneHandMace_50013
50014	NGM_Bandit_DualAxe_50014
50015	NGM_Bandit_OneHandMace_50015
1000883	NGM_Bandit_DualDagger_50016
50017	NHM_Bandit_TwoHandWarHammer_50017
50019	NHM_Bandit_TwoHandAxe_50019
50020	NHM_Bandit_DualAxe_50020
50022	NGM_Bandit_DualDagger_50022
50023	NGM_Bandit_DualAxe_50023
50024	NGM_Bandit_DualDagger_50024
50030	NOM_Bandit_TwoHandWarHammer_50030
1001181	NHM_Bandit_DualDagger_50044
50045	NHM_Bandit_DualAxe_50045
50046	NHM_Bandit_TwoHandAxe_50046
1002503	NHM_Bandit_OneHandDagger_50047
50049	NOM_Bandit_TwoHandWarHammer_50049
50051	NHM_Bandit_OneHandBow_50051
50052	NHM_Bandit_OneHandDagger_50052
50053	NHM_Bandit_OneHandSword_50053
50054	NHM_Bandit_OneHandBow_50054
50055	NGM_Bandit_OneHandSword_50055
50056	NGM_Bandit_OneHandSword_50056
50058	NGM_Bandit_OneHandDagger_50058
1000638	NGM_Bandit_OneHandSword_52025
1000706	NGM_Bandit_OneHandMace_52026
1000707	NGM_Bandit_DualAxe_52027
1002504	NGM_Bandit_DualDagger_52028
50059	NHM_Bandit_OneHandAxe_50059
50060	NGM_Bandit_OneHandMace_50060
50061	NGM_Bandit_DualAxe_50061
1002505	NGM_Bandit_OneHandDagger_50062
50063	NGM_Bandit_OneHandSword_50063
1002506	NGM_Bandit_OneHandDagger_50064
50100	NHM_Bandit_OneHandSword_50100
50101	NHM_Bandit_OneHandSword_50101
1002507	NHM_Bandit_OneHandDagger_57252
57322	NHM_Bandit_OneHandDagger_57322
57323	NHM_Bandit_OneHandDagger_57323
57324	NHM_Bandit_OneHandDagger_57324
1002508	NHM_Bandit_OneHandDagger_57325
1002509	NHM_Bandit_OneHandDagger_57326
57327	NHM_Bandit_OneHandAxe_57327
1002510	NHM_Bandit_OneHandDagger_57328
1002511	NHM_Bandit_OneHandDagger_57329
57331	NGM_Bandit_DualDagger_57331
500862	NGM_Bandit_OneHandSword_500862
500863	NGM_Bandit_OneHandMace_500863
500864	NGM_Bandit_DualAxe_500864
500865	NGM_Bandit_DualAxe_500865
500866	NGM_Bandit_OneHandMace_500866
1002512	NGM_Bandit_DualDagger_500867
500868	NGM_Bandit_DualAxe_500868
1002513	NGM_Bandit_DualDagger_500869
50040	NTM_Bandit_TwoHandAxe_50040
50098	NTM_Bandit_TwoHandAxe_50098
50094	NTM_Bandit_TwoHandAxe_50094
50036	NOM_Bandit_TwoHandAxe_50036
50029	NOM_Bandit_TwoHandAxe_50029
50038	NTM_Bandit_TwoHandAxe_50038
50093	NTM_Bandit_TwoHandWarHammer_50093
50037	NTM_Bandit_TwoHandWarHammer_50037
50031	NOM_Bandit_TwoHandWarHammer_50031
57001	NHM_Bandit_TwoHandWarHammer_57001
50018	NHM_Bandit_TwoHandWarHammer_50018
50032	NHM_Bandit_TwoHandWarHammer_50032
50048	NOM_Bandit_TwoHandWarHammer_50048
1000574	NTM_Bandit_TwoHandAxe_50039
50099	NHM_Bandit_SpearShield_50099
50033	NHM_Bandit_SpearShield_50033
1000575	NHM_Bandit_TwoHandAxe_50034
1000576	NHM_Bandit_TwoHandAxe_50041
50006	NHM_Bandit_OneHandMace_50006
50021	NHM_Bandit_OneHandBow_50021
1000664	NGM_Mimic_Pumpkin_1
1002810	NHM_BeeKeeper_OneHandMace
1000201	NHM_Bandit_DualAxe_1
1000498	NHM_Bandit_OneHandMace_1
1000515	NHM_Bandit_TwoHandAxe_1
50095	NTM_Bandit_TwoHandAxe_50095
50096	NTM_Bandit_TwoHandWarHammer_50096
50097	NTM_Bandit_TwoHandWarHammer_50097
51001	NHM_Bandit_OneHandBow_51001
51002	NHM_Bandit_OneHandAxe_51002
51003	NHM_Bandit_OneHandAxe_51003
51004	NHM_Bandit_OneHandDagger_51004
1002515	NHM_Bandit_OneHandDagger_51005
51006	NGM_Bandit_OneHandMace_51006
51007	NGM_Bandit_DualAxe_51007
51008	NGM_Bandit_OneHandMace_51008
51009	NGM_Bandit_OneHandSword_51009
1002516	NGM_Bandit_DualDagger_51010
51016	NHM_Bandit_TwoHandWarHammer_51016
51017	NHM_Bandit_OneHandSword_51017
51021	NOM_Bandit_TwoHandAxe_51021
51022	NOM_Bandit_OneHandSword_51022
51024	NOM_Bandit_TwoHandWarHammer_51024
51025	NOM_Bandit_TwoHandAxe_51025
51026	NOM_Bandit_TwoHandSword_51026
51028	NOM_Bandit_TwoHandWarHammer_51028
51030	NTM_Bandit_TwoHandAxe_51030
51031	NTM_Bandit_TwoHandAxe_51031
51032	NTM_Bandit_TwoHandWarHammer_51032
1001182	NTM_Bandit_TwoHandWarHammer_51033
51035	NTM_Bandit_TwoHandAxe_51035
51036	NTM_Bandit_TwoHandWarHammer_51036
51038	NHM_Bandit_TwoHandAxe_51038
51039	NHM_Bandit_TwoHandSword_51039
51042	NOM_Bandit_TwoHandSword_51042
52043	NHM_Arwel_AxeShield_52043
52001	NHM_Bandit_OneHandDagger_52001
1002517	NHM_Bandit_OneHandDagger_52002
52003	NHM_Bandit_OneHandMace_52003
1002518	NHM_Bandit_OneHandDagger_52004
52005	NHM_Bandit_OneHandMace_52005
52006	NHM_Bandit_OneHandBow_52006
52007	NHM_Bandit_OneHandMace_52007
52008	NHM_Bandit_OneHandBow_52008
1002519	NHM_Bandit_OneHandDagger_52009
1000684	NDM_Bandit_OneHandDagger_1000681
1000685	NDM_Bandit_DualAxe_1000682
1000686	NDM_Bandit_TwoHandWarHammer_1000683
52010	NGM_Bandit_DualAxe_52010
52011	NGM_Bandit_OneHandMace_52011
52012	NGM_Bandit_DualAxe_52012
52013	NGM_Bandit_DualDagger_52013
52014	NGM_Bandit_OneHandSword_52014
52015	NHM_Bandit_OneHandDagger_52015
52016	NHM_Bandit_OneHandBow_52016
52017	NHM_Bandit_DualAxe_52017
52018	NHM_Bandit_OneHandMace_52018
1002520	NHM_Bandit_OneHandDagger_52019
52025	NOM_Bandit_TwoHandWarHammer_52025
52026	NOM_Bandit_OneHandSword_52026
52027	NOM_Bandit_TwoHandWarHammer_52027
52028	NOM_Bandit_TwoHandAxe_52028
52029	NHM_Bandit_TwoHandAxe_52029
52030	NHM_Bandit_TwoHandWarHammer_52030
52041	NHM_Bandit_SwordShield_52041
52042	NHM_Bandit_SwordShield_52042
1002521	NHM_Bandit_OneHandDagger_500447
1002522	NHM_Bandit_OneHandDagger_500448
500449	NHM_Bandit_OneHandMace_500449
1002523	NHM_Bandit_OneHandDagger_500450
500451	NHM_Bandit_OneHandMace_500451
500452	NHM_Bandit_OneHandBow_500452
500453	NHM_Bandit_OneHandMace_500453
1002524	NHM_Bandit_OneHandDagger_500455
57266	NHM_Bandit_OneHandDagger_57266
57227	NHM_Bandit_Fix_OneHandBow_57227
57267	NHM_Bandit_Fix_OneHandBow_57267
57268	NHM_Bandit_Fix_OneHandBow_57268
1000676	NTM_Bandit_TwoHandWarHammer_1
1001249	NTM_Bandit_TwoHandAxe_10
1001281	NTM_Bandit_TwoHandAxe_11
1001927	MON_MachineTank_55068
55067	MON_MachineTank_55067
1000927	MON_MachineTank_55113
1000850	MON_MachineTank_55107
54829	MON_Innocence_XII_54829
55046	MON_MachineTank_55046
1000911	MON_Innocence_XII_55100
1000849	MON_MachineTank_55106
55039	MON_MachineTank_55039
1001777	MON_MachineTank_55058
1000839	MON_MachineTank_55100
1000840	MON_MachineTank_55101
1000921	MON_MachineTank_55103
1000785	MON_MachineTank_55104
1002304	MON_MachineTank_Summon_55031
1002305	MON_MachineTank_Summon_55039
1001776	MON_MachineTank_55057
55031	MON_MachineTank_55031
1001924	MON_MachineTank_55064
1000820	MON_MachineTank_55110
1000843	MON_MachineTank_55108
1000842	MON_MachineTank_55114
15630	Object_AirMine_15630
1001623	Riding_EscortPlane_2
1001923	MON_MachineTank_55063
54831	MON_Oog_VIII_54831
1000917	MON_MachineTank_55102
1000912	MON_Oog_III_55101
1000915	MON_Oog_VIII_55102
1001736	Marni_Experiment_MachineKnight
1001238	Marni_Experiment_MachineKnight_TwoHandSpear
1000888	Marni_Experiment_MachineKnight_OneHandBow
1000898	Marni_Experiment_MachineKnight_TwoHandSpear_1
1002634	Marni_MachineAnt
1002934	Marni_MachineAnt_2
1003750	Marni_MachineAnt_3
1000479	Marni_MachineAnt_TowerDefence
1001109	Marni_MachineBeetle_1
1001113	Marni_MachineBeetle_2
1001114	Marni_MachineBeetle_3
1001111	Marni_MachineBeetle_Host_1
1002633	Marni_MachineMosquito
1003125	Marni_MachineMosquito_2
1002635	Marni_MachineDragonfly
1000562	Marni_MachineDragonfly_2
1001075	Marni_MachineMantis_Small
1001071	Object_NetralArea_Electric_Drone_1
1001084	Marni_Mother_AirShip_Small_I
1003526	Marni_Mother_AirShip_Small_II
1003751	Marni_MachineAnt_DeadBody
1003752	Marni_MachineAnt_DeadBody_2
1003753	Marni_MachineBeetle_DeadBody_1
1003754	Marni_MachineBeetle_DeadBody_2
1003755	Marni_MachineBeetle_DeadBody_3
1003756	Marni_MachineMosquito_DeadBody
1003757	Marni_MachineMosquito_DeadBody_2
1003758	Marni_MachineDragonfly_DeadBody
1003759	Marni_MachineDragonfly_DeadBody_2
1003760	Marni_MachineMantis_Small_DeadBody
1003129	MON_CacaoFarm_MachineTank_1
1003130	MON_CacaoFarm_MachineTank_2
1003131	MON_CacaoFarm_MachineTank_3
1000859	MON_MachineTank_Guard_1
55041	MON_MachineTank_55041
55042	MON_MachineTank_55042
55043	MON_MachineTank_55043
55044	MON_MachineTank_55044
1003597	MON_MachineTank_55049
55045	MON_MachineTank_55045
55051	MON_MachineTank_55051
55052	MON_MachineTank_55052
55054	MON_MachineTank_55054
55047	MON_MachineTank_55047
55048	MON_MachineTank_55048
55053	MON_MachineTank_55053
55055	MON_MachineTank_55055
1000773	Object_MarniDrone_1
1003617	Object_ShieldDrone_1
1003782	Object_ShieldDrone_2
15647	Object_MarniDrone_15647
15635	Object_MarniDrone_15635
1000982	Object_MarniDrone_Porter_Machine_1
1000983	Object_MarniDrone_Porter_Machine_2
15646	Object_MarniDrone_15646
1000976	Object_MarniDrone_Porter_Item_2
1002060	Object_MarniDrone_Porter_Item_3
1002297	Object_MarniDrone_Porter_Item_Letter_Valgash
1002537	Gimmick_00_Socket
54253	NHM_Order_Delesyian_TwoHandSword_54253
54254	NHM_Order_Delesyian_SwordShield_54254
54255	NHM_Order_Delesyian_SwordShield_54255
54256	NHM_Order_Delesyian_TwoHandSword_54256
54257	NHM_Order_Delesyian_TwoHandSword_54257
54258	NHM_Order_Delesyian_OneHandSword_54258
54261	NHM_Order_Delesyian_OneHandSword_54261
54265	NHM_Order_Delesyian_OneHandBomb_54265
54267	NHM_Order_Delesyian_TwoHandSword_54267
54268	NHM_Order_Delesyian_OneHandSword_54268
54269	NHM_Order_Delesyian_OneHandSword_54269
54271	NHM_Order_Delesyian_TwoHandSpear_54271
54278	NHM_Order_Delesyian_OneHandMusket_54278
54279	NHM_Order_Delesyian_OneHandMace_54279
54281	NHM_Order_Delesyian_OneHandMace_54281
54282	NHM_Order_Delesyian_OneHandDagger_54282
54283	NHM_Order_Delesyian_OneHandDagger_54283
54284	NHM_Order_Delesyian_OneHandDagger_54284
50802	NHM_Wandering_Mercenary_TwoHandSword_50802
50804	NHM_Wandering_Mercenary_TwoHandSpear_50804
50811	NHW_Wandering_Mercenary_OneHandSword_50811
50812	NGM_Wandering_Mercenary_OneHandBow_50812
50813	NHM_Wandering_Mercenary_OneHandDagger_50813
50814	NHM_Wandering_Mercenary_OneHandMace_50814
50815	NHW_Wandering_Mercenary_OneHandMace_50815
50816	NHM_Wandering_Mercenary_OneHandAxe_50816
50817	NGM_Wandering_Mercenary_OneHandSword_50817
50818	NHW_Wandering_Mercenary_SwordShield_50818
1002535	NHW_Wandering_Mercenary_DualDagger_50819
50820	NHM_Wandering_Mercenary_TwoHandSword_50820
50821	NHM_Wandering_Mercenary_DualAxe_50821
50822	NHM_Wandering_Mercenary_OneHandSword_50822
50823	NHW_Wandering_Mercenary_TwoHandSpear_50823
50824	NHM_Wandering_Mercenary_OneHandSword_50824
50826	NHM_Wandering_Mercenary_OneHandSword_50826
1002536	NHM_Wandering_Mercenary_OneHandDagger_57200
57207	NOW_Wandering_Mercenary_TwoHandAxe_57207
58001	NHM_Wandering_Mercenary_OneHandSword_58001
58002	NHM_Wandering_Mercenary_OneHandDagger_58002
58004	NHM_Wandering_Mercenary_OneHandMace_58004
58005	NOM_Wandering_Mercenary_OneHandAxe_58005
58006	NHM_Wandering_Mercenary_OneHandSword_58006
58007	NHM_Wandering_Mercenary_OneHandSword_58007
58008	NHM_Wandering_Mercenary_OneHandMace_58008
58009	NHM_Wandering_Mercenary_OneHandMace_58009
58010	NHM_Wandering_Mercenary_OneHandMace_58010
58011	NHM_Wandering_Mercenary_OneHandDagger_58011
1002538	NHM_Wandering_Mercenary_OneHandDagger_58012
1002539	NHM_Wandering_Mercenary_OneHandDagger_58013
58014	NHM_Wandering_Mercenary_BowDagger_58014
58015	NHM_Wandering_Mercenary_BowDagger_58015
58016	NHM_Wandering_Mercenary_BowDagger_58016
58017	NHM_Wandering_Mercenary_OneHandAxe_58017
58018	NHM_Wandering_Mercenary_OneHandAxe_58018
58019	NHM_Wandering_Mercenary_OneHandAxe_58019
58020	NHM_Wandering_Mercenary_OneHandSword_58020
58021	NOW_Wandering_Mercenary_TwoHandAxe_58021
58022	NOW_Wandering_Mercenary_OneHandSword_58022
58023	NHM_Wandering_Mercenary_DualAxe_58023
58024	NOM_Wandering_Mercenary_TwoHandSword_58024
58025	NOM_Wandering_Mercenary_TwoHandAxe_58025
58026	NOM_Wandering_Mercenary_TwoHandWarHammer_58026
58027	NOM_Wandering_Mercenary_TwoHandAxe_58027
58033	NHM_Wandering_Mercenary_TwoHandSpear_58033
58034	NHM_Wandering_Mercenary_SwordShield_58034
1000401	NHM_Wandering_Mercenary_OneHandMace_2
58035	NHM_Wandering_Mercenary_OneHandBow_58035
500770	NHM_Wandering_Mercenary_SwordShield_500770
500773	NHM_Wandering_Mercenary_SwordShield_500773
500774	NHM_Wandering_Mercenary_500774
500776	NOM_Wandering_Mercenary_OneHandSword_500776
500777	NHM_Wandering_Mercenary_SwordShield_500777
500778	NHM_Wandering_Mercenary_SwordShield_500778
500779	NHM_Wandering_Mercenary_OneHandSword_500779
1002540	NHM_Wandering_Mercenary_OneHandDagger_500781
500782	NHM_Wandering_Mercenary_TwoHandSpear_500782
500783	NHM_Wandering_Mercenary_OneHandSword_500783
500043	NHM_Wandering_Mercenary_OneHandAxe_500043
500048	NHM_Wandering_Mercenary_SwordShield_500048
50851	NHM_Wandering_Mercenary_DualAxe_50851
1001597	NDM_Wandering_Mercenary_TwoHandAxe_50852
54604	NHM_Wandering_Mercenary_OneHandAxe_54604
54605	NHM_Wandering_Mercenary_OneHandSword_54605
54606	NHM_Wandering_Mercenary_OneHandMace_54606
54607	NHM_Wandering_Mercenary_OneHandDagger_54607
54608	NHM_Wandering_Mercenary_TwoHandSword_54608
54609	NHM_Wandering_Mercenary_SwordShield_54609
54610	NHW_Wandering_Mercenary_SwordShield_54610
54611	NHW_Wandering_Mercenary_OneHandBow_54611
54612	NOM_Wandering_Mercenary_TwoHandWarHammer_54612
1000397	NOM_Wandering_Mercenary_DualAxe_South_1
54613	NOM_Wandering_Mercenary_DualAxe_54613
54614	NOM_Wandering_Mercenary_TwoHandAxe_54614
54615	NHM_Wandering_Mercenary_OneHandSword_54615
54649	NHM_Wandering_Mercenary_OneHandBow_54649
1000345	NHM_Wandering_Mercenary_OneHandMusket_01
1002251	NHM_Wandering_Mercenary_OneHandMusket_02
1003560	NHM_Wandering_Mercenary_OneHandMusket_03
54616	NHM_Wandering_Mercenary_OneHandSword_54616
54617	NHM_Wandering_Mercenary_OneHandAxe_54617
54618	NHM_Wandering_Mercenary_OneHandMace_54618
54619	NHM_Wandering_Mercenary_SwordShield_54619
54620	NHM_Wandering_Mercenary_DualAxe_54620
54626	NOM_Wandering_Mercenary_TwoHandAxe_54626
54627	NOM_Wandering_Mercenary_DualAxe_54627
54628	NOM_Wandering_Mercenary_TwoHandSword_54628
54629	NOW_Wandering_Mercenary_OneHandBow_54629
54630	NOW_Wandering_Mercenary_OneHandBow_54630
54631	NOW_Wandering_Mercenary_TwoHandWarHammer_54631
54632	NHM_Wandering_Mercenary_54632
1003724	NHM_Wandering_Mercenary_TwoHandSpear_1
1003725	NHM_Wandering_Mercenary_TwoHandSpear_2
1003726	NHM_Wandering_Mercenary_TwoHandSpear_3
1000455	NHM_Hyena_Mercenary_OneHandDagger_1
54634	NHM_Wandering_Mercenary_OneHandAxe_54634
1000398	NHM_Wandering_Mercenary_DualAxe_Desert_1
54636	NHM_Wandering_Mercenary_OneHandSword_54636
54633	NHM_Wandering_Mercenary_54633
54635	NHM_Wandering_Mercenary_54635
54643	NOM_Wandering_Mercenary_54643
54644	NOM_Wandering_Mercenary_54644
54645	NOM_Wandering_Mercenary_54645
1003097	NTM_Wandering_Mercenary_TwoHandAxe_500488
1003098	NTM_Wandering_Mercenary_TwoHandWarHammer_500489
1003099	NTM_Wandering_Mercenary_TwoHandAxe_500490
1003100	NTM_Wandering_Mercenary_TwoHandAxe_500491
1003101	NTM_Wandering_Mercenary_TwoHandWarHammer_500492
1003102	NTM_Wandering_Mercenary_TwoHandAxe_500493
54646	NTM_Wandering_Mercenary_54646
54647	NTM_Wandering_Mercenary_54647
54648	NTM_Wandering_Mercenary_54648
54650	NHW_Wandering_Mercenary_SwordShield_54650
54656	NHM_Wandering_Mercenary_OneHandMace_54656
54658	NGM_Wandering_Mercenary_OneHandDagger_54658
54661	NOM_Wandering_Mercenary_TwoHandAxe_54661
50810	NHM_Wandering_Mercenary_SwordShield_50810
1000721	NHM_BountyHunter_SwordShield_200010273
1000725	NHM_BountyHunter_SwordShield_200010274
1000726	NHM_BountyHunter_SwordShield_200010275
1000731	NHM_BountyHunter_SwordShield_200010276
1000732	NHM_BountyHunter_SwordShield_200010277
1000734	NHM_BountyHunter_SwordShield_200010280
200070071	NOM_BountHunter_OneHandSword_200070071
200070072	NOM_BountHunter_OneHandSword_200070072
200070075	NOM_BountHunter_OneHandSword_200070075
200070076	NOM_BountHunter_OneHandSword_200070076
200070079	NOM_BountHunter_OneHandSword_200070079
200070080	NOM_BountHunter_OneHandSword_200070080
200090053	NGM_BountyHunter_DualDagger_200090053
200090054	NGM_BountyHunter_DualDagger_200090054
200090055	NGM_BountyHunter_DualDagger_200090055
200090058	NGM_BountyHunter_DualDagger_200090058
200090059	NGM_BountyHunter_DualDagger_200090059
200090060	NGM_BountyHunter_DualDagger_200090060
1000736	NHM_BountyHunter_SwordShield_200010278
1000742	NHM_BountyHunter_SwordShield_200010281
200070073	NOM_BountHunter_OneHandSword_200070073
200070077	NOM_BountHunter_OneHandSword_200070077
200090056	NGM_BountyHunter_DualDagger_200090056
200090061	NGM_BountyHunter_DualDagger_200090061
1000755	NHM_BountyHunter_SwordShield_200010279
1000756	NHM_BountyHunter_SwordShield_200010282
200070074	NOM_BountHunter_OneHandSword_200070074
200070078	NOM_BountHunter_OneHandSword_200070078
200090057	NGM_BountyHunter_DualDagger_200090057
200090062	NGM_BountyHunter_DualDagger_200090062
1003604	NHM_Dragon_BountyHunter_SwordShield_200010279
1003605	NOM_Dragon_BountHunter_OneHandSword_200070074
1003606	NOM_Dragon_BountHunter_OneHandSword_200070078
1003607	NHM_Dragon_BountyHunter_TwoHandCannon_200010280
1003608	NOM_Dragon_BountyHunter_TwoHandCannon_200070079
1003609	NOM_Dragon_BountyHunter_TwoHandCannon_200070080
1003610	NHM_Dragon_BountyHunter_TwoHandCannon_200010281
1003611	NHM_Dragon_BountyHunter_TwoHandCannon_200010282
1003612	NHM_ATAG_BountyHunter_TwoHandCannon_200010280
1003613	NOM_ATAG_BountyHunter_TwoHandCannon_200070079
1003614	NOM_ATAG_BountyHunter_TwoHandCannon_200070080
1003615	NHM_ATAG_BountyHunter_TwoHandCannon_200010281
1003616	NHM_ATAG_BountyHunter_TwoHandCannon_200010282
1003962	NHM_JewelHunter_SwordShield_200010280
1003581	NHM_JewelHunter_SwordShield_200010279
1003582	NHM_JewelHunter_SwordShield_200010282
1003583	NOM_JewelHunter_OneHandSword_200070074
1003584	NOM_JewelHunter_OneHandSword_200070078
1003585	NGM_JewelHunterr_DualDagger_200090057
1003586	NGM_JewelHunterr_DualDagger_200090062
1003963	NHM_TradeHunter_SwordShield_200010280
1003587	NHM_TradeHunter_SwordShield_200010279
1003588	NHM_TradeHunter_SwordShield_200010282
1003589	NOM_TradeHunter_OneHandSword_200070074
1003590	NOM_TradeHunter_OneHandSword_200070078
1003591	NGM_TradeHunterr_DualDagger_200090057
1003592	NGM_TradeHunterr_DualDagger_200090062
4592	NTM_Soldier_TwoHandAxe_4592
4593	NTM_Soldier_TwoHandWarHammer_4593
4594	NTM_Soldier_TwoHandAxe_4594
1000564	NTM_Soldier_TwoHandAxe_4595
4596	NTM_Soldier_TwoHandWarHammer_4596
1000565	NTM_Soldier_TwoHandAxe_4597
50551	NGM_UnyieldingShields_DualDagger_50551
53252	NHM_UnyieldingShields_MaceShield_53252
53253	NHM_UnyieldingShields_SwordShield_53253
1002219	NHM_UnyieldingShields_SwordTowerShield_53254
53255	NHM_UnyieldingShields_OneHandShield_53255
53256	NHM_UnyieldingShields_OneHandShield_53256
53257	NHM_UnyieldingShields_OneHandSword_53257
53258	NHM_UnyieldingShields_OneHandSword_53258
53259	NHM_UnyieldingShields_OneHandSword_53259
53260	NHM_UnyieldingShields_OneHandSword_53260
53262	NHM_UnyieldingShields_53262
53265	NHM_UnyieldingShields_OneHandSword_53265
53266	NHM_UnyieldingShields_OneHandSword_53266
1002220	NHM_UnyieldingShields_SwordTowerShield_53267
53268	NHM_UnyieldingShields_53268
53271	NHM_UnyieldingShields_OneHandSword_53271
53272	NHM_UnyieldingShields_OneHandSword_53272
53273	NHM_UnyieldingShields_OneHandSword_53273
53275	NHM_UnyieldingShields_TwoHandSpear_53275
1000771	NHM_UnyieldingShields_Tooltrumpet_1
53276	NHM_UnyieldingShields_TwoHandSpear_53276
53277	NHM_UnyieldingShields_TwoHandSpear_53277
53278	NHM_UnyieldingShields_TwoHandSpear_53278
53279	NHM_UnyieldingShields_TwoHandSpear_53279
53280	NHM_UnyieldingShields_OneHandSword_53280
53281	NHM_UnyieldingShields_OneHandSword_53281
53282	NHM_UnyieldingShields_OneHandSword_53282
53285	NHM_UnyieldingShields_OneHandBomb_53285
53286	NHM_UnyieldingShields_OneHandBomb_53286
53287	NHM_UnyieldingShields_OneHandSword_53287
53288	NHM_UnyieldingShields_OneHandMace_53288
53289	NHM_UnyieldingShields_OneHandMace_53289
53290	NHM_UnyieldingShields_OneHandAxe_53290
53291	NHM_UnyieldingShields_OneHandAxe_53291
53292	NHM_UnyieldingShields_OneHandDagger_53292
53293	NHM_UnyieldingShields_OneHandDagger_53293
53294	NHM_UnyieldingShields_OneHandBow_53294
53295	NHM_UnyieldingShields_OneHandBow_53295
53296	NHM_UnyieldingShields_OneHandBow_53296
53297	NHM_UnyieldingShields_OneHandBow_53297
53298	NHM_UnyieldingShields_OneHandBow_53298
53300	NGM_UnyieldingShields_OneHandMace_53300
53526	NHM_UnyieldingShields_TwoHandAxe_53526
53790	NHM_UnyieldingShields_TwoHandAxe_53790
53791	NHM_UnyieldingShields_TwoHandAxe_53791
53792	NHM_UnyieldingShields_TwoHandAxe_53792
53793	NHM_UnyieldingShields_TwoHandAxe_53793
53794	NHM_UnyieldingShields_TwoHandSword_53794
53795	NHM_UnyieldingShields_TwoHandSword_53795
53796	NHM_UnyieldingShields_TwoHandSword_53796
53797	NHM_UnyieldingShields_TwoHandSword_53797
53798	NHM_UnyieldingShields_TwoHandSword_53798
53799	NHM_UnyieldingShields_TwoHandFlag_53799
53800	NHM_UnyieldingShields_TwoHandFlag_53800
53801	NHM_UnyieldingShields_TwoHandFlag_53801
53802	NHM_UnyieldingShields_TwoHandFlag_53802
1000866	NHM_UnyieldingShields_Drum_1
1000867	NHM_UnyieldingShields_Drum_2
500894	NHM_Guard_TwoHandSpear_500894
500895	NHM_Guard_TwoHandSpear_500895
500896	NHM_Grace_Guard_SwordShield_500896
500897	NHM_Grace_Guard_TwoHandSpear_500897
4525	NTM_Soldier_Asylum_TwoHandAxe_4525
4526	NTM_Soldier_Asylum_TwoHandAxe_4526
4599	NTM_Soldier_Asylum_TwoHandAxe_4599
500473	NHM_Unique_Asylum_Master_OneHandMace_500473
3009	NHM_Citizen_Asylum_Master_3009
3010	NHM_Citizen_Asylum_Master_3010
3012	NHM_Citizen_Asylum_Master_3012
3171	NHM_Priest_Battle_OneHandMace_3171
3172	NHM_Priest_Battle_OneHandMace_3172
3173	NHM_Priest_Battle_OneHandMace_3173
1001010	NHM_Guard_4601
4602	NHM_Guard_4602
4603	NHM_Guard_4603
1000889	NHM_Guard_4604
1003727	NHM_Pailoon_Vigilante_TwoHandSpear_1
1003728	NHM_Pailoon_Vigilante_TwoHandSpear_2
1003729	NHM_Pailoon_Vigilante_TwoHandSpear_3
51101	NHM_Pailoon_Vigilante_SwordShield_51101
51102	NHM_Pailoon_Vigilante_DualAxe_51102
51103	NHM_Pailoon_Vigilante_SwordShield_51103
51104	NHM_Pailoon_Vigilante_OneHandBow_51104
51105	NHM_Pailoon_Vigilante_DualDagger_51105
51106	NHM_Pailoon_Vigilante_DualDagger_51106
51107	NHM_Pailoon_Vigilante_OneHandSword_51107
51108	NHM_Pailoon_Vigilante_OneHandSword_51108
51109	NHM_Pailoon_Vigilante_DualAxe_51109
51110	NHM_Pailoon_Vigilante_OneHandMace_51110
51111	NHM_Pailoon_Vigilante_51111
51112	NHM_Pailoon_Vigilante_51112
51114	NHM_Pailoon_Vigilante_OneHandAxe_51114
51115	NHM_Pailoon_Vigilante_OneHandAxe_51115
51116	NHM_Pailoon_Vigilante_OneHandDagger_51116
51117	NHM_Pailoon_Vigilante_TwoHandAxe_51117
1002218	NHM_Pailoon_Vigilante_SwordTowerShield_51118
51119	NHM_Pailoon_Vigilante_TwoHandSword_51119
51120	NHM_Pailoon_Vigilante_TwoHandWarHammer_51120
51121	NHM_Pailoon_Vigilante_TwoHandSpear_51121
1000877	NHM_Demeniss_Soldiers_OneHandSword_533910
1000878	NHM_Demeniss_Soldiers_SwordShield_533920
1000879	NHM_Demeniss_Soldiers_SwordShield_533930
1000880	NHM_Demeniss_Soldiers_DualAxe_533940
1000881	NHM_Demeniss_Soldiers_OneHandSword_533950
1000882	NHM_Demeniss_Soldiers_OneHandMace_533960
1002525	NHM_Demeniss_Soldiers_OneHandDagger_533970
53400	NHM_Demeniss_Soldiers_TwoHandSword_53400
53401	NHM_Demeniss_Soldiers_TwoHandSword_53401
53402	NHM_Demeniss_Soldiers_SwordShield_53402
53403	NHM_Demeniss_Soldiers_SwordShield_53403
53404	NHM_Demeniss_Soldiers_TwoHandSword_53404
53405	NHM_Demeniss_Soldiers_OneHandSword_53405
53406	NHM_Demeniss_Soldiers_SwordShield_53406
53407	NHM_Demeniss_Soldiers_SwordShield_53407
53408	NHM_Demeniss_Soldiers_TwoHandHalberd_53408
53409	NHM_Demeniss_Soldiers_TwoHandHalberd_53409
53410	NHM_Demeniss_Soldiers_TwoHandAxe_53410
53411	NHM_Demeniss_Soldiers_DualAxe_53411
53412	NHM_Demeniss_Soldiers_OneHandSword_53412
53413	NHM_Demeniss_Soldiers_OneHandSword_53413
53414	NHM_Demeniss_Soldiers_OneHandSword_53414
53415	NHM_Demeniss_Soldiers_OneHandMace_53415
53416	NHM_Demeniss_Soldiers_OneHandMace_53416
53417	NHM_Demeniss_Soldiers_OneHandMace_53417
1002526	NHM_Demeniss_Soldiers_OneHandDagger_53418
1002527	NHM_Demeniss_Soldiers_OneHandDagger_53419
53420	NHM_Demeniss_Soldiers_OneHandBow_53420
53421	NHM_Demeniss_Soldiers_OneHandBow_53421
53422	NHM_Demeniss_Soldiers_TwoHandSpear_53422
53423	NHM_Demeniss_Soldiers_TwoHandSpear_53423
53425	NHM_Demeniss_Soldiers_OneHandSword_53425
1003977	NHM_Demeniss_Soldiers_OneHandSword_53430
53426	NHM_Demeniss_Soldiers_OneHandSword_53426
53427	NHM_Demeniss_Soldiers_TwoHandSword_53427
53428	NHM_Demeniss_Soldiers_TwoHandSword_53428
53429	NHM_Demeniss_Soldiers_TwoHandSword_53429
53430	NHM_Demeniss_Soldiers_SpearTowerShield_53430
53431	NHM_Demeniss_Soldiers_TwoHandWarHammer_53431
53432	NHM_Demeniss_Soldiers_OneHandMusket_53432
53433	NHM_Demeniss_Soldiers_OneHandMusket_53433
53436	NHM_Demeniss_Soldiers_OneHandSword_53436
53437	NHM_Demeniss_Soldiers_OneHandSword_53437
53438	NHM_Demeniss_Soldiers_OneHandMace_53438
53439	NHM_Demeniss_Soldiers_OneHandBow_53439
53440	NHM_Demeniss_Soldiers_OneHandBow_53440
53441	NHM_Demeniss_Soldiers_SwordShield_53441
53442	NHM_Demeniss_Soldiers_TwoHandSword_53442
53444	NHM_Demeniss_Soldiers_TwoHandAxe_53444
1002213	NHM_Demeniss_Soldiers_SwordTowerShield_53445
1002214	NHM_Demeniss_Soldiers_SwordTowerShield_53446
53447	NHM_Demeniss_Soldiers_TwoHandSpear_53447
53448	NHM_Demeniss_Soldiers_TwoHandSpear_53448
53449	NHM_Demeniss_Soldiers_TwoHandSword_53449
1002528	NHM_Demeniss_Soldiers_DualDagger_53450
53500	NHM_Demeniss_Soldiers_TwoHandSword_53500
57410	NTM_Soldier_TwoHandWarHammer_57410
57411	NTM_Soldier_TwoHandAxe_57411
59052	NTM_Demeniss_Soldiers_OneHandCannon_59052
59053	NTM_Demeniss_Soldiers_OneHandCannon_59053
500796	NHM_Demeniss_Soldiers_TwoHandSpear_500796
500797	NHM_Demeniss_Soldiers_TwoHandSpear_500797
500798	NHM_Demeniss_Soldiers_TwoHandSword_500798
500820	NHM_Demeniss_Soldiers_TwoHandSword_500820
500821	NHM_Demeniss_Soldiers_SwordShield_500821
500822	NHM_Demeniss_Soldiers_TwoHandSword_500822
500823	NHM_Demeniss_Soldiers_OneHandSword_500823
500824	NHM_Demeniss_Soldiers_SwordShield_500824
500825	NHM_Demeniss_Soldiers_TwoHandHalberd_500825
500826	NHM_Demeniss_Soldiers_TwoHandAxe_500826
500827	NHM_Demeniss_Soldiers_DualAxe_500827
500828	NHM_Demeniss_Soldiers_OneHandSword_500828
500829	NHM_Demeniss_Soldiers_OneHandSword_500829
500830	NHM_Demeniss_Soldiers_OneHandMace_500830
1002529	NHM_Demeniss_Soldiers_OneHandDagger_500831
500861	NHM_Demeniss_Soldiers_TwoHandSpear_500861
1001771	NHM_Demeniss_Soldiers_TwoHandHammer_2
53382	NHM_Royal_Hunting_Ground_Soldier_Tooltrumpet_53382
53384	NHM_Royal_Hunting_Ground_Soldier_Tooltrumpet_53384
1000961	NHM_Demeniss_Soldiers_TwoHandSword_53402
1001943	NHM_Demeniss_Soldiers_TwoHandSword_1
1001960	NHM_Demeniss_Soldiers_TwoHandSword_2
1001962	NHM_Demeniss_Soldiers_TwoHandSword_3
1004077	NHM_Demeniss_Soldiers_Prisoner_1
1004078	NHM_Demeniss_Soldiers_Prisoner_2
1004079	NHM_Demeniss_Soldiers_Prisoner_3
1004080	NHM_Demeniss_Soldiers_Prisoner_4
1004081	NHM_Demeniss_Soldiers_Prisoner_5
1004082	NHM_Demeniss_Soldiers_Prisoner_6
1004083	NHM_Demeniss_Soldiers_Prisoner_7
1004084	NHM_Demeniss_Soldiers_Prisoner_8
50070	NHM_Demeniss_Soldiers_TwoHandSpear_50070
50071	NHM_Demeniss_Soldiers_TwoHandSpear_50071
50072	NHM_Demeniss_Soldiers_TwoHandSpear_50072
50073	NHM_Demeniss_Soldiers_SwordShield_50073
50074	NHM_Demeniss_Soldiers_SwordShield_50074
50075	NHM_Demeniss_Soldiers_SwordShield_50075
50076	NHM_Demeniss_Soldiers_OneHandBow_50076
50077	NHM_Demeniss_Soldiers_OneHandBow_50077
50078	NHM_Demeniss_Soldiers_OneHandMace_50078
50079	NHM_Demeniss_Soldiers_OneHandMace_50079
1000717	NHM_Demeniss_Soldiers_OneHandBomb_1
50083	NHM_Demeniss_Soldiers_OneHandMace_50083
50087	NHM_Demeniss_Soldiers_OneHandBow_50087
50080	NHM_Demeniss_Soldiers_OneHandSword_50080
50086	NHM_Demeniss_Soldiers_OneHandSword_50086
1000026	NHM_Caliburn_Soldiers_TwoHandSpear_100
1000030	NHM_Caliburn_Soldiers_TwoHandSpear_101
1000031	NHM_Caliburn_Soldiers_TwoHandSpear_102
1000036	NHM_Caliburn_Soldiers_SwordShield_103
1000040	NHM_Caliburn_Soldiers_SwordShield_104
1000041	NHM_Caliburn_Soldiers_SwordShield_105
1000042	NHM_Caliburn_Soldiers_OneHandBow_106
1000044	NHM_Caliburn_Soldiers_OneHandBow_107
1000045	NHM_Caliburn_Soldiers_OneHandMace_108
1000046	NHM_Caliburn_Soldiers_OneHandMace_109
1000047	NHM_Caliburn_Soldiers_SwordShield_110
1000048	NHM_Caliburn_Soldiers_OneHandMace_111
1000049	NHM_Caliburn_Soldiers_OneHandBow_112
1000050	NHM_Caliburn_Soldiers_OneHandSword_113
1000051	NHM_Caliburn_Soldiers_OneHandSword_114
1000005	NHM_Soldier_Sheriff_OneHandMusket_01
3178	NHM_Soldier_Sheriff_OneHandBow_3178
1000000	NHM_Soldier_Sheriff_OneHandMusket_02
1000001	NHM_Soldier_Sheriff_OneHandMusket_03
1000002	NHM_Soldier_Sheriff_OneHandMusket_04
1000009	NDM_Soldier_Sheriff_OneHandMusket_01
1000016	NDM_Soldier_Sheriff_OneHandMusket_02
1000165	NDM_Soldier_Sheriff_OneHandMusket_03
53213	NHM_Hernand_Soldiers_TwoHandSword_53213
53201	NHM_Hernand_Soldiers_OneHandSword_53201
53204	NHM_Hernand_Soldiers_OneHandSword_53204
53220	NHM_Hernand_Soldiers_OneHandSword_53220
53205	NHM_Hernand_Soldiers_OneHandDagger_53205
53206	NHM_Hernand_Soldiers_OneHandDagger_53206
53208	NHM_Hernand_Soldiers_OneHandMace_53208
500734	NHM_Hernand_Soldiers_OneHandSword_500734
53203	NHM_Hernand_Soldiers_OneHandSword_53203
53212	NHM_Hernand_Soldiers_OneHandSword_53212
53202	NHM_Hernand_Soldiers_TwoHandSpear_53202
53207	NHM_Hernand_Soldiers_TwoHandSpear_53207
53221	NHM_Hernand_Soldiers_TwoHandSpear_53221
53224	NHM_Hernand_Soldiers_TwoHandSpear_53224
53225	NHM_Hernand_Soldiers_TwoHandSpear_53225
53228	NHM_Hernand_Soldiers_SwordShield_53228
53218	NHM_Hernand_Soldiers_OneHandBow_53218
53219	NHM_Hernand_Soldiers_OneHandBow_53219
53222	NHM_Hernand_Soldiers_OneHandBow_53222
53223	NHM_Hernand_Soldiers_OneHandBow_53223
53211	NHM_Hernand_Soldiers_OneHandSword_53211
53209	NHM_Hernand_Soldiers_SwordShield_53209
53210	NHM_Hernand_Soldiers_SwordShield_53210
53214	NHM_Hernand_Soldiers_TwoHandSword_53214
53215	NHM_Hernand_Soldiers_TwoHandHalberd_53215
53229	NHM_Hernand_Soldiers_TwoHandFlag_53229
53230	NHM_Hernand_Soldiers_TwoHandFlag_53230
53231	NHM_Hernand_Soldiers_TwoHandFlag_53231
53232	NHM_Hernand_Soldiers_TwoHandFlag_53232
1000224	NTM_Soldier_TwoHandWarHammer_1
1000225	NTM_Soldier_TwoHandAxe_2
1001769	NHM_Hernand_Soldiers_TwoHandHammer_1
53226	NHM_Hernand_Soldiers_OneHandSword_53226
1004047	NHM_Hernand_Soldiers_Prisoner_1
1004048	NHM_Hernand_Soldiers_Prisoner_2
1004049	NHM_Hernand_Soldiers_Prisoner_3
1004050	NHM_Hernand_Soldiers_Prisoner_4
1004051	NHM_Hernand_Soldiers_Prisoner_5
1004052	NHM_Hernand_Soldiers_Prisoner_6
1004053	NHM_Hernand_Soldiers_Prisoner_7
1004054	NHM_Hernand_Soldiers_Prisoner_8
1000710	NHM_Delesyian_Soldiers_SwordShield_53505
1002560	NHM_Delesyian_Soldiers_TwoHandSpear_3
1002561	NHM_MarniDevotee_Delesyian_Soldiers_TwoHandFlag_3
1002562	NHM_MarniDevotee_Delesyian_Soldiers_TwoHandFlag_4
1002563	NHM_MarniDevotee_Delesyian_Soldiers_TwoHandFlag_5
1002564	NHM_Delesyian_Soldiers_OneHandSword_20010162
1002558	NHM_Slave_Inspector_Devotee_4075
1002559	NHM_Slave_Inspector_Devotee_4076
4071	NHM_Slave_Inspector_Devotee_4071
4072	NHM_Slave_Inspector_Devotee_4072
1000790	NHM_Delesyian_Soldiers_TwoHandSpear_3000
1000791	NHM_Delesyian_Soldiers_TwoHandSpear_3001
1000792	NHM_Delesyian_Soldiers_TwoHandSpear_3002
1001748	NHM_Delesyian_Soldiers_TwoHandSpear_2
1001412	NHM_Delesyian_Soldiers_OneHandSword_20010161
1001413	NHM_Delesyian_Soldiers_OneHandDagger_20010162
1001749	NHM_Delesyian_Soldiers_TwoHandSword_1
1000819	NHM_Delesyian_Soldiers_SwordTowerShield_1
1001751	NHM_Delesyian_Soldiers_TwoHandWarHammer_1
1001752	NHM_Delesyian_Soldiers_DualAxe_1
1001753	NHM_Delesyian_Soldiers_OneHandMace_1
1000854	NHM_Delesyian_Soldiers_TwoHandHalberd_1
1001756	NHM_Delesyian_Soldiers_OneHandBow_1
1001757	NHM_Delesyian_Soldiers_OneHandBow_2
1001758	NHM_Delesyian_Soldiers_SwordShield_1
1001759	NHM_Delesyian_Soldiers_OneHandSword_1
1001801	NHM_Delesyian_Soldiers_TwohandIceThrower_1
1001625	NOM_Tomaso_Soldiers_OneHandSword_53763
1001627	NOM_Tomaso_Soldiers_OneHandBow_53764
1001628	NOM_Tomaso_Soldiers_OneHandDagger_53765
1000713	NDM_Lizard_Rider_1
1001629	NOM_Tomaso_Soldiers_OneHandSword_53766
1001630	NOM_Tomaso_Soldiers_OneHandSword_53767
1001631	NOM_Tomaso_Soldiers_OneHandMace_53768
1001632	NOM_Tomaso_Soldiers_OneHandBow_53769
1001633	NOM_Tomaso_Soldiers_OneHandBow_53770
1001635	NOM_Tomaso_Soldiers_OneHandDagger_53771
1001636	NOM_Tomaso_Soldiers_OneHandSword_53772
1001637	NOM_Tomaso_Soldiers_TwoHandSpear_53773
1001638	NOM_Tomaso_Soldiers_OneHandBow_53774
1001639	NOM_Tomaso_Soldiers_OneHandBow_53775
1001640	NOM_Tomaso_Soldiers_OneHandBomb_53776
1001641	NOM_Tomaso_Soldiers_SwordShield_53777
1001643	NOM_Tomaso_Soldiers_DualDagger_53778
1001644	NOM_Tomaso_Soldiers_SwordShield_53779
1001645	NOM_Tomaso_Soldiers_OneHandSword_53780
1001647	NOM_Tomaso_Soldiers_TwoHandSpear_53781
1001649	NOM_Tomaso_Soldiers_TwoHandSpear_53782
1001650	NOM_Tomaso_Soldiers_TwoHandSword_53786
1001651	NOM_Tomaso_Soldiers_DualAxe_53787
1001652	NOM_Tomaso_Soldiers_TwoHandAxe_53788
1001654	NOM_Tomaso_Soldiers_TwoHandSword_53789
54950	NHM_Barnia_Soldiers_Leader_TwoHandSpear_54950
54951	NHM_Barnia_Soldiers_OneHandSword_54951
54952	NHM_Barnia_Soldiers_OneHandSword_54952
54953	NHM_Barnia_Soldiers_OneHandDagger_54953
54954	NHM_Barnia_Soldiers_OneHandDagger_54954
54955	NHM_Barnia_Soldiers_OneHandAxe_54955
54956	NHM_Barnia_Soldiers_OneHandAxe_54956
54957	NHM_Barnia_Soldiers_OneHandBow_54957
54958	NHM_Barnia_Soldiers_OneHandBow_54958
54959	NHM_Barnia_Soldiers_OneHandSword_54959
54960	NHM_Barnia_Soldiers_SwordShield_54960
1002413	NHM_Barnia_Soldiers_TwoHandAxe_54961
54962	NHM_Barnia_Soldiers_TwoHandSpear_54962
54963	NHM_Barnia_Soldiers_TwoHandHalberd_54963
54964	NHM_Barnia_Soldiers_DualAxe_54964
1002061	NHM_Pororin_Citizen_30
1000099	NDEM_LongLeafVelage_Police_164001
1003119	NDEM_LongLeafVelage_Police_164006
1003600	NHM_Doctor_Police_3216
1003601	NHM_Doctor_Police_3217
1003618	NHM_Skoghorn_Police_DualAxe_50851
1003619	NHM_Skoghorn_Police_OneHandSword_54616
1003620	NHM_Skoghorn_Police_SwordShield_54619
1003621	NHM_Skoghorn_Police_DualAxe_54620
1003622	NHM_Skoghorn_Police_54632
1003577	NHM_Tariv_Posice_3436
1003578	NHM_Tariv_Posice_3437
53601	NHM_DeshretKemist_Soldiers_OneHandSword_53601
53602	NHM_DeshretKemist_Soldiers_OneHandSword_53602
53604	NHM_DeshretKemist_Soldiers_OneHandBow_53604
53605	NHM_DeshretKemist_Soldiers_SwordShield_53605
53606	NHM_DeshretKemist_Soldiers_SwordShield_53606
53607	NHM_DeshretKemist_Soldiers_OneHandSword_53607
53608	NHM_DeshretKemist_Soldiers_TwoHandSpear_53608
1001773	NHM_DeshretKemist_Soldiers_TwoHandHammer_53609
53611	NHM_DeshretKemist_Soldiers_OneHandSword_53611
53612	NHM_DeshretKemist_Soldiers_OneHandBow_53612
53613	NHM_DeshretKemist_Soldiers_OneHandBow_53613
53614	NHM_DeshretKemist_Soldiers_OneHandSword_53614
53615	NHM_DeshretKemist_Soldiers_OneHandMace_53615
53616	NHM_DeshretKemist_Soldiers_OneHandMace_53616
1002546	NHM_DeshretKemist_Soldiers_OneHandDagger_53617
1002547	NHM_DeshretKemist_Soldiers_OneHandDagger_53618
53619	NHM_DeshretKemist_Soldiers_OneHandAxe_53619
53620	NHM_DeshretKemist_Soldiers_OneHandAxe_53620
57242	NHM_DeshretKemist_Soldiers_Fix_OneHandBow_57242
54679	NOM_Orc_Soldiers_TwoHandCannon_54679
54709	NOM_GreenOrc_TwoHandAxe_54709
54710	NOM_GreenOrc_TwoHandSword_54710
54711	NOM_GreenOrc_TwoHandWarHammer_54711
54712	NOM_GreenOrc_54712
54713	NOM_GreenOrc_TwoHandAxe_54713
54714	NOM_GreenOrc_TwoHandWarHammer_54714
54715	NOM_GreenOrc_OneHandMusket_54715
54716	NOM_GreenOrc_OneHandMusket_54716
54717	NOM_GreenOrc_TwoHandCannon_54717
1000860	NOM_GreenOrc_OneHandSword_1
1000861	NOM_GreenOrc_OneHandSword_2
1000862	NOM_GreenOrc_OneHandSword_3
1000863	NOM_GreenOrc_SwordShield_1
1000864	NOM_GreenOrc_SwordShield_2
1000865	NOM_GreenOrc_SwordShield_3
1000661	NTM_Gladiator_TwoHandAxe_1
1000662	NHM_Gladiator_OneHandSword_1
1000663	NHM_Gladiator_SwordShield_1
1000671	NHM_Gladiator_TwoHandSpear_1
1000678	NHM_Gladiator_TwoHandSpear_2
55036	MiddleBoss_BigHorn_Tiger_DualAxe_55036
1000541	NHM_ZooGuide_OneHandMace_1
1000542	NHM_ZooGuide_OneHandSword_1
1002548	NHM_ZooGuide_DualDagger_1
1001790	NHM_Bastion_Henchman_OneHandSword_1
1001791	NHM_Bastion_Henchman_TwoHandSword_2
1001792	NHM_Bastion_Henchman_TwoHandSword_3
1002549	NHM_Priest_DualDagger_1
1000611	NHM_Priest_TwoHandSpear_1
1000612	NHM_Priest_TwoHandSpear_2
1000613	NHM_Priest_MaceShield_1
1000614	NHM_Priest_MaceShield_2
1000547	NHM_Priest_TwoHandSword_1
1001180	NHW_Priest_Monk_OneHandBow_1
1002550	NHW_Priest_Monk_OneHandDagger_1
1001169	NHW_Reventain_OneHandMace_1
1001793	NHM_Azerian_Soldiers_OneHandSword_1
1001794	NHM_Azerian_Soldiers_TwoHandSpear_1
1001795	NHM_Azerian_Soldiers_TwoHandFlag_1
1003966	NHM_Azerian_Soldiers_TowerShieldSpear_1
1003967	NHM_Azerian_Soldiers_OneHandMace_1
1003968	NHM_Azerian_Soldiers_SwordShield_1
1003969	NHM_Azerian_Soldiers_OneHandBow_2
1003970	NHM_Azerian_Soldiers_MaceShield_1
1004023	NHM_Azerian_Soldiers_TwoHandSword_1
1001810	NHM_Marseille_Soldiers_OneHandSword_1
1001815	NHM_Marseille_Soldiers_TwoHandSpear_1
1001816	NHM_Marseille_Soldiers_TwoHandFlag_1
1001817	NHM_Ellimoor_Soldiers_OneHandSword_1
1001818	NHM_Ellimoor_Soldiers_TwoHandSpear_1
1001819	NHM_Ellimoor_Soldiers_TwoHandFlag_1
1001820	NHM_Byron_Soldiers_OneHandSword_1
1001821	NHM_Byron_Soldiers_TwoHandSpear_1
1001822	NHM_Byron_Soldiers_TwoHandFlag_1
1001959	NHM_Byron_Soldiers_OneHandBow_1
1002300	NHM_Soldiers_OneHandSword_1
1002301	NHM_Soldiers_SwordShield_2
3041	NHM_Guard_3041
3197	NHM_Guard_3197
3198	NHM_Guard_3198
3676	NHM_Guard_SwordShield_3676
3677	NHM_Guard_TwoHandSpear_3677
4528	NTM_Guard_4528
4534	NTM_Guard_4534
4732	NOM_Guard_4732
4774	NOM_Guard_4774
4787	NOM_Guard_4787
100003	NHM_Guard_100003
100077	NHM_Guard_100077
58052	NHM_Guard_TwoHandSpear_58052
58053	NHM_Guard_TwoHandSpear_58053
58054	NHM_Guard_TwoHandSpear_58054
58055	NHM_Guard_TwoHandSpear_58055
58056	NHM_Guard_OneHandMace_58056
58057	NHM_Guard_OneHandMace_58057
58058	NHM_Guard_OneHandMace_58058
58059	NTM_Guard_TwoHandAxe_58059
58060	NTM_Guard_TwoHandAxe_58060
58061	NTM_Guard_TwoHandAxe_58061
500890	NHM_Worker_TwoHandSpear_500890
500891	NHM_Worker_TwoHandSpear_500891
500892	NHM_Worker_TwoHandSpear_500892
500893	NHM_Worker_TwoHandSpear_500893
106939311	NHM_Citizen_Militia_SwordShield_9
202201413	NHM_MiddleCitizen_Militia_SwordShield_1
1000247	NHM_MiddleCitizen_Militia_TwoHandFlag_1
64596678	NHM_Citizen_Militia_TwoHandAxe_1
1004034	NHM_Citizen_worker_protesters_8
1004035	NHM_Citizen_worker_protesters_9
1004036	NHM_Citizen_worker_protesters_10
1004037	NHM_Citizen_worker_protesters_11
1004038	NHM_Citizen_worker_protesters_4
1004039	NHM_Citizen_worker_protesters_5
1004040	NHM_Citizen_worker_protesters_6
1004041	NHM_Citizen_worker_protesters_7
1004042	NHM_Citizen_worker_protesters_1
1004043	NHM_Citizen_worker_protesters_2
1004044	NHM_Citizen_worker_protesters_3
50881	Summon_Player_Assassin_50881
50880	Summon_Player_Musket_50900
51301	NHM_Greyfur_TwoHandAxe_51301
51302	NHM_Greyfur_TwoHandSword_51302
51303	NHM_Greyfur_SwordShield_51303
51304	NHM_Greyfur_OneHandAxe_51304
51305	NHM_Greyfur_DualAxe_51305
51306	NHM_Greyfur_OneHandBow_51306
51307	NHM_Greyfur_OneHandBow_51307
51308	NHW_Greyfur_SwordShield_51308
51309	NHW_Greyfur_SwordShield_51309
51310	NHW_Greyfur_DualAxe_51310
1001373	NHM_Greyfur_51311
1001626	NHM_Greyfur_51312
1001634	NHM_Greyfur_51313
1001642	NHM_Greyfur_51314
51319	NHM_Greyfur_OneHandMusket_51319
51320	NHM_Greyfur_51320
1001188	NHM_Unique_Greyfur_51320
1001189	NHM_Unique_Greyfur_OneHandMusket_51319
1001190	NHM_Unique_Greyfur_OneHandMusket_1
1001195	NHM_Unique_Greyfur_TwoHandSword_51302
1001201	NHM_Unique_Greyfur_OneHandBow_51306
1001202	NHM_Unique_Greyfur_OneHandBow_1
1001203	NHM_Unique_Greyfur_OneHandBow_3
1001273	NHM_Unique_Greyfur_SwordShield_3
1001205	NHM_Unique_Greyfur_OneHandBow_2
1001206	NHM_Unique_Greyfur_OneHandBow_4
1001214	NHM_Unique_Greyfur_DualAxe_51305
1001215	NHM_Unique_Greyfur_DualAxe_1
1001221	NHM_Unique_Greyfur_OneHandAxe_1
1001223	NHM_Unique_Greyfur_TwoHandAxe_51301
1001224	NHM_Unique_Greyfur_TwoHandAxe_1
1001225	NHM_Unique_Greyfur_SwordShield_51303
1001226	NHM_Unique_Greyfur_SwordShield_1
1000763	NHM_Unique_Greyfur_SwordShield_4
1001259	NHM_Unique_Greyfur_TwoHandSword_1
1001260	NHM_Unique_Greyfur_TwoHandAxe_3
1001266	NHM_Unique_Greyfur_OneHandBow_7
1001269	NHM_Unique_Greyfur_OneHandAxe_3
1001270	NHM_Unique_Greyfur_TwoHandAxe_7
1001271	NHM_Unique_Greyfur_SwordShield_2
1001272	NHM_Unique_Greyfur_TwoHandSword_2
54288	Mon_Bleed_Soulknight_Summon_54288
1000237	Mon_Bleed_Soulknight_Summon_54289
1001141	Mon_Bleed_Soulknight_Summon_3
1004476	Mon_Bleed_Soulknight_Summon_PC
1003815	Mon_Bleed_Soulknight_Summon_Sequencer_54288
1001378	HalfmoonBlaine_Clone
1001379	NewmoonRufus_Clone
1001390	FullmoonCyrus_Clone
1001459	Trukan_Clone
1001555	Caliburn_Clone
1002253	Gears_Clone
1001393	Mon_AwakenBastier_Summon_1
1001394	Mon_Owen_Corvo_Summon_1
1000495	Boss_Caliburn_Awakening_Clone_3
1000496	Boss_Caliburn_Awakening_Clone_4
1000493	Boss_Caliburn_Awakening_Clone_1
1000494	Boss_Caliburn_Awakening_Clone_2
1003816	Boss_Caliburn_Awakening_Clone_Sequencer_1
1003817	Boss_Caliburn_Awakening_Clone_Sequencer_2
1000762	Mon_Antumbra_DarkDeacon_TwoHandGiantSpear_Summon_53119
1000767	Mon_Antumbra_DarkDeacon_TwoHandGiantSpear_Summon_53118
1000770	Mon_Antumbra_DarkDeacon_TwoHandGiantSword_Summon_1
38035	Animal_Black_Bear_Wild_38035
1000549	NHM_Bleed_Bandits_SpearTowerShield_Summon_54102
1000550	NHM_Bleed_Bandits_OneHandSword_Summon_54104
1000551	NHM_Bleed_Bandits_OneHandDagger_Summon_54110
1000552	NHM_Bleed_Bandits_TwoHandSpear_Summon_54123
1000553	NHM_Bleed_Bandits_OneHandAxe_Summon_54138
55551	MON_ReedDevil_Clone_DualSword_55551
55505	Boss_ReedDevil_Clone_DualSword_55505
1003818	Boss_ReedDevil_Clone_DualSword_Sequencer_55505
1000797	Boss_Forgotten_General_Summon_1
1000681	NHM_Citizen_Hunter_OneHandMusket_1
1000682	NHM_Citizen_Hunter_OneHandMusket_2
1000683	NHM_Citizen_Hunter_OneHandMusket_3
1002164	NHM_Local_Thug_1
1002165	NHM_Local_Thug_2
1002166	NOM_Local_Thug_1
1000421	NHM_Demeniss_RevolutionaryArmy_OneHandAxe_1
1000422	NHM_Demeniss_RevolutionaryArmy_TwoHandSpear_1
1000423	NHM_Demeniss_RevolutionaryArmy_OneHandMusket_1
1000424	NHM_Demeniss_RevolutionaryArmy_OneHandMusket_2
1000617	NHM_Demeniss_RevolutionaryArmy_TwohandSpear_2
1000656	NHM_Citizen_Poor_1
1000657	NHM_Citizen_Poor_2
1000658	NHM_Citizen_Poor_3
1000659	NHM_Citizen_Poor_4
1000660	NHM_Citizen_Poor_5
711851	NHM_Merchant_SlaveMarket_Armed_Merchant_OneHandSword_1
11851	NHM_Merchant_SlaveMarket_11851
711852	NHM_Citizen_SlaveMarket_Armed_Woker_OneHandSword_1
711853	NHM_Citizen_SlaveMarket_Armed_Woker_OneHandDagger_1
713229	NTM_Citizen_SlaveMarket_Armed_Woker_1
713441	NOM_Citizen_SlaveMarket_Armed_Woker_OneHandSword_1
713442	NOM_Citizen_SlaveMarket_Armed_Woker_OneHandDagger_1
155890021	NHM_Slave_OneHandShotgun_11850
1001079	Marni_Mother_AirShip_I
1001112	Marni_Mother_AirShip_II
1000415	Marni_Mother_AirShip_III
1001117	Boss_Myurdin_Memory_OneHandSword_54001
1002642	Marni_MachineMantis
1001126	MON_OOGLaserTankMk3_900079
1001131	MON_OOGTankMk1_900077
30010	MiddleBoss_LandSpider_Queen_2
1000311	MiddleBoss_LandSpider_BismuthQueen_1
1001276	Boss_AcientGodAeserion
1002254	Boss_Liberated_AcientGodAeserion
1000760	Boss_Dwayne
60009	Boss_Karanda_60009
1000534	Boss_EntHunter_SwordTowerShield_52851
1001893	Riding_Deer_Boss
1002615	Boss_Nivalis_TwoHandSword_53115
1002653	Boss_Marni_Excavatron_OneHandFist_54834
1003964	NHM_Bleed_Traitor_1
55004	Boss_Muskan_55004
55503	Boss_DeerKing_Saigod_SwordShield_55503
55506	Boss_WhiteHorn_55506
1002037	Boss_GearhornRENW_55510
55508	Boss_Titan_TwoHandSpear_55508
55509	Boss_Titan_TwoHandSpear_55509
55531	Boss_QueenSpider_55531
500446	Boss_ReedDevil_DualSword_500446
1002665	MON_Gimmick_CubeWalkerLithus_57218
1003989	MON_Gimmick_CubeWalkerLithus_572181
1002666	MON_RuneWalkerVordis_57218
1003990	MON_RuneWalkerVordis_572181
57216	MON_Gimmick_Drylands_Golem_57216
1003991	MON_Gimmick_Drylands_Golem_572161
1001123	MON_MudWalkerLutemir_57214
1003992	MON_MudWalkerLutemir_572141
1002649	MON_BloodWalkerCrussis_57215
1003993	MON_BloodWalkerCrussis_572151
1002648	MON_CrimsonNightmare_57213
1003994	MON_CrimsonNightmare_572131
1001103	MON_Lightning_Golem
1001744	NatureCreature_ancientWorm_1
1002891	NatureCreature_Abyss_ancientWorm_1
1002201	NatureCreature_ancientWorm_Tail_1
1003800	NatureCreature_Abyss_ancientWorm_Tail_1
1001689	Boss_NorthernWarrior_55028
1001690	Boss_WhiteBear_51164
1000910	Boss_Trukan_55061
1002616	Boss_Forgotten_General_55066
55514	Boss_Darkness_King_55514
1002617	MiddleBoss_Sizlek_DualDagger_50801
1002618	MiddleBoss_Gregor_TwoHandHalberd_50807
1002619	MiddleBoss_Crogg_OneHandDagger_50808
1001930	MiddleBoss_Pirate_OneHandDagger_1
1002621	MiddleBoss_Balthazar_52302
1001464	MiddleBoss_TheFaceless_DualDagger_52451
1002622	MiddleBoss_Tristan_SwordShield_52601
1002656	MiddleBoss_AntumbraSpear_TwoHandGiantSpear_53112
1002657	MiddleBoss_AntumbraSword_TwoHandGiantSword_53113
1002658	MiddleBoss_AntumbraStaff_TwoHandWarHammer_53114
1002655	Boss_AntumbraArchon_TwoHandSword_55522
1002650	Boss_AncientPriscus_60014
1002654	Boss_AncientPraevus_55516
1002651	Boss_AncientPrimus_60015
58038	NHM_Bleed_Emissary_MaceShield_58038
1002623	MiddleBoss_Hemon_Beindel_TwoHandSword_54051
1002624	MiddleBoss_Walter_Lanford_OneHandShotgun_54101
1001681	MiddleBoss_FortMoru_Noname_1
1001682	MiddleBoss_FortWarSpike_Noname_1
1003579	MiddleBoss_RegleGoblin_DualAxe
1000914	MiddleBoss_KarzulDeathchime_TwoHandGiantAxe_54151
1001691	Boss_RagingTempest_53301
1002659	MiddleBoss_DarkMazzul_TwoHandAxe_54167
1002625	MiddleBoss_Fortain_SwordShield_54285
1002626	MiddleBoss_Scarlet_Excecutioner_OneHandBow_54287
54401	MiddleBoss_Musket_Captain_OneHandMusket_54401
54451	MiddleBoss_Samuel_OneHandMusket_54451
1000900	MiddleBoss_MarniKnightMk1_TwoHandSword_54804
1000509	MiddleBoss_Marni_MachineKnight_TwoHandSpear_1
1002660	MiddleBoss_MechanicusMk12_55031
1001715	MiddleBoss_GoldenKnightMerrick_TwoHandHammer_55037
1002661	MiddleBoss_HalfmoonBlaine_TwoHandSpear_55058
1002662	MiddleBoss_NewmoonRufus_TwoHandSpear_55064
1002663	MiddleBoss_FullmoonCyrus_TwoHandSpear_55065
1002627	MiddleBoss_Tarandus_TwoHandWarHammer_55059
55060	MiddleBoss_Owen_Corvo_PlateArmor_TwoHandGiantSpear_55060
1000916	MiddleBoss_CassiusMorten_55063
1002664	NTM_Ravok_OneHandCannon_57393
55056	MON_MachineTank_55056
53217	NHM_Pedro_OneHandSword_53217
500068	NHM_Unique_Guard_TwoHandSpear_500068
500069	NHM_Unique_Guard_TwoHandSpear_500069
1000918	MiddleBoss_SandfangGristle
50913	NHM_Unique_Berthold_SwordShield_50913
1000164	NHM_Unique_Bandit_OneHandSword_Whitehorn
1000430	MON_Desert_Tank_ii_60222
1000010	MON_GiantEnt_52956
52955	MON_GiantEnt_52955
16842752	treasure_box
1002667	MON_GarnierMk23_Boss_1
1001358	Riding_IronwingRENX_1
500001	Boss_Myurdin_OneHandSword_500001
1001377	NGM_Unique_Gazrak_1
1001362	NHM_Unique_Olaf_1
1001873	NHM_Criminal_1
1001874	NHM_Criminal_2
1001875	NHM_Criminal_3
1001876	NHM_Criminal_4
1001877	NHM_Criminal_5
1001955	NHM_Criminal_15
1000722	NHM_Criminal_16
1002434	NHM_Criminal_17
1000995	NHM_Unique_Yann_Sommer
1001887	NHW_Criminal_1
1001229	NHW_Criminal_7
1001230	NHW_Criminal_8
1001894	NGM_Criminal_2
1001895	NGM_Criminal_3
1001896	NGM_Criminal_4
1001231	NGM_Criminal_8
1000750	NGM_Criminal_10
1001232	NGW_Criminal_4
1001903	NOM_Criminal_1
1001904	NOM_Criminal_2
1001905	NOM_Criminal_3
1001906	NOM_Criminal_4
1001234	NOM_Criminal_8
1001956	NOM_Criminal_9
1001910	NOW_Criminal_1
1001235	NOW_Criminal_4
1001913	NDM_Criminal_1
1001914	NDM_Criminal_2
1001915	NDM_Criminal_3
1001920	NDW_Criminal_1
1001236	NDW_Criminal_4
1001880	NHM_Criminal_8
1001881	NHM_Criminal_9
1001882	NHM_Criminal_10
1001883	NHM_Criminal_11
1001890	NHW_Criminal_4
1001891	NHW_Criminal_5
1001897	NGM_Criminal_5
1001898	NGM_Criminal_6
1001901	NGW_Criminal_2
1001907	NOM_Criminal_5
1001884	NHM_Criminal_12
1001885	NHM_Criminal_13
1001886	NHM_Criminal_14
1001892	NHW_Criminal_6
1001899	NGM_Criminal_7
1001909	NOM_Criminal_7
1003115	NOM_Criminal_6
1001919	NDM_Criminal_7
1001922	NDW_Criminal_3
1001476	NHM_Criminal_PickPocket_1
1002894	NHM_Criminal_PickPocket_2
1003053	NHM_Criminal_PickPocket_3
1003054	NHM_Criminal_PickPocket_4
1003055	NHM_Criminal_PickPocket_5
1003056	NHM_Criminal_PickPocket_6
1003057	NHM_Criminal_PickPocket_7
1003058	NHM_Criminal_PickPocket_8
1003059	NHM_Criminal_PickPocket_9
1003060	NHM_Criminal_PickPocket_10
1001987	NHM_Unique_Criminal_Nadim
1002570	NHM_Unique_Varnia_King
56009	NHM_Judge_TwoHandSpear_56009
58062	NHM_Unique_Wandering_Mercenary_OneHandSword_58062
1000213	NHM_Unique_Tournament_Spear_1
1000376	NOM_Unique_Tournament_OneHandSword_2
1000387	NOM_Unique_Tournament_OneHandAxe_3
1000399	NOM_Unique_Tournament_TwoHandSpear_4
50010	NHM_Mad_Murder_OneHandDagger_50010
1002270	NHM_Unique_CrowBrotherhood_DualDagger_10
1002433	NHM_Unique_CrowBrotherhood_DualDagger_11
1000743	NHM_Slaughterer_OneHandDagger_1
1001648	NHM_Demeniss_Soldiers_Leader_SwordShield_1
1000846	NHM_Unique_Demeniss_Soldiers_TwoHandSword_200170020
1001667	NHM_Hernand_Soldiers_Leader_OneHandSword_1
1001557	NHM_Delesyian_Soldiers_Leader_SwordShield_1
1001655	NOM_Tomaso_Soldiers_Leader_OneHandSword_1
1001678	NHM_Barnia_Soldiers_Leader_OneHandSword_1
54949	NHM_Unique_Barnia_Soldiers_Leader_TwoHandSpear_54949
1000303	MiddleBoss_BlackBear_TwoHandWarHammer_1
1000920	MiddleBoss_Pailoon_Ludvig_TwoHandSword_53181
1000986	MiddleBoss_Pailoon_Ludvig_Skinny_TwoHandWarHammer_1
1000071	MiddleBoss_Pailoon_Skalcove_TwoHandSword_2
1004024	MiddleBoss_WolfPursuer_1
1004025	MiddleBoss_Dragon_Slayer_ViceLeader_1
1004026	MiddleBoss_Bringers_of_Silence_1
1004027	MiddleBoss_Innocence_XII_1
1004028	MiddleBoss_Twilight_Whistlers_1
1004029	MiddleBoss_Mask_Liberator_1
1004030	MiddleBoss_Hymns_of_Dusk_1
1004031	MiddleBoss_Crimson_Scorpions_1
1002044	MiddleBoss_Caliburn_BlackTower_1
1001770	Boss_Ogre_55515
1001772	Boss_Wild_Imp_Boss_55511
15064	Object_15064
15282	Object_Trap_15282
15518	Object_Tornado_Desert_15518
199900277	Object_Off_Limits_Snow_Tornado_1
199900278	Object_Off_Limits_Tornado_1
1003596	Naturalphenomenon_Wing_Gust
1000517	Aircastle
2306	Riding_marni_Airship_2306
1001929	Riding_Big_pirateship_1
2103	Riding_Monorail_2025
1002892	Object_Seraphim_Wing_03
1001850	Object_Seraphim_Eye
1003937	Object_Seraphim_Eye_01
15644	Object_AntumbraDrone_15644
1000535	Docking_Karanda_Sphere
1001620	Docking_WhiteCrow
1002314	Docking_AntumbraDrone
1001457	Docking_Samuel_Drone
15680	Object_ReedDevilSummoner
1000929	Object_Seraphim_Portal
15060	Object_15060
15666	Object_impcart_01
15406	Object_Seesaw_15406
1003104	Object_Cucubird_Egg_1
15548	Object_ConfusionSwarm_15548
1000640	Object_GoldStarDragon_Part_Body
1000851	Object_GoldStarDragon_Part_Foot
1003778	Object_GoldStarDragon_Part_Hand
1003780	Object_GoldStarDragon_Part_Head
1003781	Object_GoldStarDragon_Part_Tail
1004251	Object_Invisible_Character_0001
1004358	Object_aircastle_0001
15676	Object_Moving_Picture_15676
15677	Object_Moving_Picture_15677
15678	Object_Moving_Picture_15678
15679	Object_Moving_Picture_15679
15682	Object_Moving_Picture_15682
15683	Object_Moving_Picture_15683
15684	Object_Moving_Picture_15684
15685	Object_Moving_Picture_15685
15686	Object_Moving_Picture_15686
15687	Object_Moving_Picture_15687
15688	Object_Moving_Picture_15698
15689	Object_Moving_Picture_15689
15690	Object_Moving_Picture_15690
15691	Object_Moving_Picture_15691
1002198	Training_body_1
1001233	Object_Decoy_01
70000	Object_Actor_For_PickUp_70000
70001	Object_Gimmick_Base_70001
19999	Object_Prop_Character_19999
1000219	Character_Narration
1000368	Animal_Dog_Hernand_Unique_1
1002271	Animal_Dog_Hernand_Unique_2
1000369	Animal_Dog_Demeniss_Unique_1
1000370	Animal_Dog_Delesyian_Unique_1
1000371	Animal_Dog_Pailune_Unique_1
1002900	Animal_Dog_Tashkalp_Unique_1
1001855	Animal_Dog_JijeongTemple_Unique_1
1001856	Animal_Dog_LongleafTree_Unique_1
30070	Animal_Husky_Domestic_30070
1002047	Animal_Shepherd_Domestic_1
1002258	Animal_Jindodog_Domestic_1
1003665	Animal_Jindodog_Domestic_02
1003666	Animal_Jindodog_Domestic_03
30186	Animal_BullDog_Domestic_30186
1003667	Animal_BullDog_Domestic_02
1003668	Animal_BullDog_Domestic_03
1003669	Animal_BullDog_Domestic_04
1003670	Animal_BullDog_Domestic_05
1003671	Animal_BullDog_Domestic_06
1003672	Animal_BullDog_Domestic_07
1003673	Animal_BullDog_Domestic_08
1001396	Animal_AmericanBullDog_Domestic_1
1003674	Animal_AmericanBullDog_Domestic_01
1003675	Animal_AmericanBullDog_Domestic_02
1003676	Animal_AmericanBullDog_Domestic_03
1003677	Animal_AmericanBullDog_Domestic_04
1003678	Animal_AmericanBullDog_Domestic_05
1003679	Animal_AmericanBullDog_Domestic_06
1003680	Animal_AmericanBullDog_Domestic_07
30022	Animal_GreatDane_Domestic_30022
1003681	Animal_GreatDane_Domestic_01
1003682	Animal_GreatDane_Domestic_02
1003683	Animal_GreatDane_Domestic_03
1003684	Animal_GreatDane_Domestic_04
1003685	Animal_GreatDane_Domestic_08
1003686	Animal_GreatDane_Domestic_09
1003687	Animal_GreatDane_Domestic_10
31336	Animal_Baby_GreatDane_Domestic_31336
1003688	Animal_Baby_GreatDane_Domestic_01
1003689	Animal_Baby_GreatDane_Domestic_02
1003690	Animal_Baby_GreatDane_Domestic_03
1003691	Animal_Baby_GreatDane_Domestic_04
1003692	Animal_Baby_GreatDane_Domestic_08
1003693	Animal_Baby_GreatDane_Domestic_09
1003694	Animal_Baby_GreatDane_Domestic_10
31400	Animal_Saluki_Domestic_31400
1003695	Animal_Saluki_Domestic_01
1003696	Animal_Saluki_Domestic_02
1003697	Animal_Saluki_Domestic_03
1003698	Animal_Saluki_Domestic_04
1003699	Animal_Saluki_Domestic_05
32181	Animal_Greyhound_Domestic_32181
1003700	Animal_Greyhound_Domestic_01
1003701	Animal_Greyhound_Domestic_02
1003702	Animal_Greyhound_Domestic_03
1003703	Animal_Greyhound_Domestic_04
1003704	Animal_Greyhound_Domestic_05
1003705	Animal_Greyhound_Domestic_06
1003706	Animal_Greyhound_Domestic_07
1003707	Animal_Greyhound_Domestic_08
1003708	Animal_Greyhound_Domestic_09
1003709	Animal_Greyhound_Domestic_10
32189	Animal_Beagle_Domestic_32189
1003710	Animal_Beagle_Domestic_01
1003711	Animal_Beagle_Domestic_02
1003712	Animal_Beagle_Domestic_03
1003713	Animal_Beagle_Domestic_04
59002	Animal_Trained_Dog_59002
32427	Animal_GreatDane_Domestic_Bagpack_32427
1000335	Animal_Cat_Hernand_Unique_1
1000336	Animal_Cat_Demeniss_Unique_1
1000337	Animal_Cat_Delesyian_Unique_1
1000338	Animal_Cat_Pailune_Unique_1
1002899	Animal_Cat_Tashkalp_Unique_1
1001853	Animal_Cat_Pororin_Unique_1
1001854	Animal_Cat_RedOrc_Unique_1
30024	Animal_Cat_Domestic_30024
1000312	Animal_Yellow_Cat_Domestic
1000313	Animal_White_Cat_Domestic
1000314	Animal_Black_Cat_Domestic
1000315	Animal_Bicolor_Cat_Domestic
1000316	Animal_Tricolor_Cat_Domestic
1003951	Animal_RussianBlue_Cat_Domestic
1000317	Animal_Fat_Cat_Domestic
1000318	Animal_Fat_Yellow_Cat_Domestic
1000319	Animal_Fat_White_Cat_Domestic
1000320	Animal_Fat_Black_Cat_Domestic
1000321	Animal_Fat_Bicolor_Cat_Domestic
1000322	Animal_Fat_Tricolor_Cat_Domestic
1003959	Animal_Fat_RussianBlue_Cat_Domestic
1000323	Animal_Skinny_Cat_Domestic
1000324	Animal_Skinny_Yellow_Cat_Domestic
1000325	Animal_Skinny_White_Cat_Domestic
1000326	Animal_Skinny_Black_Cat_Domestic
1000327	Animal_Skinny_Bicolor_Cat_Domestic
1000328	Animal_Skinny_Tricolor_Cat_Domestic
1003960	Animal_Skinny_RussianBlue_Cat_Domestic
31511	Animal_Kitten_Domestic_31511
1000346	Animal_Yellow_Kitten_Domestic
1000347	Animal_White_Kitten_Domestic
1000348	Animal_Black_Kitten_Domestic
1000349	Animal_Bicolor_Kitten_Domestic
1000350	Animal_Tricolor_Kitten_Domestic
1003961	Animal_RussianBlue_Kitten_Domestic
31467	Animal_BritishCat_Domestic_31467
1000356	Animal_Brown_BritishCat_Domestic
1000357	Animal_White_BritishCat_Domestic
1000358	Animal_Bicolor_BritishCat_Domestic
1000359	Animal_Striped_BritishCat_Domestic
31468	Animal_BritishKitten_Domestic_31468
1000364	Animal_Brown_BritishKitten_Domestic
1000365	Animal_White_BritishKitten_Domestic
1000366	Animal_Bicolor_BritishKitten_Domestic
1000367	Animal_Striped_BritishKitten_Domestic
30007	Animal_Norwegianforest_Domestic_30007
1000296	Animal_White_Norwegianforest_Domestic
1003952	Animal_Ragdoll_Domestic
32033	Animal_Desert_Cat_Domestic_32033
85001	BlackWolf
30060	Animal_Owl_Wild_30060
30050	Animal_Eagle_Wild_30050
30059	Animal_Hawk_Wild_30059
31416	Animal_WhiteHawk_Wild_31416
31420	Animal_Steppe_Eagle_Wild_31420
32380	Animal_Red_Footed_Falcon_Wild_32380
32395	Animal_FalcoCherrug_Wild_32395
31415	Animal_Condor_Wild_31415
30020	Animal_Duck_Wild_30020
30171	Animal_Mallard_Wild_30171
30172	Animal_BlackDuck_Wild_30172
32284	Animal_RuddyshelDuck_Wild_32284
1001879	Animal_Pygmy_Teal_Wild_1
1001888	Animal_Whistling_Duck_Wild_1
32285	Animal_Mergellus_Wild_32285
30072	Animal_Goose_Wild_30072
1001889	Animal_Desert_Goose_Wild_1
32266	Animal_WhiteBilled_Loon_Wild_32266
32267	Animal_GaviaStellata_Wild_32267
30084	Animal_Seagull_Wild_30084
1003932	Animal_Seagull_Wild_30085
32288	Animal_Sterna_Wild_32288
32381	Animal_SyrrhaptesParadoxus_Wild_32381
32411	Animal_Collared_Dove_Wild_32411
30081	Animal_Pigeon_Wild_30081
1003933	Animal_Pigeon_Wild_30082
30009	Animal_WhiteWing_Flycatcher_Wild_30009
30079	Animal_BlueJay_Wild_30079
30071	Animal_Sparrow_Wild_30071
30087	Animal_Oriole_Wild_30087
32040	Animal_Wood_Pecker_Wild_32040
32247	Animal_Oxpecker_Wild_32247
32352	Animal_Snowy_Plover_Wild_32352
32366	Animal_BlackTail_Flycatcher_Wild_32366
32367	Animal_Bunting_Bird_Wild_32367
1003779	Animal_Longtailedtit_Wild_32368
32038	Animal_Cuckoo_Wild_32038
30029	Animal_Crow_Wild_30029
30082	Animal_Parrot_Wild_30082
32881	Animal_EclectusParrot_Wild_32881
1003926	Animal_EclectusParrot_Wild_32882
32882	Animal_SunConure_Wild_32882
1003927	Animal_SunConure_Wild_32883
32883	Animal_Parrot_Wild_32883
1003928	Animal_Parrot_Wild_32884
32884	Animal_SpixsMacaw_Wild_32884
1003929	Animal_SpixsMacaw_Wild_32885
32885	Animal_RoseringedParakeet_Wild_32885
1003930	Animal_RoseringedParakeet_Wild_32886
32886	Animal_CitronCockatoo_Wild_32886
1003931	Animal_CitronCockatoo_Wild_32887
1003949	Animal_Machine_Eagle_1
1003916	Animal_Unique_Macaw_Parrot_1
1001618	Animal_Unique_Phoenix_Wild_1
1004045	Animal_Baby_Wyvern_1
1004087	Animal_KukuBirdbaby_Wild_1
30039	Animal_Weasel_Wild_30039
1000979	Animal_Meerkat_Wild_1
32034	Animal_Snow_Weasel_Wild_32034
30042	Animal_Raccoon_Wild_30042
1004022	Animal_RedPanda_Wild_30052
1000923	Animal_Platypus_Wild_1
30139	Animal_Beaver_Wild_30139
1000841	Animal_Wombat_Wild_1
30141	Animal_Skunk_Wild_30141
30142	Animal_Badger_Wild_30142
30078	Animal_Armadillo_Wild_30078
32261	Animal_Porcupine_Wild_32261
1000991	Animal_Porcupine_Desert_Wild
30046	Animal_Fox_Wild_30046
1004061	Animal_Fox_Wild_30047
1004062	Animal_Fox_Wild_30048
1004063	Animal_Fox_Wild_30049
1004064	Animal_Fox_Wild_30050
1004065	Animal_Fox_Wild_30051
30038	Animal_Arctic_Fox_Wild_30038
1004066	Animal_Arctic_Fox_Wild_30039
31410	Animal_Desert_Fox_Wild_31410
1004067	Animal_Desert_Fox_Wild_31411
1004068	Animal_Desert_Fox_Wild_31412
32355	Animal_Skunky_Wild_32355
32359	Animal_Wood_Weasel_Wild_32359
32357	Animal_Choppy_Wild_32357
30065	Animal_Squirrel_Wild_30065
32035	Animal_Snow_Chipmunk_Wild_32035
32370	Animal_Red_Squirrel_Wild_32370
1000804	Animal_Flying_Squirrel_Wild_1
30001	Animal_Rabbit_Wild_30001
1004055	Animal_Rabbit_Wild_30003
1004056	Animal_Rabbit_Wild_30004
1004057	Animal_Rabbit_Wild_30005
30189	Animal_Rabbit_Domestic_30189
1004058	Animal_Rabbit_Domestic_30191
1004059	Animal_Rabbit_Domestic_30192
1004060	Animal_Rabbit_Domestic_30193
30017	Animal_SnowRabbit_Wild_30017
31409	Animal_Desert_Rabbit_Wild_31409
30045	Animal_Hedgehog_Wild_30045
31504	Animal_Hedgehog_Wild_31504
31505	Animal_Hedgehog_Wild_31505
756601	Gimmick_01_Socket
31506	Animal_Hedgehog_Wild_31506
750008	Gimmick_01_Socket
31507	Animal_Hedgehog_Wild_31507
750025	Gimmick_00_Socket
31510	Animal_Hedgehog_Wild_31510
777001	Gimmick_00_Socket
1000780	Animal_EuropeanPartridge_Wild_30184
1000800	Animal_Mesite_Wild_1
1000803	Animal_Watercock_Wild_1
1000783	Animal_Fulica_Wild_1
1000805	Animal_Takahe_Wild_1
1000807	Animal_kakapo_Wild_1
1000788	Animal_Kiwi_Bird_Wild_1
1001375	Animal_Little_Grebe_Wild_1
30066	Animal_Turtle_Wild_30066
1003799	Animal_Turtle_Domestic_30066
35011	Animal_SnappingTurtle_Wild_35011
1000404	Animal_RedFooted_Turtle_Wild_1
1000405	Animal_Leopard_Turtle_Wild_1
1000406	Animal_Sulcata_Turtle_Wild_1
2000	Riding_Horse_Lumiph_2000
2021	Riding_Horse_Lumiph_2021
2022	Riding_Horse_Lumiph_2009
2023	Riding_Horse_Lumiph_2010
2024	Riding_Horse_Lumiph_2011
2025	Riding_Horse_Lumiph_2012
2001	Riding_Horse_Strapero_2001
2026	Riding_Horse_Strapero_2026
2027	Riding_Horse_Strapero_2013
2028	Riding_Horse_Strapero_2028
2029	Riding_Horse_Strapero_2029
2030	Riding_Horse_Strapero_2030
2002	Riding_Horse_Dabrera_2002
2031	Riding_Horse_Dabrera_2031
2032	Riding_Horse_Dabrera_2032
2033	Riding_Horse_Dabrera_2033
2034	Riding_Horse_Dabrera_2014
2035	Riding_Horse_Dabrera_2035
2057	Riding_Horse_Dabrera_2057
2058	Riding_Horse_Dabrera_2058
2005	Riding_Horse_Pukre_2005
2036	Riding_Horse_Pukre_2015
2037	Riding_Horse_Pukre_2016
2038	Riding_Horse_Pukre_2017
2039	Riding_Horse_Pukre_2018
2040	Riding_Horse_Pukre_2019
2011	Riding_Horse_Ayut_2008
2052	Riding_Horse_Ayut_2052
2053	Riding_Horse_Ayut_2053
2054	Riding_Horse_Ayut_2054
2055	Riding_Horse_Ayut_2055
2056	Riding_Horse_Ayut_2056
1002041	Riding_Balloon_Summoner_1
1002042	Riding_Balloon_Summoner_2
1002043	Riding_Balloon_Summoner_3
1001108	Riding_Wagon_TwoHorseFourWheel_Player_1
1000288	Riding_Wagon_TwoHorseFourWheel_Player_2
1000715	Riding_Wagon_TwoHorseFourWheel_Player_3
2100	Riding_Wagon_Circulation_TwoHorseFourWheel_2022
1001981	Riding_Wagon_Unique_Circulation_TwoHorseFourWheel_2022
1001125	Riding_Wagon_Log_TwoHorseFourWheel_2054
2106	Riding_Wagon_Tent_TwoHorseFourWheel_2028
2107	Riding_Wagon_TwoHorseFourWheel_2029
2109	Riding_Wagon_Prisoner_TwoHorseFourWheel_2031
2310	Riding_Wagon_Luggage_Prison_TwoHorseFourWheel_1
2110	Riding_Wagon_Farm_TwoHorseFourWheel_2032
1000508	Riding_Unique_Wagon_Farm_TwoHorseFourWheel_2032
2111	Riding_Wagon_Circus_TwoHorseFourWheel_2033
2113	Riding_Wagon_Pot_TwoHorseFourWheel_2035
2115	Riding_Wagon_Tent_TwoHorseFourWheel_2037
1001387	Riding_Wagon_Golden_TwoHorseFourWheel_1
1001388	Riding_Wagon_Noble_TwoHorseFourWheel_1
1001554	Riding_Wagon_Noble_TwoHorseFourWheel_2
1001706	Riding_Wagon_Noble_TwoHorseFourWheel_3
2116	Riding_Wagon_TentLuggaage_TwoHorseFourWheel_2038
2117	Riding_Wagon_OakBarrel_TwoHorseFourWheel_2039
1000381	Riding_Wagon_WineBarrel_TwoHorseFourWheel_2039
1000382	Riding_Wagon_Bomb_TwoHorseFourWheel_2039
2119	Riding_Wagon_Tree_TwoHorseFourWheel_2041
2120	Riding_Wagon_OakBarrel_TwoHorseFourWheel_2042
2122	Riding_Wagon_Grain_TwoHorseFourWheel_2044
2123	Riding_Wagon_Solicitor_TwoHorseFourWheel_2045
2126	Riding_Wagon_Flower_TwoHorseFourWheel_2048
1000197	Riding_Wagon_Basket_TwoHorseFourWheel_2049
2129	Riding_Wagon_Goods_TwoHorseFourWheel_2051
2131	Riding_Wagon_Freight_TwoHorseFourWheel_2053
2149	Riding_Wagon_Ballista_TwoHorseFourWheel_2071
2152	Riding_Wagon_Ballon_I_TwoHorseFourWheel_2152
1000179	Riding_Wagon_Unique_Ballon_I_TwoHorseFourWheel_2152
2160	Riding_Wagon_Cannon_TwoHorseFourWheel_2160
2162	Riding_Wagon_Drum_TwoHorseFourWheel_2162
36924	Riding_Wagon_treasurebox_TwoHorseFourWheel_1
1000700	Riding_Wagon_treasurebox_TwoHorseFourWheel_5
9573	Riding_Wagon_treasurebox_TwoHorseFourWheel_2
3696	Riding_Wagon_treasurebox_TwoHorseFourWheel_3
36509	Riding_Wagon_treasurebox_HorseTwoWheel_1
36997	Riding_Wagon_treasurebox_TwoHorseFourWheel_4
1002261	Riding_Wagon_Watermelon_TwoHorseFourWheel_2050
2101	Riding_Wagon_Luggage_HorseTwoWheel_2023
2132	Riding_Wagon_Luggage_HorseTwoWheel_2054
2133	Riding_Wagon_Luggage_HorseTwoWheel_2055
2134	Riding_Wagon_Farm_HorseTwoWheel_2056
2135	Riding_Wagon_OakBarrel_HorseTwoWheel_2057
2136	Riding_Wagon_DesertLuggage_HorseTwoWheel_2058
2138	Riding_Wagon_Coral_HorseTwoWheel_2060
2139	Riding_Wagon_Pot_HorseTwoWheel_2061
2102	Riding_Wagon_Freight_HorseFourWheel_2024
2104	Riding_Wagon_Sheaf_CowFourWheel_2026
2140	Riding_Wagon_Grain_CowFourWheel_2062
2141	Riding_Wagon_Quarry_CowFourWheel_2063
2142	Riding_Wagon_Quarry_CowFourWheel_2064
2143	Riding_Wagon_Pot_CowFourWheel_2065
2144	Riding_Wagon_Fish_CowFourWheel_2066
2145	Riding_Wagon_Weapon_CowFourWheel_2067
2146	Riding_Wagon_Cloth_CowFourWheel_2068
2147	Riding_Wagon_Goods_CowFourWheel_2069
2148	Riding_Wagon_Log_CowFourWheel_2070
2154	Riding_Wagon_Bomb_CowFourWheel_2154
1000777	Riding_Wagon_Barrel_HorseFourWheel_1
1001462	Riding_Wagon_WineBarrel_HorseFourWheel_1
2155	Riding_Wagon_Luggage_HorseTwoWheelSmall_2155
2156	Riding_Wagon_Fruit_HorseTwoWheelSmall_2156
2157	Riding_Wagon_Freight_HorseTwoWheelSmall_2157
2158	Riding_Wagon_Grain_HorseTwoWheelSmall_2158
2159	Riding_Wagon_Fish_HorseTwoWheelSmall_2159
1000987	Riding_Wagon_WineBarrel_TwoHorseFourWheel_ReventineWinery
1000709	Riding_Wagon_WineBarrel_TwoHorseFourWheel_DesertTrader
1000836	Riding_Wagon_Tree_TwoHorseFourWheel_HawkstoneRuins
1002273	Riding_Wagon_Relics_TwoHorseFourWheel_2055
2201	Riding_Cannon_2075
2202	Riding_Cannon_2076
2215	Riding_Cannon_2215
1000981	Riding_BlackBear_Cannon_1
2205	Riding_FixedCrossBow_2078
2212	Riding_ballista_2212
2213	Riding_Singijeon_2213
1001082	Riding_Boat_2306
1001115	Riding_Boat_2307
1003568	Riding_Boat_2308
1003569	Riding_Boat_2309
1003570	Riding_Boat_2310
1003571	Riding_Middle_Boat_2410
1003572	Riding_Middle_Boat_2411
1003573	Riding_Middle_Boat_2412
1003574	Riding_Middle_Boat_2413
2508	Animal_Marni_GolemHorse_2508
1003917	Riding_Bear_1001
1003912	Riding_Warthog_1000
1003918	Riding_Wolf_1001
1003919	Riding_Deer_1001
1003915	Riding_AlpineIbex_1000
1004021	Riding_Camel_1000
1004046	Riding_Cucubird_1000
1004233	Riding_Wyvern_1000
1000453	Riding_Deer_1
1000253	Riding_Cucubird_1
1002059	Riding_Cucubird_2
1000254	Riding_Iguana_1
1000265	Riding_CarmaBirdsaurus_1
1000733	Riding_Camel_1
1000523	Riding_Elephant_1
1000894	Small_ATAG
1002306	Small_Mosquito_ATAG
1002307	Small_Drone_ATAG
1000532	Riding_Machine_Bear_1
1002269	Riding_Machine_CarmaBirdsaurus_1
1001467	Riding_WarMachine_Unique_1
1001984	Riding_ATAG_1
1001985	Riding_ATAG_2
1001986	Riding_ATAG_3
1003562	Riding_ATAG_5
1003563	Riding_ATAG_6
1003564	Riding_ATAG_7
1000017	Riding_ATAG_4
468	NHM_Unique_Marius_468
1001357	NHM_Unique_Marius_1
410	NHM_Unique_Shane_OneHandBow_410
1002056	NHM_Unique_Shane_OneHandBow_1
1001870	NHM_Unique_Balder_622
574	NHM_Unique_Astin_574
1002973	NHW_Unique_Evelyn_634
1002608	NHW_Unique_Matilda_634_1
1002968	NHM_Unique_Morrow_424
1002942	NHM_Unique_Laurent_422
1002970	NHM_Unique_Brant_630
1002070	NHM_Unique_Joseph_633
1002975	NHM_Unique_Devan_638
639	NHM_Unique_Gilbert_639
640	NHM_Unique_Max_640
641	NHM_Unique_Silvan_641
668	NHM_Unique_Terry_668
409	NHM_Unique_Ryan_DualDagger_409
642	NHM_Unique_Lars_642
643	NHM_Unique_Piers_643
1002435	NHM_Unique_Luceran_1
1002976	NHM_Unique_Colton_644
1002977	NHM_Unique_Falstaff_646
647	NHM_Unique_Andrew_647
649	NHM_Unique_Arnold_649
650	NHM_Unique_Lucius_650
1002980	NHW_Unique_Joan_652
1002981	NHM_Unique_Kenneth_653
654	NHM_Unique_Duncan_654
629	NHM_Unique_Fred_629
655	NHM_Unique_Anders_655
1002982	NHM_Unique_Wybert_656
1002983	NDM_Unique_Brennan_658
1002984	NHM_Unique_Niall_659
660	NHM_Unique_Aldric_660
661	NHM_Unique_Luke_661
1002986	NHM_Unique_Gerald_662_1
1002987	NHM_Unique_Vernon_663
1002988	NHM_Unique_Xavier_664
1002989	NHM_Unique_Ronald_665
1002990	NHM_Unique_Fritz_666
1002991	NHM_Unique_Otto_667
1000006	NHM_Unique_Robot_Worker_1
405	NHM_Unique_Dwayne_TwoHandSword_405
1003783	NHM_Unique_Giles_639
1001211	NHW_Unique_MiddleCitizen_3786
1001212	NHW_Unique_MiddleCitizen_3759
1001213	NHW_Unique_MiddleCitizen_4121
1001289	NHW_Unique_Citizen_Dyer_1
1001556	NHM_Citizen_Dyer_1
1001559	NHM_Citizen_Dyer_2
1002430	NHM_Citizen_Dyer_3
1001349	NOM_Unique_Citizen_20
1002436	NHM_Citizen_Guide_BackPack_1
1001219	NHW_Unique_Citizen_4013
1001196	NHM_Unique_Child_MiddleCitizen_6011
1001197	NHW_Unique_Child_Citizen_7004
1001198	NHM_Unique_Child_Citizen_5929
1000935	NHM_Contribution_GreyFur_worker_1
1000950	NHM_Contribution_GreyFur_worker_2
1000559	NHM_Contribution_GreyFur_worker_3
1000591	NHM_Contribution_GreyFur_worker_4
1000647	NHM_Contribution_GreyFur_worker_5
1000844	NHM_Contribution_GreyFur_worker_6
1000978	NHM_Contribution_GreyFur_worker_7
1000988	NHM_Contribution_GreyFur_worker_8
1001015	NHM_Contribution_GreyFur_worker_9
1001458	NHM_Contribution_GreyFur_worker_10
1003134	NHM_Contribution_Hernandian_worker_1
1003135	NHM_Contribution_Hernandian_worker_2
1003136	NHM_Contribution_Hernandian_worker_3
1003137	NHM_Contribution_Calphadean_worker_1
1003138	NHM_Contribution_Calphadean_worker_2
1003139	NHM_Contribution_Calphadean_worker_3
1003140	NHM_Contribution_Demenissian_worker_1
1003141	NHM_Contribution_Demenissian_worker_2
1003142	NHM_Contribution_Demenissian_worker_3
1003143	NHM_Contribution_Pailunese_worker_1
1003144	NHM_Contribution_Pailunese_worker_2
1003145	NHM_Contribution_Pailunese_worker_3
1003146	NHM_Contribution_Delesyian_worker_1
1003147	NHM_Contribution_Delesyian_worker_2
1003148	NHM_Contribution_Delesyian_worker_3
1003149	NHM_Contribution_Varnian_worker_1
1003150	NHM_Contribution_Varnian_worker_2
1003151	NHM_Contribution_Varnian_worker_3
1003152	NHM_Contribution_Tashkalpan_worker_1
1003153	NHM_Contribution_Tashkalpan_worker_2
1003154	NHM_Contribution_Tashkalpan_worker_3
1003155	NHM_Contribution_Neutral_worker_1
1003156	NHM_Contribution_Neutral_worker_2
1003157	NHM_Contribution_Neutral_worker_3
1002083	NHM_Unique_Sebastian_CottageOwner
3608	NHW_Noble_3608
200050004	NHM_CatManager_200050004
439	NHW_Unique_Lauren_439
440	NHM_Unique_Arlan_440
3474	NHM_Unique_Alustin_3474
500	NTM_Unique_Grundir_500
6622	NHW_WhiteCrow_Witch_6622
1000208	NLW_Unique_Bilwise_200200003
500485	Animal_Unique_Black_Cat_500485
1001395	Animal_WhiteCrow_Wild
50901	NHM_Unique_Matthias_TwoHandSword_50901
620	NHM_Unique_Barden_Middler_620
3564	NHM_Unique_Bremer_3564
579	NHM_Unique_Citizen_579
3392	NHM_Unique_Aveeno_3392
200010149	NHM_Unique_Justinus_200010149
200010150	NHM_Unique_Karl_200010150
3632	NHM_Unique_Willian_3632
200010154	NHM_Unique_Romano_200010154
4279	NGM_Unique_Shakatu_4279
4278	NGM_Unique_Shakatu_4278
9038	NHM_Merchant_Wanderer_9038
3843	NHM_Unique_Marten_3843
1002607	NHW_Unique_Priest_102051
1002630	NHW_Unique_Priest_Monk_102054
1002631	NHM_Unique_Citizen_Scholar_3245
1002632	NHM_Unique_MiddleCitizen_3026
200010284	NHM_Unique_Hubert_200010284
4277	NGM_Unique_Shakatu_4277
1002620	MiddleBoss_Kailok_OneHandSword_50856
1000996	MiddleBoss_Past_Kailok_1
4305	NGM_Unique_Luke_4305
38001	Animal_Cow_Domestic_Unique_50001
30503	Animal_Unique_LikeWooly_Domestic_30503
1001060	Animal_MilkCow_Domestic_Unique_50001
3405	NHM_Unique_Alan_Serkis_3405
461	NHM_Unique_VictorBrocks_461
1001012	NHM_Unique_Criminal
55504	Boss_ReedDevil_DualSword_55504
3042	NHM_Unique_CountGrace_3042
4276	NGM_Unique_Shakatu_4276
55512	Boss_BanquetHall_Imp_Boss_55512
200010007	NHM_Noble_200010007
1000375	Boss_CrowCaller_DualDagger_53183
1002169	Boss_CrowCaller_DualDagger_53183_1
200020032	NHW_Unique_Marina_200020032
200130007	NDM_Unique_Jerdi_200130007
200130006	NDM_Unique_Irkin_200130006
200130005	NDM_Unique_Harvik_200130005
1001781	NDM_Unique_Togram_200130008
470	NTM_Unique_Suspicious_Troll_Scholarsouth_470
501	NTM_Unique_Octavius_501
502	NTM_Unique_Octavius_502
32702	Animal_Stefero_Quest_32702
30197	Animal_Boss_Cucubird_Wild_Gimmick_30197
1000275	Object_Nuclear_Fusion_1
1910	NHM_Unique_Citizen_1910
3018	NHM_Unique_CharlesCeleste_3017
1000765	NHM_Unique_Hernand_Soldiers_200010229
1000847	NHM_Unique_UnyieldingShields_OneHandSword_200170021
1003121	NHM_Unique_UnyieldingShields_200170024
1003122	NHM_UnyieldingShields_WoundedSoldier_I
1003110	MiddleBoss_BlackBear_TwoHandWarHammer
1000897	NHM_Unique_StefanLanford_619
1002159	NHM_Jameson_MaceShield_53252
1000766	Animal_Stefero_Domestic_Saddle_Unique_38008
1000735	NHM_Unique_Tolstein
60010	Boss_Ludvig
1001338	Boss_Ludvig_OneArmed
1000271	Boss_Ludvig_Awakening
416	NHM_Unique_Ludvig_416
54001	Boss_Myurdin_OneHandSword_54001
1000457	Boss_FlameMyurdin_OneHandSword_54002
200020014	NHW_Unique_Colette_200020014
1000012	NHW_Unique_Injured_Azureian_1
1003645	NHW_Unique_Injured_Azureian_2
1002054	Boss_Caliburn_OnehandSword
3452	NHW_Unique_Maegu_3452
3453	NHW_Unique_Woosa_3453
1000310	MiddleBoss_Silver_Armor_1
1000903	NHM_Unique_Bastier_3308
1000189	NHM_Caliburn_Soldiers_SwordShield_1_Unique
1000207	NHM_Caliburn_Soldiers_OneHandMusket_1_Unique
1002478	NHM_Unique_Polan
1000962	NGM_Unique_Goblin_Master
55111	Boss_Old_Kliff_SwordShield_55111
1000531	Old_Kliff_Clone
1002439	NHM_Unique_Buddhist_Shay_Chief_Monk
1000610	MiddleBoss_Regglin_Master
1000799	Riding_Dragon_1
1002241	Boss_Dragon_TriStar_Armor_Stage
60003	Boss_Dragon_60003
60004	Boss_Dragon_60004
3020	NHM_Unique_Drake_Wells_3017
1001078	NOM_Unique_Noname
1001168	NOM_Unique_Valgash
1004033	NOM_Unique_Garkhan
1000793	NHM_GoldenMaskMan_AIMarni
60007	Boss_Marni_GolemDragon_60007
60015	Boss_Caliburn
1000561	Boss_Caliburn_PreAwakening
53251	NHM_Thomson_MaceShield_53251
55529	Boss_Caliburn_Awakening
1003124	Possesion_Myurdin_OneHandSword_1
1000285	WhiteCrow_Witch_Drone_Umbra
1002889	Seraphim
1003936	Seraphim_Eye
1000970	Boss_Dragon_TriStar_Drone
1001342	NHM_Goblin_Market_Soldier_IsUnique_I
1001562	NHM_Goblin_Market_Soldier_SwordShield_IsUnique_II
1003939	NHM_PointOfFaction_OldKliff
1001912	Object_Seraphim_Wing_01
1002890	Object_Seraphim_Wing_02
1002499	MiddleBoss_Stefan_Lanford_SwordShield_53261
1003911	Riding_Bear_1000
1003913	Riding_Wolf_1000
1003914	Riding_Deer_1000
1003748	Riding_SandfangBandits_Wolf_2083
1003776	Animal_Tiger_Wild_2
30269	Animal_Battle_Boar_30269
29448	Riding_AlpineIbex_1
1003796	Animal_Raccoon_Domestic_30042
1001138	NHM_Unique_Help_Drunken
200010138	NHM_Unique_Gabriel_200010138
1003651	NHM_Unique_Uriel
200010161	NHM_Unique_Teodoro_200010161
200010162	NHM_Unique_Hugo_200010162
200010163	NHM_Unique_Ingbert_200010163
200010164	NHM_Unique_Jasper_200010164
1002501	NHM_Unique_Augustine_200010190
1000737	NHM_Unique_Hernand_Soldiers_200010227
1000738	NHM_Unique_Hernand_Soldiers_200010228
200010236	NHM_Unique_Abystand_200010236
1000719	NHM_Greyfur_RoyalSupply
200010285	NHM_Unique_Receiver_200010285
200010286	NHM_Unique_GrahamDigman_200010286
1002176	NOM_Unique_Morcas_1
1000967	NHM_Drunk_BlackBears_OneHandSword_200170028
1001470	NHM_MiddleCitizen_20010163
1000386	NHM_Noble_Byron_200010298
1001118	NHM_Noble_Memory_Byron_200010298
1001061	NHM_Unique_LongleafTreeVillage_200010303
1001780	NHM_UnyieldingShields_Scout
1000984	NHM_Unique_Freydis
1000985	NHM_Unique_Arno
1000837	NHM_Unique_Jordan
1001055	NHM_Serkis_Servant
1000838	NHM_Serkis_Servant_1
1000997	NHM_Serkis_Gardener
1001057	NHM_Priest_Monk_Senia_WaterMill
1000891	NHM_Unique_Canyon
1001086	NHM_Unique_Citizen_3115
1001121	NHM_Unique_Citizen_3200
1002104	NHM_Unique_Parker
1002105	NHM_Unique_Albert
1002106	NHM_Unique_Amos
1002095	NHM_Unique_ElimoreServant
1002096	NHM_Unique_AzureianServant
1002087	NHM_Unique_UnyieldingShields_Misappropriation
1002088	NHM_Unique_Misappropriation_Overseer
1002089	NHM_Unique_Misappropriation_Quartermaster
1002090	NHM_Unique_Misappropriation_Merchant
1002091	NHM_Unique_Misappropriation_Blacksmith
1000374	NHM_Unique_Kartnum
1002097	NHM_Unique_Blique
1002098	NHM_Unique_Grimzle
1002108	NHM_Unique_Gardner
1002109	NHM_Unique_Townsend
1002126	NHM_Unique_Whitman
1002111	NHM_Unique_Leonic
1000941	NHM_Unique_Gerard
1002112	NHM_Unique_Franklin
1002127	NHM_Unique_Percival
1002128	NHM_Unique_Harold
1002129	NHM_Unique_Harris
1002130	NHM_Unique_Emmett
1002067	NHM_Unique_Barrendo
1002157	NHM_Unique_HalsiusHerbalist
1000304	NTM_Unique_Leopold
1002158	NHM_Unique_HalsiusHerbalist_Oswald
1000268	NHW_Unique_TarivSorcerer
1002053	NHW_Citizen_RunawayGirl
1001658	NOM_Unique_FruitofGreed_0000
1002184	NHM_Unique_FruitofGreed_0001
1002185	NHM_Unique_FruitofGreed_0002
1002186	NHM_Unique_FruitofGreed_0003
1002187	NHM_Unique_FruitofGreed_0004
1002188	NHM_Unique_FruitofGreed_0005
1002189	NHM_Unique_FruitofGreed_0006
1002190	NHM_Unique_BluemontManor_Servant
1002191	NHM_Unique_OdeckVillager_1
1000516	NHM_Unique_Desert_Trader
1000539	NHM_Unique_Tashkalp_Villager
1000884	NHM_Unique_Kwe_Worker
1000238	NHM_Unique_Kwe_SkalcoveChief
1001014	NHM_Unique_Kwe_Torvan
1001018	NHM_Unique_Kwe_Roden
1000999	NHM_Unique_Slave_5935
1000169	NHM_Unique_Questioning_Bascal
1000172	NHM_Unique_Questioning_Osvlad
1000174	NHM_Unique_Questioning_Dravan
1000175	NHM_Unique_Questioning_Tarvo
1000195	NHM_Unique_Questioning_Grano
200020005	NHW_Unique_Annabel_200020005
200020012	NHW_Unique_Cecilia_200020012
200020024	NHW_Unique_Jacqueline_200020024
200020037	NHW_Unique_Quelotien_200020037
1002092	NHW_Unique_Misappropriation_Nun
1002093	NHW_Unique_Misappropriation_Worker
1000198	NHW_Unique_Questioning_Reneta
1000199	NHW_Unique_Questioning_Sylyn
1002132	NHW_Unique_Eleanor
1002192	NHM_Unique_OdeckVillager_2
1002637	NHM_Unique_Florin_hider_0001
1002638	NHM_Unique_Florin_hider_0002
1002639	NHM_Unique_Florin_hider_0003
1002134	NHW_Child_Unique_Chloe
1000478	NHM_Unique_Durzan_200090008
1000890	NHM_Unique_Durmin_200090009
200090050	NGM_Unique_Blip_200090050
1002099	NGM_Unique_Skrupp_200090054
1002100	NGM_Unique_Nurgle_200090056
1002065	NGM_Unique_Citizen_12902
1002122	NGM_Unique_Grrimik
200110023	NTM_Unique_Vekrok_200110023
200110051	NTM_Unique_Brok_200110051
1001087	NTM_Unique_RepairFance
1001761	NDM_Unique_Robot_Maker
1000227	NDM_Unique_Tazrim
1002441	Animal_Stefano_Domestic_Saddle_Scout
1002068	Riding_Wagon_Unique_Grain_TwoHorseFourWheel
200200012	NLM_Unique_Ponto_200200012
1001085	NLM_Unique_mushroom_200200023
1001090	NHM_Unique_Citizen_200200024
1001093	NHM_Unique_Citizen_200200025
1001096	NHM_Unique_Citizen_200200026
1001098	NHM_Unique_Citizen_200200027
1001105	NHM_Unique_Citizen_200200028
1001106	NHM_Unique_Citizen_200200029
1001107	NHM_Unique_Citizen_200200030
1001122	NHM_Unique_Citizen_200200031
1000434	NTM_Unique_Citizen_Scholar_0000
1000435	NHW_Unique_Citizen_Scholar_0001
1000833	NHM_Unique_Citizen_Scholar_0002
1001778	NTM_Unique_Citizen_Scholar_0003
1002084	NOM_Unique_Citizen_Scholar_0004
1002085	NDEM_Unique_MiddleCitizen_0005
1002086	NOM_Unique_Citizen_Scholar_0006
1000802	NHM_Unique_Citizen_TruthontheSand_0000
1002170	NHM_Unique_Citizen_TruthontheSand_0001
1002171	NHM_Unique_Citizen_TruthontheSand_0002
1002172	NHM_Unique_Citizen_TruthontheSand_0003
1002173	NHM_Unique_Citizen_TruthontheSand_0004
1002174	NHM_Unique_Citizen_TruthontheSand_0005
1002175	NHM_Unique_Citizen_TruthontheSand_0006
1001988	NHM_Unique_Citizen_Basim
1000332	NHM_Unique_Pailoon_Vigilante_1
1000038	NHM_Unique_Valmor
1000039	NHW_Unique_Selina
1003524	NHM_Hunter_Sidekick
1003525	NHM_Legendary_Hunter
1003528	NHM_Unique_Bellore
1003529	NHM_Unique_Elliot
1003530	NHM_Unique_Corvin
1003544	NHM_RedWindTrading_1
1000194	NHM_Unique_Pororin_Assistant
1000305	NHM_Pororin_Assistant
1001129	NGM_Unique_Scholar_Assistant_1
1000025	NGM_Scholar_Assistant_1
1003545	NGM_Scholar_Assistant_2
1003546	NGM_Scholar_Assistant_3
1003547	NGM_Scholar_Assistant_4
1000629	NHM_Unique_Urdavah_Assistant_2
1003548	NHM_Urdavah_Assistant_1
1001130	NHM_Urdavah_Assistant_2
1003549	NHM_Urdavah_Assistant_3
1003550	NHM_Urdavah_Assistant_4
1000634	NOM_Unique_OrcNeutralZone_Assistant_3
1003551	NOM_OrcNeutralZone_Assistant_1
1003552	NOM_OrcNeutralZone_Assistant_2
1003531	NOM_OrcNeutralZone_Assistant_3
1003553	NOM_OrcNeutralZone_Assistant_4
1000637	NHM_Unique_Delesyia_Assistant_4
1003554	NHM_Delesyia_Assistant_1
1003555	NHM_Delesyia_Assistant_2
1003556	NHM_Delesyia_Assistant_3
1003532	NHM_Delesyia_Assistant_4
1000639	NHM_Unique_Dewhaven_Assistant_5
1003557	NHM_Dewhaven_Assistant_1
1003558	NHM_Dewhaven_Assistant_2
1003559	NHM_Dewhaven_Assistant_3
1003533	NHM_Dewhaven_Assistant_5
1003595	NHM_Unique_CrimeTutorial
1003784	NHM_Unique_TexInspector
1004312	NTM_Unique_Scholar_Vargus
1003910	NHM_Unique_FundTutorial
1000968	NTM_RhettAssist
1002077	NDW_AnbellaAssist
1003714	NOW_TerinandAssist
1003715	NTM_BargulAssist
1003716	NDEM_BarisAssist
1003717	NHW_LoraAssist
1003718	NHM_RichartAssist
1003719	NHM_HerbertAssist
1003720	NDM_MarinAssist
1003721	NHW_InnAssist
1003722	NGM_GrundakAssist
1003723	NDW_RandelAssist
1003730	NDEM_ElowenAssist
1003731	NDW_ZaraAssist
1003732	NHM_ThibaultAssist
1003733	NHM_SamirAssist
1003734	NTM_BruknarAssist
1003735	NHW_GwendolynAssist
1003736	NHM_KhadijaAssist
1003737	NHW_FatimaAssist
1003738	NGM_SniksAssist
1003739	NOW_MarianaAssist
1003740	NTM_KataAssist
1003741	NDW_FionaAssist
1003742	NGM_ZarkonAssist
1003743	NGM_UgmumAssist
1003744	NDW_BrunaAssist
1003745	NDEM_HarvestonAssist
1003746	NDW_DriannaAssist
1003775	NHM_GrimnirAssist
1003988	NHM_Greyfur_Roy
1003934	NHM_Bleed_Bandits_OneHandSword_54110
1003935	NHM_Bleed_Bandits_OneHandSword_54106
