key	en	zh-CN	zh-TW	de	fr	ko	ja	es	pt-BR	ru	tr
Language	Language	语言	語言	Sprache	Langue	언어	言語	Idioma	Idioma	Язык	Dil
World Builder [%s]	World Builder [%s]	世界编辑器 [%s]	世界編輯器 [%s]	World Builder [%s]	World Builder [%s]	월드 빌더 [%s]	ワールドビルダー [%s]	World Builder [%s]	World Builder [%s]	World Builder [%s]	World Builder [%s]
World Builder v%s [%s] %s = %s, %s = hide	World Builder v%s [%s] %s = %s, %s = hide	世界编辑器 v%s [%s] %s = %s，%s = 隐藏	世界編輯器 v%s [%s] %s = %s，%s = 隱藏	World Builder v%s [%s] %s = %s, %s = ausblenden	World Builder v%s [%s] %s = %s, %s = masquer	World Builder v%s [%s] %s = %s, %s = 숨기기	World Builder v%s [%s] %s = %s、%s = 非表示	World Builder v%s [%s] %s = %s, %s = ocultar	World Builder v%s [%s] %s = %s, %s = ocultar	World Builder v%s [%s] %s = %s, %s = скрыть	World Builder v%s [%s] %s = %s, %s = gizle
Browser	Browser	浏览	瀏覽	Browser	Navigateur	브라우저	ブラウザー	Navegador	Navegador	Каталог	Tarayıcı
Scene	Scene	场景	場景	Szene	Scène	장면	シーン	Escena	Cena	Сцена	Sahne
Project	Project	项目	專案	Projekt	Projet	프로젝트	プロジェクト	Proyecto	Projeto	Проект	Proje
Settings	Settings	设置	設定	Einstellungen	Paramètres	설정	設定	Ajustes	Configurações	Настройки	Ayarlar
Log	Log	日志	記錄	Protokoll	Journal	로그	ログ	Registro	Registro	Журнал	Kayıt
Travel	Travel	传送	傳送	Reisen	Déplacement	이동	移動	Viaje	Viagem	Перемещение	Seyahat
PLAY	PLAY	游玩	遊玩	SPIELEN	JOUER	플레이	プレイ	JUGAR	JOGAR	ИГРА	OYNA
EDIT	EDIT	编辑	編輯	BEARBEITEN	ÉDITER	편집	編集	EDITAR	EDITAR	РЕДАКТИРОВАТЬ	DÜZENLE
PLAY MODE	PLAY MODE	游玩模式	遊玩模式	SPIELMODUS	MODE JEU	플레이 모드	プレイモード	MODO JUEGO	MODO JOGO	РЕЖИМ ИГРЫ	OYUN MODU
EDIT MODE	EDIT MODE	编辑模式	編輯模式	BEARBEITUNGSMODUS	MODE ÉDITION	편집 모드	編集モード	MODO EDICIÓN	MODO EDIÇÃO	РЕЖИМ РЕДАКТИРОВАНИЯ	DÜZENLEME MODU
edit	edit	编辑	編輯	Bearbeiten	éditer	편집	編集	editar	editar	редактирование	düzenle
play	play	游玩	遊玩	Spielen	jouer	플레이	プレイ	jugar	jogar	играть	oyna
back to editing	back to editing	返回编辑	返回編輯	zurück zum Bearbeiten	reprendre l’édition	편집으로 돌아가기	編集に戻る	volver a editar	voltar à edição	вернуться к редактированию	düzenlemeye dön
play mode	play mode	游玩模式	遊玩模式	Spielmodus	mode jeu	플레이 모드	プレイモード	modo juego	modo de jogo	режим игры	oyun modu
CATEGORIES	CATEGORIES	分类	分類	KATEGORIEN	CATÉGORIES	카테고리	カテゴリー	CATEGORÍAS	CATEGORIAS	КАТЕГОРИИ	KATEGORİLER
COLLECTIONS	COLLECTIONS	收藏集	收藏集	SAMMLUNGEN	COLLECTIONS	컬렉션	コレクション	COLECCIONES	COLEÇÕES	КОЛЛЕКЦИИ	KOLEKSİYONLAR
your own named prefab lists; add the selected prefab from the details panel	your own named prefab lists; add the selected prefab from the details panel	自定义命名的预制件列表；可从详情面板添加所选预制件	自訂命名的預製件清單；可從詳細資訊面板加入所選預製件	Eigene benannte Prefab-Listen; füge das ausgewählte Prefab im Detailbereich hinzu	Vos listes de prefabs ; ajoutez le prefab sélectionné depuis le panneau de détails	이름을 지정한 프리팹 목록입니다. 세부 정보 패널에서 선택한 프리팹을 추가하세요	名前を付けたPrefabリストです。詳細パネルから選択中のPrefabを追加できます	Listas propias de prefabs; añade el seleccionado desde el panel de detalles	Listas próprias de prefabs; adicione o selecionado pelo painel de detalhes	Именованные списки префабов; добавляйте выбранный префаб на панели сведений	Adlandırılmış prefab listeleriniz; seçili prefabı ayrıntılar panelinden ekleyin
drag the right edge of this pane to resize it	drag the right edge of this pane to resize it	拖动此面板右边缘可调整大小	拖曳此面板右側邊緣可調整大小	Ziehe den rechten Rand dieses Bereichs, um die Größe zu ändern	Faites glisser le bord droit de ce panneau pour le redimensionner	패널 오른쪽 가장자리를 끌어 크기를 조정하세요	このペインの右端をドラッグしてサイズを変更します	Arrastra el borde derecho de este panel para cambiar su tamaño	Arraste a borda direita deste painel para redimensioná-lo	Перетащите правый край панели, чтобы изменить её размер	Boyutunu değiştirmek için bu panelin sağ kenarını sürükleyin
delete collection	delete collection	删除收藏集	刪除收藏集	Sammlung löschen	Supprimer la collection	컬렉션 삭제	コレクションを削除	Eliminar colección	Excluir coleção	Удалить коллекцию	Koleksiyonu sil
new collection	new collection	新建收藏集	新增收藏集	Neue Sammlung	Nouvelle collection	새 컬렉션	新しいコレクション	Nueva colección	Nova coleção	Новая коллекция	Yeni koleksiyon
add	add	添加	新增	Hinzufügen	Ajouter	추가	追加	Añadir	Adicionar	Добавить	Ekle
clear	clear	清除	清除	Leeren	Effacer	지우기	クリア	Limpiar	Limpar	Очистить	Temizle
list	list	列表	清單	Liste	Liste	목록	リスト	Lista	Lista	Список	Liste
cards	cards	卡片	卡片	Karten	Cartes	카드	カード	Tarjetas	Cartões	Карточки	Kartlar
favorites	favorites	收藏	我的最愛	Favoriten	Favoris	즐겨찾기	お気に入り	Favoritos	Favoritos	Избранное	Favoriler
favorites only	favorites only	仅显示收藏	僅顯示我的最愛	Nur Favoriten	Favoris uniquement	즐겨찾기만 표시	お気に入りのみ	Solo favoritos	Somente favoritos	Только избранное	Yalnızca favoriler
meshes	meshes	网格	網格	Meshes	Maillages	메시	メッシュ	Mallas	Malhas	Меши	Meshler
meshes only	meshes only	仅显示网格	僅顯示網格	Nur Meshes	Maillages uniquement	메시만 표시	メッシュのみ	Solo mallas	Somente malhas	Только меши	Yalnızca meshler
search  (words in any order, e.g. lamp torch)	search  (words in any order, e.g. lamp torch)	搜索（词语顺序不限，例如 lamp torch）	搜尋（詞語順序不限，例如 lamp torch）	Suche (Wörter in beliebiger Reihenfolge, z. B. lamp torch)	Rechercher (mots dans n’importe quel ordre, p. ex. lamp torch)	검색(단어 순서는 상관없음, 예: lamp torch)	検索（語順不問、例：lamp torch）	Buscar (palabras en cualquier orden, p. ej., lamp torch)	Buscar (palavras em qualquer ordem, ex.: lamp torch)	Поиск (слова в любом порядке, например lamp torch)	Ara (kelimeler herhangi bir sırada, ör. lamp torch)
search  (words in any order)	search  (words in any order)	搜索（词语顺序不限）	搜尋（詞語順序不限）	Suche (Wörter in beliebiger Reihenfolge)	Rechercher (mots dans n’importe quel ordre)	검색(단어 순서는 상관없음)	検索（語順不問）	Buscar (palabras en cualquier orden)	Buscar (palavras em qualquer ordem)	Поиск (слова в любом порядке)	Ara (kelimeler herhangi bir sırada)
name	name	名称	名稱	Name	Nom	이름	名前	Nombre	Nome	Имя	Ad
folder	folder	文件夹	資料夾	Ordner	Dossier	폴더	フォルダー	Carpeta	Pasta	Папка	Klasör
tags	tags	标签	標籤	Tags	Tags	태그	タグ	Etiquetas	Tags	Теги	Etiketler
nothing matches: fewer words, another category, or turn off 'favorites' / 'meshes only' / the tag filters ('clear' resets all).	nothing matches: fewer words, another category, or turn off 'favorites' / 'meshes only' / the tag filters ('clear' resets all).	没有匹配项：试试减少搜索词、更换分类，或关闭“收藏”“仅网格”和标签筛选（“清除”会重置所有筛选）。	找不到相符項目：試著減少搜尋詞、更換分類，或關閉「我的最愛」、「僅網格」與標籤篩選（「清除」會重設所有篩選）。	Keine Treffer: weniger Suchbegriffe, andere Kategorie oder Favoriten-, Mesh- und Tagfilter ausschalten („Leeren“ setzt alles zurück).	Aucun résultat : réduisez les mots, changez de catégorie ou désactivez les favoris, les maillages ou les filtres de tags (« Effacer » réinitialise tout).	일치 항목이 없습니다. 검색어를 줄이거나 다른 카테고리를 선택하고 즐겨찾기/메시/태그 필터를 끄세요(지우기로 모두 초기화).	一致する項目がありません。検索語を減らすかカテゴリを変え、お気に入り／メッシュ／タグのフィルターを解除してください（クリアでリセット）。	Sin coincidencias: usa menos palabras, cambia de categoría o desactiva favoritos, mallas o filtros de etiquetas (limpiar restablece todo).	Nada corresponde: use menos palavras, outra categoria ou filtros de favoritos, malhas ou tags (limpar redefine tudo).	Совпадений нет: сократите запрос, выберите другую категорию или отключите фильтры избранного, мешей и тегов («Очистить» сбрасывает всё).	Eşleşme yok: daha az kelime kullanın, başka kategori seçin veya favori, mesh ve etiket filtrelerini kapatın (Temizle tümünü sıfırlar).
%d results	%d results	%d 个结果	%d 個結果	%d Ergebnisse	%d résultats	결과 %d개	%d 件の結果	%d resultados	%d resultados	Результатов: %d	%d sonuç
%d results%s	%d results%s	%d 个结果%s	%d 個結果%s	%d Ergebnisse%s	%d résultats%s	결과 %d개%s	%d 件の結果%s	%d resultados%s	%d resultados%s	Результатов: %d%s	%d sonuç%s
%d cards per row	%d cards per row	每行 %d 张卡片	每列 %d 張卡片	%d Karten pro Zeile	%d cartes par ligne	한 줄에 카드 %d개	1行に%d枚	%d tarjetas por fila	%d cartões por linha	Карточек в строке: %d	Satır başına %d kart
remove from	remove from	从此收藏集移除：	從此收藏集移除：	Aus dieser Sammlung entfernen:	Retirer de cette collection :	이 컬렉션에서 제거:	このコレクションから削除：	Quitar de esta colección:	Remover desta coleção:	Удалить из этой коллекции:	Bu koleksiyondan kaldır:
add to	add to	添加到收藏集：	加入收藏集：	Zu Sammlung hinzufügen:	Ajouter à la collection :	컬렉션에 추가:	コレクションに追加：	Añadir a colección:	Adicionar à coleção:	Добавить в коллекцию:	Koleksiyona ekle:
add favorite	add favorite	添加收藏	加入我的最愛	Zu Favoriten hinzufügen	Ajouter aux favoris	즐겨찾기에 추가	お気に入りに追加	Añadir a favoritos	Adicionar aos favoritos	Добавить в избранное	Favorilere ekle
remove favorite	remove favorite	取消收藏	移除我的最愛	Aus Favoriten entfernen	Retirer des favoris	즐겨찾기에서 제거	お気に入りから削除	Quitar de favoritos	Remover dos favoritos	Убрать из избранного	Favorilerden kaldır
render preview again	render preview again	重新渲染预览图	重新算繪預覽圖	Vorschaubild neu rendern	Regénérer l’aperçu	미리보기 다시 렌더링	プレビューを再レンダリング	Volver a generar la vista previa	Gerar a pré-visualização novamente	Перерисовать превью	Önizlemeyi yeniden oluştur
prefab	prefab	预制体	預製物件	Prefab	Prefab	프리팹	プレハブ	Prefab	Prefab	Префаб	Prefab
   updating %d / %d	   updating %d / %d	   更新中 %d / %d	   更新中 %d / %d	   Aktualisierung %d / %d	   mise à jour %d / %d	   갱신 %d / %d	   更新中 %d / %d	   actualizando %d / %d	   atualizando %d / %d	   обновление %d / %d	   güncelleniyor %d / %d
Updating existing previews with the improved renderer: %d of %d. Tiles on screen are updated first.	Updating existing previews with the improved renderer: %d of %d. Tiles on screen are updated first.	正在用改进的渲染器更新现有预览：%d / %d。屏幕上的卡片优先更新。	正在以改良的算繪器更新現有預覽：%d / %d。螢幕上的卡片優先更新。	Vorhandene Vorschauen werden mit dem verbesserten Renderer aktualisiert: %d von %d. Sichtbare Kacheln zuerst.	Mise à jour des aperçus existants avec le moteur amélioré : %d sur %d. Les vignettes à l'écran d'abord.	개선된 렌더러로 기존 미리보기를 갱신하는 중: %d / %d. 화면의 타일이 먼저 갱신됩니다.	改良したレンダラーで既存のプレビューを更新中: %d / %d。画面上のタイルが先に更新されます。	Actualizando las vistas previas existentes con el renderizador mejorado: %d de %d. Primero las tarjetas en pantalla.	Atualizando as pré-visualizações existentes com o renderizador melhorado: %d de %d. Os cartões na tela primeiro.	Обновление существующих превью улучшенным рендерером: %d из %d. Сначала карточки на экране.	Mevcut önizlemeler geliştirilmiş işleyiciyle güncelleniyor: %d / %d. Önce ekrandaki kartlar.
preview quality	preview quality	预览质量	預覽品質	Vorschau-Qualität	Qualité des aperçus	미리보기 품질	プレビュー品質	Calidad de vista previa	Qualidade da pré-visualização	Качество превью	Önizleme kalitesi
base colour (fastest)	base colour (fastest)	基础颜色（最快）	基礎顏色（最快）	Grundfarbe (am schnellsten)	Couleur de base (le plus rapide)	기본 색상 (가장 빠름)	基本色（最速）	Color base (lo más rápido)	Cor base (mais rápido)	Базовый цвет (быстрее всего)	Temel renk (en hızlı)
+ dye colours	+ dye colours	+ 染色	+ 染色	+ Färbung	+ teintures	+ 염색	+ 染色	+ tintes	+ tingimentos	+ окраска	+ boya renkleri
+ normal maps	+ normal maps	+ 法线贴图	+ 法線貼圖	+ Normal-Maps	+ normal maps	+ 노멀 맵	+ ノーマルマップ	+ mapas normales	+ normal maps	+ карты нормалей	+ normal haritaları
+ specular and glow (best)	+ specular and glow (best)	+ 高光与发光（最佳）	+ 高光與發光（最佳）	+ Glanz und Leuchten (am besten)	+ reflets et lueur (le meilleur)	+ 반사광과 발광 (최고)	+ 光沢と発光（最高）	+ brillo y resplandor (lo mejor)	+ brilho e emissão (melhor)	+ блики и свечение (лучшее)	+ parlaklık ve ışıma (en iyi)
previews on screen are always rendered first; a lower level only makes the background pass faster. Applies to new previews, right-click a tile to render it again	previews on screen are always rendered first; a lower level only makes the background pass faster. Applies to new previews, right-click a tile to render it again	屏幕上的预览总是优先渲染；较低的级别只会加快后台渲染。仅对新预览生效，右键单击卡片可重新渲染	螢幕上的預覽一律優先算繪；較低的等級只會加快背景算繪。僅對新預覽生效，在卡片上按右鍵可重新算繪	Sichtbare Vorschauen werden immer zuerst gerendert; eine niedrigere Stufe beschleunigt nur den Hintergrund-Durchlauf. Gilt für neue Vorschauen, Rechtsklick auf eine Kachel rendert sie neu	Les aperçus à l'écran sont toujours rendus en premier ; un niveau plus bas accélère seulement le rendu en arrière-plan. S'applique aux nouveaux aperçus, clic droit sur une vignette pour la régénérer	화면의 미리보기는 항상 먼저 렌더링됩니다. 낮은 단계는 백그라운드 렌더링만 빠르게 합니다. 새 미리보기에 적용되며, 타일을 우클릭하면 다시 렌더링합니다	画面上のプレビューは常に優先して描画されます。低いレベルはバックグラウンド処理を速くするだけです。新しいプレビューに適用され、タイルを右クリックすると再描画します	Las vistas previas en pantalla siempre se generan primero; un nivel más bajo solo acelera el proceso en segundo plano. Se aplica a vistas nuevas; clic derecho en una tarjeta para regenerarla	As pré-visualizações na tela são sempre geradas primeiro; um nível mais baixo só acelera o processo em segundo plano. Vale para novas pré-visualizações; clique com o botão direito num cartão para gerá-lo de novo	Превью на экране всегда рисуются первыми; более низкий уровень лишь ускоряет фоновую обработку. Применяется к новым превью, щелчок правой кнопкой по карточке перерисует её	Ekrandaki önizlemeler her zaman önce oluşturulur; daha düşük seviye yalnızca arka plan işlemini hızlandırır. Yeni önizlemelere uygulanır, yeniden oluşturmak için karta sağ tıklayın
list view: name, folder, tags	list view: name, folder, tags	列表视图：名称、文件夹、标签	清單檢視：名稱、資料夾、標籤	Listenansicht: Name, Ordner, Tags	Vue en liste : nom, dossier, tags	목록 보기: 이름, 폴더, 태그	リスト表示：名前、フォルダー、タグ	Vista de lista: nombre, carpeta y etiquetas	Visualização em lista: nome, pasta e tags	Вид списка: имя, папка, теги	Liste görünümü: ad, klasör, etiketler
tile view with the preview images (same search and filters)	tile view with the preview images (same search and filters)	带预览图的卡片视图（使用相同的搜索和筛选条件）	含預覽圖片的卡片檢視（使用相同的搜尋與篩選條件）	Kachelansicht mit Vorschaubildern (gleiche Suche und Filter)	Vue en vignettes avec aperçus (même recherche et filtres)	미리보기 이미지가 있는 카드 보기(같은 검색 및 필터)	プレビュー画像付きタイル表示（検索・フィルターは共通）	Vista de tarjetas con imágenes (misma búsqueda y filtros)	Visualização em cartões com prévias (mesma busca e filtros)	Карточки с изображениями (те же поиск и фильтры)	Önizleme görselli kart görünümü (aynı arama ve filtreler)
tile size	tile size	卡片大小	卡片大小	Kachelgröße	Taille des vignettes	타일 크기	タイルサイズ	Tamaño de tarjeta	Tamanho do cartão	Размер карточки	Kart boyutu
rendering...	rendering...	正在渲染...	正在算繪...	Wird gerendert...	Rendu en cours...	렌더링 중...	レンダリング中...	Renderizando...	Renderizando...	Рендеринг...	İşleniyor...
no preview	no preview	无预览图	無預覽圖	Keine Vorschau	Aucun aperçu	미리보기 없음	プレビューなし	Sin vista previa	Sem prévia	Нет предпросмотра	Önizleme yok
queued	queued	排队中	排隊中	In Warteschlange	En attente	대기 중	待機中	En cola	Na fila	В очереди	Sırada
preview generator is starting...	preview generator is starting...	预览生成器正在启动...	預覽產生器正在啟動...	Vorschaugenerator wird gestartet...	Le générateur d’aperçus démarre...	미리보기 생성기를 시작하는 중...	プレビュー生成を開始しています...	Iniciando el generador de vistas previas...	Iniciando o gerador de prévias...	Запуск генератора предпросмотра...	Önizleme oluşturucu başlatılıyor...
%d prefabs with %s	%d prefabs with %s	%d 个预制件，标签：%s	%d 個預製件，標籤：%s	%d Prefabs mit %s	%d prefabs avec %s	프리팹 %d개, 태그: %s	%d個のPrefab、タグ: %s	%d prefabs con %s	%d prefabs com %s	%d префабов, тег: %s	%d prefab, etiket: %s
PLACE	PLACE	放置	放置	PLATZIEREN	PLACER	배치	配置	COLOCAR	COLOCAR	РАЗМЕСТИТЬ	YERLEŞTİR
Place	Place	放置	放置	Platzieren	Placer	배치	配置	Colocar	Colocar	Разместить	Yerleştir
Grab	Grab	抓取	抓取	Greifen	Saisir	잡기	掴む	Agarrar	Pegar	Взять	Tut
spawn only	spawn only	直接生成	直接生成	Nur erzeugen	Apparition seule	바로 생성	そのまま生成	Solo generar	Apenas gerar	Только создать	Yalnızca oluştur
Spawn options: offset, yaw, scale, direction	Spawn options: offset, yaw, scale, direction	生成选项：偏移、偏航角、比例、方向	生成選項：偏移、偏航角、比例、方向	Spawn-Optionen: Versatz, Gierwinkel, Größe, Richtung	Options d’apparition : décalage, lacet, échelle, direction	생성 옵션: 오프셋, 요, 크기, 방향	生成オプション：オフセット、ヨー、スケール、向き	Opciones de generación: desplazamiento, giro, escala y dirección	Opções de geração: deslocamento, rotação, escala e direção	Параметры создания: смещение, угол, масштаб, направление	Oluşturma seçenekleri: ofset, yaw, ölçek, yön
offset fwd/up/side	offset fwd/up/side	偏移 前/上/侧	偏移 前/上/側	Versatz vor/hoch/seitlich	Décalage avant/haut/côté	오프셋 전방/위/측면	オフセット 前/上/横	Desplazamiento delante/arriba/lateral	Deslocamento frente/cima/lado	Смещение вперёд/вверх/вбок	Ofset ileri/yukarı/yan
yaw	yaw	偏航角	偏航角	Gierwinkel	Lacet	요	ヨー	Giro	Rotação	Рыскание	Yaw
scale	scale	比例	比例	Skalierung	Échelle	크기	スケール	Escala	Escala	Масштаб	Ölçek
off	off	关	關	Aus	Désactivé	끔	オフ	Desactivado	Desativado	Выкл.	Kapalı
on	on	开	開	Ein	Activé	켬	オン	Activado	Ativado	Вкл.	Açık
cancel	cancel	取消	取消	Abbrechen	Annuler	취소	キャンセル	cancelar	cancelar	отмена	iptal
put back	put back	放回原位	放回原位	Zurücklegen	Remettre	되돌리기	元に戻す	devolver	devolver	вернуть обратно	geri koy
cancels	cancels	取消	取消	bricht ab	annule	취소	キャンセル	cancela	cancela	отменяет	iptal eder
puts back	puts back	放回	放回	legt zurück	remet en place	되돌려 놓음	元に戻す	devuelve	devolve	возвращает	geri koyar
the game (camera)	the game (camera)	游戏（摄像机）	遊戲（攝影機）	das Spiel (Kamera)	le jeu (caméra)	게임(카메라)	ゲーム（カメラ）	el juego (cámara)	o jogo (câmera)	игра (камера)	oyun (kamera)
World Builder (gizmo)	World Builder (gizmo)	World Builder（操纵器）	World Builder（操縱器）	World Builder (Gizmo)	World Builder (gizmo)	World Builder(기즈모)	World Builder（ギズモ）	World Builder (manipulador)	World Builder (gizmo)	World Builder (гизма)	World Builder (gizmo)
Line	Line	直线	直線	Linie	Ligne	직선	直線	Línea	Linha	Линия	Çizgi
Circle	Circle	圆形	圓形	Kreis	Cercle	원형	円形	Círculo	Círculo	Круг	Daire
count	count	数量	數量	Anzahl	Quantité	개수	個数	Cantidad	Quantidade	Количество	Adet
spacing	spacing	间距	間距	Abstand	Espacement	간격	間隔	Espaciado	Espaçamento	Интервал	Aralık
radius	radius	半径	半徑	Radius	Rayon	반지름	半径	Radio	Raio	Радиус	Yarıçap
yaw as set	yaw as set	保持当前偏航角	保持目前偏航角	Gierwinkel beibehalten	Conserver le lacet	현재 요 유지	現在のヨーを維持	Mantener giro	Manter rotação	Сохранить угол	Yaw'ı koru
along the line	along the line	沿直线方向	沿直線方向	Entlang der Linie	Le long de la ligne	선을 따라	線に沿う	A lo largo de la línea	Ao longo da linha	Вдоль линии	Çizgi boyunca
across the line	across the line	垂直于直线	垂直於直線	Quer zur Linie	En travers de la ligne	선에 가로질러	線に対して横向き	A través de la línea	Atravessado à linha	Поперёк линии	Çizgiye çapraz
X to center	X to center	X轴朝向中心	X 軸朝向中心	X zur Mitte	X vers le centre	X축이 중심을 향함	X軸を中心へ	X hacia el centro	X voltado para o centro	Ось X к центру	X merkeze dönük
X outward	X outward	X轴朝外	X 軸朝外	X nach außen	X vers l’extérieur	X축이 바깥을 향함	X軸を外側へ	X hacia fuera	X voltado para fora	Ось X наружу	X dışa dönük
line	line	直线	直線	Linie	Ligne	직선	直線	línea	linha	линия	çizgi
circle	circle	圆形	圓形	Kreis	cercle	원형	円形	círculo	círculo	круг	daire
position	position	位置	位置	Position	Position	위치	位置	Posición	Posição	Позиция	Konum
tilt X (pitch)	tilt X (pitch)	X轴倾斜（俯仰）	X 軸傾斜（俯仰）	Neigung X (Nick)	Inclinaison X (tangage)	X 기울기(피치)	X傾斜（ピッチ）	Inclinación X (cabeceo)	Inclinação X (arfagem)	Наклон X (тангаж)	X eğimi (pitch)
tilt Z (roll)	tilt Z (roll)	Z轴倾斜（横滚）	Z 軸傾斜（橫滾）	Neigung Z (Rollen)	Inclinaison Z (roulis)	Z 기울기(롤)	Z傾斜（ロール）	Inclinación Z (alabeo)	Inclinação Z (rolagem)	Наклон Z (крен)	Z eğimi (roll)
level	level	水平对齐	水平對齊	Ausrichten	Mettre à niveau	수평 맞춤	水平にする	Nivelar	Nivelar	Выровнять	Düzle
To ground	To ground	贴合地面	貼合地面	Auf den Boden	Plaquer au sol	지면에 맞춤	地面に合わせる	Ajustar al suelo	Ajustar ao chão	На землю	Zemine hizala
Duplicate	Duplicate	复制	複製	Duplizieren	Dupliquer	복제	複製	Duplicar	Duplicar	Дублировать	Çoğalt
Group	Group	编组	群組	Gruppieren	Grouper	그룹	グループ化	Agrupar	Agrupar	Сгруппировать	Grupla
Ungroup	Ungroup	取消编组	取消群組	Gruppierung aufheben	Dissocier	그룹 해제	グループ解除	Desagrupar	Desagrupar	Разгруппировать	Grubu çöz
Delete	Delete	删除	刪除	Löschen	Supprimer	삭제	削除	Eliminar	Excluir	Удалить	Sil
Forget	Forget	从列表移除	從清單移除	Aus Liste entfernen	Retirer de la liste	목록에서 제거	リストから除外	Quitar de la lista	Remover da lista	Убрать из списка	Listeden kaldır
Remove duplicates	Remove duplicates	删除重复物体	移除重複物件	Duplikate entfernen	Supprimer les doublons	중복 제거	重複を削除	Eliminar duplicados	Remover duplicatas	Удалить дубликаты	Yinelenenleri kaldır
Cancel	Cancel	取消	取消	Abbrechen	Annuler	취소	キャンセル	Cancelar	Cancelar	Отмена	İptal
Apply	Apply	应用	套用	Anwenden	Appliquer	적용	適用	Aplicar	Aplicar	Применить	Uygula
Undo	Undo	撤销	復原	Rückgängig	Annuler	실행 취소	元に戻す	Deshacer	Desfazer	Отменить	Geri al
Redo	Redo	重做	重做	Wiederholen	Rétablir	다시 실행	やり直し	Rehacer	Refazer	Повторить	Yinele
snap to ground: not ready yet (walk a step first)	snap to ground: not ready yet (walk a step first)	地面吸附尚未就绪（先走一步）	地面吸附尚未就緒（先走一步）	Bodenausrichtung noch nicht bereit (gehe zuerst einen Schritt)	Alignement au sol indisponible (faites d’abord un pas)	지면 맞춤이 아직 준비되지 않았습니다(먼저 한 걸음 걸으세요)	地面スナップの準備ができていません（先に一歩歩いてください）	Ajuste al suelo aún no disponible (camina un paso primero)	Alinhamento ao chão ainda não está pronto (ande um passo antes)	Привязка к земле не готова (сначала пройдите шаг)	Zemine hizalama henüz hazır değil (önce bir adım yürüyün)
snap to ground: no surface found below	snap to ground: no surface found below	地面吸附失败：下方没有找到表面	地面吸附失敗：下方找不到表面	Kein Boden unter dem Objekt gefunden	Aucune surface détectée en dessous	아래에서 표면을 찾지 못했습니다	下に地面が見つかりません	No se encontró superficie debajo	Nenhuma superfície encontrada abaixo	Поверхность внизу не найдена	Altında yüzey bulunamadı
placement cancelled	placement cancelled	已取消放置	已取消放置	Platzierung abgebrochen	Placement annulé	배치 취소됨	配置をキャンセルしました	Colocación cancelada	Posicionamento cancelado	Размещение отменено	Yerleştirme iptal edildi
placed %s	placed %s	已放置 %s	已放置 %s	%s platziert	%s placé	%s 배치함	%sを配置	%s colocado	%s colocado	Размещено: %s	%s yerleştirildi
dropped %s	dropped %s	已放下 %s	已放下 %s	%s abgelegt	%s déposé	%s 놓음	%sを置いた	%s soltado	%s solto	Опущено: %s	%s bırakıldı
placing	placing	正在放置	正在放置	Wird platziert	Placement en cours	배치 중	配置中	Colocando	Colocando	Размещение	Yerleştiriliyor
grabbed	grabbed	已抓取	已抓取	Aufgenommen	Saisi	잡음	掴んだ	Agarrado	Pegado	Взято	Tutuldu
%s: %s | %d objects | %s = done, %s %s	%s: %s | %d objects | %s = done, %s %s	%s：%s | %d 个物体 | %s = 完成，%s %s	%s：%s | %d 個物件 | %s = 完成，%s %s	%s: %s | %d Objekte | %s = fertig, %s %s	%s : %s | %d objets | %s = terminer, %s %s	%s: %s | 오브젝트 %d개 | 완료: %s, %s %s	%s：%s | オブジェクト%d個 | 完了 %s、%s %s	%s: %s | %d objetos | %s = listo, %s %s	%s: %s | %d objetos | %s = concluir, %s %s	%s: %s | объектов: %d | завершить: %s, %s %s	%s: %s | %d nesne | tamam: %s, %s %s
%s is already in your hands: %s drops it, %s cancels	%s is already in your hands: %s drops it, %s cancels	%s 已在手中：按 %s 放下，按 %s 取消	%s 已在手中：按 %s 放下，按 %s 取消	%s ist bereits in deiner Hand: Mit %s ablegen, mit %s abbrechen	%s est déjà en main : %s pour le déposer, %s pour annuler	%s이(가) 이미 손에 있습니다. %s를 눌러 놓고, %s를 눌러 취소하세요	%sはすでに手元にあります。%sで配置、%sでキャンセル	%s ya está en tus manos: pulsa %s para soltarlo o %s para cancelar	%s já está nas mãos: pressione %s para soltar ou %s para cancelar	%s уже в руках: нажмите %s, чтобы опустить, или %s для отмены	%s zaten elinizde: bırakmak için %s, iptal etmek için %s
grouped	grouped	已编组	已群組	Gruppiert	Groupé	그룹화함	グループ化しました	Agrupado	Agrupado	Сгруппировано	Gruplandı
ungrouped	ungrouped	已取消编组	已取消群組	Gruppierung aufgehoben	Dissocié	그룹 해제함	グループ解除しました	Desagrupado	Desagrupado	Разгруппировано	Grup çözüldü
%d objects	%d objects	%d 个物体	%d 個物件	%d Objekte	%d objets	오브젝트 %d개	オブジェクト%d個	%d objetos	%d objetos	Объектов: %d	%d nesne
deleted %d objects	deleted %d objects	已删除 %d 个物体	已刪除 %d 個物件	%d Objekte gelöscht	%d objets supprimés	오브젝트 %d개 삭제됨	オブジェクト%d個を削除	%d objetos eliminados	%d objetos excluídos	Удалено объектов: %d	%d nesne silindi
copied %d objects	copied %d objects	已复制 %d 个物体	已複製 %d 個物件	%d Objekte kopiert	%d objets copiés	오브젝트 %d개 복사됨	オブジェクト%d個をコピー	%d objetos copiados	%d objetos copiados	Скопировано объектов: %d	%d nesne kopyalandı
snapping %d objects to the ground	snapping %d objects to the ground	正在将 %d 个物体吸附到地面	正在將 %d 個物件吸附至地面	Richte %d Objekte am Boden aus	Alignement de %d objets au sol	오브젝트 %d개를 지면에 맞추는 중	オブジェクト%d個を地面にスナップ中	Ajustando %d objetos al suelo	Alinhando %d objetos ao chão	Привязка объектов к земле: %d	%d nesne zemine hizalanıyor
New	New	新建	新增	Neu	Nouveau	새로 만들기	新規作成	Nuevo	Novo	Создать	Yeni
Save	Save	保存	儲存	Speichern	Enregistrer	저장	保存	Guardar	Salvar	Сохранить	Kaydet
Save back	Save back	保存回项目	儲存回專案	Zurückspeichern	Enregistrer dans le projet	프로젝트에 저장	プロジェクトに保存	Guardar en el proyecto	Salvar no projeto	Сохранить в проект	Projeye kaydet
Overwrite	Overwrite	覆盖	覆寫	Überschreiben	Écraser	덮어쓰기	上書き	Sobrescribir	Sobrescrever	Перезаписать	Üzerine yaz
Save the changes	Save the changes	保存更改	儲存變更	Änderungen speichern	Enregistrer les modifications	변경 사항 저장	変更を保存	Guardar cambios	Salvar alterações	Сохранить изменения	Değişiklikleri kaydet
Overwrite this project	Overwrite this project	覆盖此项目	覆寫此專案	Dieses Projekt überschreiben	Écraser ce projet	이 프로젝트 덮어쓰기	このプロジェクトを上書き	Sobrescribir este proyecto	Sobrescrever este projeto	Перезаписать проект	Bu projenin üzerine yaz
Load	Load	加载	載入	Laden	Charger	불러오기	読み込む	Cargar	Carregar	Загрузить	Yükle
Replace all	Replace all	全部替换	全部取代	Alles ersetzen	Tout remplacer	모두 교체	すべて置換	Reemplazar todo	Substituir tudo	Заменить всё	Tümünü değiştir
Select all of them	Select all of them	全选这些物体	全選這些物件	Alle auswählen	Tout sélectionner	모두 선택	すべて選択	Seleccionarlos todos	Selecionar todos	Выбрать все	Tümünü seç
autoload	autoload	自动加载	自動載入	Automatisch laden	Chargement auto	자동 불러오기	自動読み込み	Carga automática	Carregamento automático	Автозагрузка	Otomatik yükleme
(none yet)	(none yet)	（暂无）	（尚無）	(noch keine)	(aucun pour l’instant)	(아직 없음)	（まだありません）	(ninguno aún)	(nenhum ainda)	(пока нет)	(henüz yok)
objects in scene: %d   spawns pending: %d	objects in scene: %d   spawns pending: %d	场景物体：%d   待生成：%d	場景物件：%d   待生成：%d	Objekte in Szene: %d   ausstehende Spawns: %d	Objets dans la scène : %d   apparitions en attente : %d	장면 오브젝트: %d   생성 대기: %d	シーン内オブジェクト: %d   生成待ち: %d	Objetos en escena: %d   pendientes de generar: %d	Objetos na cena: %d   gerações pendentes: %d	Объектов на сцене: %d   ожидают создания: %d	Sahnedeki nesneler: %d   oluşturma bekliyor: %d
Delete all objects	Delete all objects	删除全部物体	刪除所有物件	Alle Objekte löschen	Supprimer tous les objets	모든 오브젝트 삭제	すべてのオブジェクトを削除	Eliminar todos los objetos	Excluir todos os objetos	Удалить все объекты	Tüm nesneleri sil
objects %d  |  %s	objects %d  |  %s	场景物体 %d  |  %s	場景物件 %d  |  %s	Objekte %d  |  %s	Objets %d  |  %s	장면 오브젝트 %d  |  %s	シーン内オブジェクト %d  |  %s	Objetos en escena %d  |  %s	Objetos na cena %d  |  %s	Объектов на сцене: %d  |  %s	Sahnedeki nesne %d  |  %s
HTTP API for programs on this PC	HTTP API for programs on this PC	供此电脑上的程序使用的 HTTP API	供此電腦上的程式使用的 HTTP API	HTTP-API für Programme auf diesem PC	API HTTP pour les programmes de ce PC	이 PC의 프로그램용 HTTP API	このPC上のプログラム向けHTTP API	API HTTP para programas de este PC	API HTTP para programas neste PC	HTTP API для программ на этом ПК	Bu bilgisayardaki programlar için HTTP API
port	port	端口	連接埠	Port	Port	포트	ポート	Puerto	Porta	Порт	Bağlantı noktası
running: %s	running: %s	运行中：%s	執行中：%s	Läuft: %s	En cours : %s	실행 중: %s	実行中: %s	En ejecución: %s	Em execução: %s	Работает: %s	Çalışıyor: %s
copy URL	copy URL	复制 URL	複製 URL	URL kopieren	Copier l’URL	URL 복사	URLをコピー	Copiar URL	Copiar URL	Копировать URL	URL'yi kopyala
not running: %s	not running: %s	未运行：%s	未執行：%s	Läuft nicht: %s	Arrêté : %s	실행되지 않음: %s	未実行: %s	No está en ejecución: %s	Não está em execução: %s	Не запущено: %s	Çalışmıyor: %s
starting	starting	正在启动	正在啟動	Wird gestartet	Démarrage	시작 중	起動中	Iniciando	Iniciando	Запускается	Başlatılıyor
retry	retry	重试	重試	Erneut versuchen	Réessayer	다시 시도	再試行	Reintentar	Tentar novamente	Повторить	Yeniden dene
settings	settings	设置	設定	Einstellungen	Paramètres	설정	設定	Ajustes	Configurações	Настройки	Ayarlar
Hotkeys (saved to settings.txt in the cdmodkit folder, active immediately)	Hotkeys (saved to settings.txt in the cdmodkit folder, active immediately)	快捷键（保存在 cdmodkit 文件夹中的 settings.txt，立即生效）	快速鍵（儲存在 cdmodkit 資料夾的 settings.txt，立即生效）	Tastenkürzel (in settings.txt im cdmodkit-Ordner gespeichert, sofort aktiv)	Raccourcis clavier (enregistrés dans settings.txt du dossier cdmodkit, actifs immédiatement)	단축키(cdmodkit 폴더의 settings.txt에 저장되며 즉시 적용)	ホットキー（cdmodkitフォルダーのsettings.txtに保存、すぐに反映）	Atajos (se guardan en settings.txt dentro de cdmodkit y se aplican al instante)	Atalhos (salvos em settings.txt na pasta cdmodkit, aplicados imediatamente)	Горячие клавиши (сохраняются в settings.txt в папке cdmodkit и действуют сразу)	Kısayollar (cdmodkit klasöründeki settings.txt dosyasına kaydedilir, hemen uygulanır)
show / hide the editor	show / hide the editor	显示/隐藏编辑器	顯示／隱藏編輯器	Editor ein-/ausblenden	Afficher / masquer l’éditeur	편집기 표시/숨기기	エディターの表示／非表示	Mostrar / ocultar el editor	Mostrar / ocultar o editor	Показать / скрыть редактор	Düzenleyiciyi göster / gizle
edit mode / play mode	edit mode / play mode	编辑模式/游玩模式	編輯模式／遊玩模式	Bearbeiten / Spielen	Mode édition / jeu	편집 모드 / 플레이 모드	編集モード／プレイモード	Modo edición / juego	Modo edição / jogo	Режим редактирования / игры	Düzenleme modu / oyun modu
show calibration marker	show calibration marker	显示校准标记	顯示校準標記	Kalibrierungsmarkierung anzeigen	Afficher le repère de calibrage	보정 마커 표시	キャリブレーションマーカーを表示	Mostrar marcador de calibración	Mostrar marcador de calibração	Показать маркер калибровки	Kalibrasyon işaretini göster
axis gizmo while placing	axis gizmo while placing	放置时显示坐标轴操纵器	放置時顯示座標軸操縱器	Achsen-Gizmo beim Platzieren	Gizmo des axes pendant le placement	배치 중 축 기즈모 표시	配置中に軸ギズモを表示	Mostrar ejes al colocar	Mostrar eixos ao posicionar	Показывать оси при размещении	Yerleştirirken eksen gizmosunu göster
read the field of view from the game	read the field of view from the game	从游戏读取视野角	從遊戲讀取視野角	Sichtfeld aus dem Spiel lesen	Lire le champ de vision du jeu	게임에서 시야각 읽기	ゲームから視野角を取得	Leer el campo de visión del juego	Ler o campo de visão do jogo	Считывать поле зрения из игры	Görüş açısını oyundan oku
manual field of view	manual field of view	手动视野角	手動視野角	Sichtfeld manuell	Champ de vision manuel	수동 시야각	手動視野角	Campo de visión manual	Campo de visão manual	Поле зрения вручную	Elle görüş açısı
mirror horizontally	mirror horizontally	水平镜像	水平鏡像	Horizontal spiegeln	Miroir horizontal	가로로 뒤집기	水平反転	Reflejar horizontalmente	Espelhar horizontalmente	Отразить по горизонтали	Yatay aynala
search now	search now	立即搜索	立即搜尋	Jetzt suchen	Rechercher maintenant	지금 검색	今すぐ検索	Buscar ahora	Buscar agora	Искать сейчас	Şimdi ara
console window (log output; applies on the next start)	console window (log output; applies on the next start)	控制台窗口（日志输出；下次启动时生效）	主控台視窗（記錄輸出；下次啟動時生效）	Konsolenfenster (Protokollausgabe; gilt ab dem nächsten Start)	Fenêtre de console (journal ; appliqué au prochain démarrage)	콘솔 창(로그 출력, 다음 실행부터 적용)	コンソールウィンドウ（ログ出力、次回起動時に適用）	Ventana de consola (registro; se aplica al próximo inicio)	Janela do console (saída de log; aplicado na próxima inicialização)	Окно консоли (вывод журнала; применится при следующем запуске)	Konsol penceresi (kayıt çıktısı; sonraki açılışta uygulanır)
%d objects selected	%d objects selected	已选择 %d 个物体	已選取 %d 個物件	%d Objekte ausgewählt	%d objets sélectionnés	오브젝트 %d개 선택됨	オブジェクト%d個を選択	%d objetos seleccionados	%d objetos selecionados	Выбрано объектов: %d	%d nesne seçildi
%d objects snapped to the ground	%d objects snapped to the ground	已将 %d 个物体吸附到地面	已將 %d 個物件吸附至地面	%d Objekte am Boden eingerastet	%d objets alignés au sol	오브젝트 %d개를 지면에 맞춤	オブジェクト%d個を地面にスナップ	%d objetos ajustados al suelo	%d objetos alinhados ao chão	Объектов на земле: %d	%d nesne zemine hizalandı
Previews are still being rendered: %d of %d done (%d without visible geometry). Empty tiles fill in as they finish, the visible ones are rendered first.	Previews are still being rendered: %d of %d done (%d without visible geometry). Empty tiles fill in as they finish, the visible ones are rendered first.	预览仍在生成：%d/%d 已完成（%d 个没有可见几何体）。完成后空白卡片会逐步填充，优先生成当前可见的卡片。	預覽仍在產生：已完成 %d/%d（%d 個沒有可見幾何）。完成後空白卡片會逐步填入，並優先產生目前可見的卡片。	Vorschauen werden noch erstellt: %d von %d fertig (%d ohne sichtbare Geometrie). Leere Kacheln füllen sich nach und nach; sichtbare zuerst.	Les aperçus sont en cours : %d sur %d terminés (%d sans géométrie visible). Les vignettes vides se rempliront ensuite, en donnant la priorité aux éléments visibles.	미리보기를 생성 중입니다: %d/%d 완료(%d개는 보이는 지오메트리 없음). 빈 카드는 완료되는 대로 채우며 현재 보이는 항목을 우선 처리합니다.	プレビューを生成中：%d/%d完了（%d個は表示ジオメトリなし）。空のタイルは順次埋まり、表示中のものを優先します。	Aún se generan vistas previas: %d de %d listas (%d sin geometría visible). Las tarjetas vacías se completarán después; primero se procesan las visibles.	As prévias ainda estão sendo geradas: %d de %d concluídas (%d sem geometria visível). Os cartões vazios serão preenchidos depois, priorizando os que estão visíveis.	Предпросмотр создаётся: готово %d из %d (%d без видимой геометрии). Пустые карточки заполнятся позже, сначала обрабатываются видимые.	Önizlemeler oluşturuluyor: %d/%d tamamlandı (%d görünür geometri içermiyor). Boş kartlar sırayla doldurulur, görünür olanlara öncelik verilir.
Previews are off: %s	Previews are off: %s	预览已关闭：%s	預覽已關閉：%s	Vorschauen sind deaktiviert: %s	Aperçus désactivés : %s	미리보기가 꺼져 있습니다: %s	プレビューは無効です：%s	Vistas previas desactivadas: %s	Prévias desativadas: %s	Предпросмотр отключён: %s	Önizlemeler kapalı: %s
no collections yet (left pane)	no collections yet (left pane)	还没有收藏集（左侧面板）	還沒有收藏集（左側面板）	Noch keine Sammlungen (linker Bereich)	Aucune collection (panneau de gauche)	아직 컬렉션이 없습니다(왼쪽 패널)	コレクションはまだありません（左ペイン）	Aún no hay colecciones (panel izquierdo)	Ainda não há coleções (painel esquerdo)	Коллекций пока нет (левая панель)	Henüz koleksiyon yok (sol panel)
create a collection in the left pane first	create a collection in the left pane first	请先在左侧面板创建收藏集	請先在左側面板建立收藏集	Erstelle zuerst links eine Sammlung	Créez d’abord une collection dans le panneau de gauche	먼저 왼쪽 패널에서 컬렉션을 만드세요	先に左ペインでコレクションを作成してください	Primero crea una colección en el panel izquierdo	Crie uma coleção primeiro no painel esquerdo	Сначала создайте коллекцию в левой панели	Önce sol panelde bir koleksiyon oluşturun
double-click places	double-click places	双击即可放置	雙擊即可放置	Doppelklick platziert	Double-cliquez pour placer	더블 클릭하면 배치	ダブルクリックで配置	Doble clic para colocar	Clique duas vezes para posicionar	Двойной щелчок размещает	Çift tıklama yerleştirir
select a prefab, then PLACE. Double-click on a row or card places it right away.	select a prefab, then PLACE. Double-click on a row or card places it right away.	选择预制件后点击“放置”。双击列表行或卡片可立即放置。	選取預製件後按「放置」。雙擊清單列或卡片即可立即放置。	Wähle ein Prefab und klicke auf „Platzieren“. Doppelklick auf Zeile oder Kachel platziert sofort.	Sélectionnez un prefab puis cliquez sur « PLACER ». Double-cliquez sur une ligne ou vignette pour le placer immédiatement.	프리팹을 선택한 뒤 배치를 누르세요. 행이나 카드를 두 번 클릭하면 바로 배치됩니다.	Prefabを選んで「配置」を押します。行またはカードをダブルクリックするとすぐ配置します。	Selecciona un prefab y pulsa COLOCAR. Haz doble clic en una fila o tarjeta para colocarlo al instante.	Selecione um prefab e clique em COLOCAR. Dê dois cliques em uma linha ou cartão para posicioná-lo imediatamente.	Выберите префаб и нажмите «Разместить». Двойной щелчок по строке или карточке размещает его сразу.	Prefabı seçip YERLEŞTİR'e basın. Satıra veya karta çift tıklamak hemen yerleştirir.
puts the object in front of you and lets you move it with the placement keys or the mouse gizmo; %s drops it (double-click on a row or card does the same)	puts the object in front of you and lets you move it with the placement keys or the mouse gizmo; %s drops it (double-click on a row or card does the same)	将物体放到你面前，然后可用放置快捷键或鼠标操纵器移动；按 %s 放下（双击列表行或卡片也会这样做）	將物件放到你面前，接著可用放置快速鍵或滑鼠操縱器移動；按 %s 放下（雙擊清單列或卡片也會這樣做）	Platziert das Objekt vor dir. Bewege es mit Platzierungstasten oder Maus-Gizmo; %s legt es ab (Doppelklick auf Zeile oder Kachel ebenso).	Place l’objet devant vous et déplacez-le avec les touches ou le gizmo ; %s le dépose (un double-clic fait de même).	오브젝트를 앞에 놓고 배치 키나 마우스 기즈모로 이동합니다. %s를 누르면 놓습니다(행이나 카드를 두 번 클릭해도 동일).	オブジェクトを目の前に置き、配置キーまたはマウスギズモで移動します。%sで配置（行やカードのダブルクリックも同じ）。	Coloca el objeto delante y permite moverlo con las teclas o el gizmo; %s lo suelta (un doble clic hace lo mismo).	Coloca o objeto à sua frente para movê-lo com as teclas ou o gizmo; %s o solta (dois cliques também fazem isso).	Размещает объект перед вами для перемещения клавишами или мышью; %s опускает его (двойной щелчок делает то же).	Nesneyi önünüze koyar; yerleştirme tuşlarıyla veya fare gizmosuyla taşıyabilirsiniz. %s bırakır (çift tıklama da aynısını yapar).
drops the object in front of you without the placement mode (offset, yaw and scale from the spawn options)	drops the object in front of you without the placement mode (offset, yaw and scale from the spawn options)	不进入放置模式，直接将物体放到你面前（使用生成选项中的偏移、偏航角和比例）	不進入放置模式，直接將物件放到你面前（使用生成選項中的偏移、偏航角與比例）	Legt das Objekt ohne Platzierungsmodus vor dir ab (Versatz, Gierwinkel und Größe aus den Spawn-Optionen).	Dépose l’objet devant vous sans mode placement (décalage, lacet et échelle des options).	배치 모드 없이 오브젝트를 앞에 생성합니다(생성 옵션의 오프셋, 요, 크기 사용).	配置モードに入らず目の前に配置します（生成オプションのオフセット、ヨー、スケールを使用）。	Suelta el objeto delante sin activar el modo de colocación (usa desplazamiento, giro y escala de las opciones).	Solta o objeto à sua frente sem entrar no modo de posicionamento (usa deslocamento, rotação e escala das opções).	Размещает объект перед вами без режима размещения (параметры смещения, угла и масштаба).	Yerleştirme moduna girmeden nesneyi önünüze bırakır (oluşturma seçeneklerindeki ofset, yaw ve ölçek kullanılır).
select a prefab, then PLACE	select a prefab, then PLACE	选择预制件，然后点击“放置”	選取預製件，再按「放置」	Prefab wählen und „Platzieren“ drücken	Sélectionnez un prefab puis cliquez sur « PLACER »	프리팹을 선택한 뒤 배치를 누르세요	Prefabを選択して「配置」を押してください	Selecciona un prefab y pulsa COLOCAR	Selecione um prefab e clique em COLOCAR	Выберите префаб и нажмите «Разместить»	Prefabı seçin ve YERLEŞTİR'e basın
drops the selected objects onto the surface below them (a sphere cast of the game's physics)	drops the selected objects onto the surface below them (a sphere cast of the game's physics)	将所选物体放到下方表面（使用游戏物理进行球体投射）	將所選物件放到下方表面（使用遊戲物理進行球體投射）	Legt ausgewählte Objekte auf der Fläche darunter ab (Kugelabfrage der Spielphysik).	Dépose les objets sélectionnés sur la surface en dessous (requête sphérique de la physique du jeu).	선택한 오브젝트를 아래 표면에 내려놓습니다(게임 물리의 구형 캐스트 사용).	選択したオブジェクトを下の面に配置します（ゲーム物理の球体キャストを使用）。	Coloca los objetos seleccionados sobre la superficie inferior (consulta esférica de la física del juego).	Posiciona os objetos selecionados na superfície abaixo (consulta esférica da física do jogo).	Размещает выбранные объекты на поверхности ниже (сферический запрос физики игры).	Seçili nesneleri altlarındaki yüzeye bırakır (oyunun fizik sisteminde küre taraması).
carry the selection: move it with the placement keys or the mouse gizmo, %s drops it, %s puts it back	carry the selection: move it with the placement keys or the mouse gizmo, %s drops it, %s puts it back	抓取所选物体：用放置快捷键或鼠标操纵器移动；按 %s 放下，按 %s 放回原位	抓取所選物件：用放置快速鍵或滑鼠操縱器移動；按 %s 放下，按 %s 放回原位	Auswahl aufnehmen: mit Platzierungstasten oder Maus-Gizmo bewegen; %s legt ab, %s setzt zurück.	Saisissez la sélection : déplacez-la avec les touches ou le gizmo ; %s dépose, %s remet en place.	선택 항목을 잡아 배치 키나 마우스 기즈모로 이동합니다. %s를 눌러 놓고 %s를 눌러 되돌립니다.	選択したオブジェクトを掴み、配置キーまたはマウスギズモで移動します。%sで配置、%sで元に戻します。	Toma la selección y muévela con las teclas o el gizmo; %s la suelta y %s la devuelve.	Pegue a seleção e mova com as teclas ou o gizmo; %s solta e %s devolve.	Возьмите выделение и перемещайте клавишами или мышью; %s опускает, %s возвращает.	Seçimi alın ve tuşlarla veya fare gizmosuyla taşıyın; %s bırakır, %s geri koyar.
select an object to edit it (Ctrl+click adds, Shift+click selects a range)	select an object to edit it (Ctrl+click adds, Shift+click selects a range)	选择物体以编辑（Ctrl+点击可添加，Shift+点击可选择范围）	選取物件以編輯（Ctrl+點擊可加入，Shift+點擊可選取範圍）	Wähle ein Objekt zum Bearbeiten (Strg-Klick fügt hinzu, Umschalt-Klick wählt einen Bereich).	Sélectionnez un objet à modifier (Ctrl-clic ajoute, Maj-clic sélectionne une plage).	편집할 오브젝트를 선택하세요(Ctrl+클릭으로 추가, Shift+클릭으로 범위 선택).	編集するオブジェクトを選択（Ctrl+クリックで追加、Shift+クリックで範囲選択）。	Selecciona un objeto (Ctrl+clic añade; Mayús+clic selecciona un rango).	Selecione um objeto para editar (Ctrl+clique adiciona; Shift+clique seleciona um intervalo).	Выберите объект (Ctrl+щелчок добавляет, Shift+щелчок выбирает диапазон).	Düzenlemek için nesne seçin (Ctrl+tıklama ekler, Shift+tıklama aralık seçer).
%s (deleted)	%s (deleted)	%s（已删除）	%s（已刪除）	%s (gelöscht)	%s (supprimé)	%s(삭제됨)	%s（削除済み）	%s (eliminado)	%s (excluído)	%s (удалён)	%s (silindi)
off: a click on a member selects only that member (Ctrl+click always toggles single members); the group row selects all	off: a click on a member selects only that member (Ctrl+click always toggles single members); the group row selects all	关闭时：点击组内物体只选中该物体（Ctrl+点击仍会切换单个物体）；点击组行可全选	關閉時：點擊群組內物件只會選取該物件（Ctrl+點擊仍會切換單一物件）；點擊群組列可全選	Aus: Klick wählt nur dieses Objekt (Strg-Klick schaltet einzelne Objekte um); die Gruppenzeile wählt alle.	Désactivé : un clic sélectionne uniquement cet objet (Ctrl-clic bascule les objets individuellement) ; la ligne du groupe sélectionne tout.	끔: 구성원을 클릭하면 해당 오브젝트만 선택합니다(Ctrl+클릭은 개별 선택 전환). 그룹 행은 모두 선택합니다.	オフ：クリックするとそのオブジェクトだけを選択（Ctrl+クリックは個別選択を切替）。グループ行はすべて選択します。	Desactivado: el clic selecciona solo ese objeto (Ctrl+clic alterna objetos individuales); la fila del grupo selecciona todos.	Desativado: o clique seleciona apenas esse objeto (Ctrl+clique alterna objetos individuais); a linha do grupo seleciona todos.	Выкл.: щелчок выбирает только этот объект (Ctrl+щелчок переключает отдельные объекты); строка группы выбирает все.	Kapalı: tıklama yalnızca o üyeyi seçer (Ctrl+tıklama tek nesneleri değiştirir); grup satırı tümünü seçer.
click selects group	click selects group	点击选择整个组	點擊選取整個群組	Klick wählt die Gruppe	Un clic sélectionne le groupe	클릭하면 그룹 선택	クリックでグループを選択	Clic para seleccionar el grupo	Clique para selecionar o grupo	Щелчок выбирает группу	Tıklama grubu seçer
Ctrl+Z/Y undo/redo   Ctrl+C/V copy/paste   Ctrl+G group   Ctrl+A all   Del delete   Ctrl/Shift+click multi-select	Ctrl+Z/Y undo/redo   Ctrl+C/V copy/paste   Ctrl+G group   Ctrl+A all   Del delete   Ctrl/Shift+click multi-select	Ctrl+Z/Y 撤销/重做   Ctrl+C/V 复制/粘贴   Ctrl+G 编组   Ctrl+A 全选   Del 删除   Ctrl/Shift+点击多选	Ctrl+Z/Y 復原/重做   Ctrl+C/V 複製/貼上   Ctrl+G 群組   Ctrl+A 全選   Del 刪除   Ctrl/Shift+點擊多選	Strg+Z/Y Rückgängig/Wiederholen   Strg+C/V Kopieren/Einfügen   Strg+G Gruppieren   Strg+A Alles   Entf Löschen   Strg/Umschalt-Klick Mehrfachauswahl	Ctrl+Z/Y annuler/rétablir   Ctrl+C/V copier/coller   Ctrl+G grouper   Ctrl+A tout   Suppr supprimer   Ctrl/Maj-clic sélection multiple	Ctrl+Z/Y 실행 취소/다시 실행   Ctrl+C/V 복사/붙여넣기   Ctrl+G 그룹   Ctrl+A 전체 선택   Del 삭제   Ctrl/Shift+클릭 다중 선택	Ctrl+Z/Y 元に戻す／やり直し   Ctrl+C/V コピー／貼り付け   Ctrl+G グループ化   Ctrl+A 全選択   Del 削除   Ctrl/Shift+クリックで複数選択	Ctrl+Z/Y deshacer/rehacer   Ctrl+C/V copiar/pegar   Ctrl+G agrupar   Ctrl+A todo   Supr eliminar   Ctrl/Mayús+clic selección múltiple	Ctrl+Z/Y desfazer/refazer   Ctrl+C/V copiar/colar   Ctrl+G agrupar   Ctrl+A tudo   Del excluir   Ctrl/Shift+clique seleção múltipla	Ctrl+Z/Y отменить/повторить   Ctrl+C/V копировать/вставить   Ctrl+G группа   Ctrl+A всё   Del удалить   Ctrl/Shift+щелчок множественный выбор	Ctrl+Z/Y geri al/yinele   Ctrl+C/V kopyala/yapıştır   Ctrl+G grupla   Ctrl+A tümü   Del sil   Ctrl/Shift+tıklama çoklu seçim
full editor	full editor	完整编辑器	完整編輯器	Vollständiger Editor	Éditeur complet	전체 편집기	フルエディター	Editor completo	Editor completo	Полный редактор	Tam düzenleyici
dock	dock	停靠	停靠	Andocken	Anheften	도킹	ドック	Acoplar	Encaixar	Док	Yerleştir
narrow side window: search, cards in one column, PLACE	narrow side window: search, cards in one column, PLACE	窄侧栏：搜索、单列卡片和放置	窄側欄：搜尋、單欄卡片與放置	Schmales Seitenfenster: Suche, einspaltige Karten, Platzieren	Panneau latéral étroit : recherche, cartes en colonne, placer	좁은 측면 창: 검색, 한 열 카드, 배치	狭いサイドウィンドウ：検索、1列カード、配置	Ventana lateral estrecha: buscar, tarjetas en una columna y colocar	Janela lateral estreita: busca, cartões em uma coluna e posicionar	Узкая боковая панель: поиск, карточки в столбец, размещение	Dar yan pencere: arama, tek sütun kartlar, yerleştirme
only the new objects (%d)	only the new objects (%d)	仅新增物体（%d）	僅新增物件（%d）	Nur neue Objekte (%d)	Uniquement les nouveaux objets (%d)	새 오브젝트만(%d)	新しいオブジェクトのみ（%d）	Solo objetos nuevos (%d)	Somente objetos novos (%d)	Только новые объекты (%d)	Yalnızca yeni nesneler (%d)
everything in the scene	everything in the scene	场景中的全部物体	場景中的所有物件	Alles in der Szene	Tout dans la scène	장면의 모든 오브젝트	シーン内のすべて	Todo en la escena	Tudo na cena	Всё на сцене	Sahnedeki her şey
everything: the whole world including loaded projects - they all become part of this one project.\nonly the new objects: what you placed by hand since the last save, so a loaded project stays a project of its own.\nEither way the saved objects belong to this project afterwards, and the scene tab shows them under its name.	everything: the whole world including loaded projects - they all become part of this one project.\nonly the new objects: what you placed by hand since the last save, so a loaded project stays a project of its own.\nEither way the saved objects belong to this project afterwards, and the scene tab shows them under its name.	全部：整个场景（包括已加载的项目）都会保存为此项目的一部分。\n仅新增物体：只保存上次保存后手动放置的物体，已加载的项目仍保持独立。\n无论选择哪项，保存的物体之后都会归属此项目，并在场景标签页中显示在项目名称下。	全部：整個場景（包含已載入的專案）都會成為此專案的一部分。\n僅新增物件：只儲存上次儲存後手動放置的物件，已載入的專案仍維持獨立。\n無論選哪一項，儲存的物件之後都會屬於此專案，並在場景分頁以專案名稱顯示。	Alles: Die ganze Welt einschließlich geladener Projekte wird Teil dieses Projekts.\nNur neue Objekte: Nur seit dem letzten Speichern manuell platzierte Objekte; geladene Projekte bleiben eigenständig.\nIn beiden Fällen gehören die gespeicherten Objekte danach zu diesem Projekt und erscheinen im Szenen-Tab unter seinem Namen.	Tout : le monde entier, projets chargés inclus, devient partie de ce projet.\nNouveaux objets seulement : seuls ceux placés à la main depuis la dernière sauvegarde ; les projets chargés restent indépendants.\nDans les deux cas, les objets enregistrés appartiennent ensuite à ce projet et apparaissent sous son nom dans l’onglet Scène.	전체: 불러온 프로젝트를 포함한 현재 세계 전체가 이 프로젝트에 포함됩니다.\n새 오브젝트만: 마지막 저장 후 직접 배치한 항목만 저장하므로 불러온 프로젝트는 별도로 유지됩니다.\n어느 쪽이든 저장된 오브젝트는 이후 이 프로젝트에 속하며 장면 탭에 프로젝트 이름으로 표시됩니다.	すべて：読み込んだプロジェクトを含む世界全体をこのプロジェクトに保存します。\n新しいオブジェクトのみ：前回保存後に手動配置したものだけを保存し、読み込み済みプロジェクトは独立したままです。\nどちらを選んでも、保存したオブジェクトはこのプロジェクトに属し、シーンタブにその名前で表示されます。	Todo: el mundo completo, incluidos los proyectos cargados, pasa a formar parte de este proyecto.\nSolo los nuevos: guarda lo colocado manualmente desde la última vez; los proyectos cargados siguen separados.\nEn ambos casos, los objetos guardados pertenecerán a este proyecto y aparecerán con su nombre en la pestaña Escena.	Tudo: o mundo inteiro, incluindo projetos carregados, passa a fazer parte deste projeto.\nSomente os novos: salva apenas o que foi colocado manualmente desde o último salvamento; projetos carregados permanecem separados.\nEm ambos os casos, os objetos salvos passam a pertencer a este projeto e aparecem com o nome dele na aba Cena.	Всё: весь мир, включая загруженные проекты, станет частью этого проекта.\nТолько новые: сохраняются объекты, размещённые вручную после последнего сохранения; загруженные проекты остаются отдельными.\nВ любом случае объекты будут принадлежать этому проекту и отображаться под его именем во вкладке «Сцена».	Tümü: yüklenen projeler dahil tüm dünya bu projenin parçası olur.\nYalnızca yeniler: son kayıttan beri elle yerleştirilenleri kaydeder; yüklenen projeler ayrı kalır.\nHer durumda kaydedilen nesneler bu projeye ait olur ve Sahne sekmesinde adıyla görünür.
writes exactly the %d objects shown here back to %s.cdproj.\nObjects of other projects and new objects are not touched.	writes exactly the %d objects shown here back to %s.cdproj.\nObjects of other projects and new objects are not touched.	将此处显示的 %d 个物体原样写回 %s.cdproj。\n其他项目和新增物体不会受到影响。	將此處顯示的 %d 個物件原樣寫回 %s.cdproj。\n其他專案和新增物件不會受到影響。	Schreibt genau die hier gezeigten %d Objekte zurück in %s.cdproj.\nObjekte anderer Projekte und neue Objekte bleiben unberührt.	Réécrit exactement les %d objets affichés ici dans %s.cdproj.\nLes objets d’autres projets et les nouveaux ne changent pas.	여기에 표시된 오브젝트 %d개를 %s.cdproj에 그대로 저장합니다.\n다른 프로젝트의 오브젝트와 새 오브젝트는 변경하지 않습니다.	ここに表示された%d個のオブジェクトを%s.cdprojにそのまま書き戻します。\n他プロジェクトのオブジェクトや新規オブジェクトには触れません。	Escribe exactamente los %d objetos mostrados aquí en %s.cdproj.\nNo modifica objetos de otros proyectos ni los nuevos.	Grava exatamente os %d objetos exibidos aqui em %s.cdproj.\nObjetos de outros projetos e objetos novos não são alterados.	Записывает ровно %d показанных здесь объектов обратно в %s.cdproj.\nОбъекты других проектов и новые объекты не затрагиваются.	Burada gösterilen %d nesneyi aynen %s.cdproj dosyasına yazar.\nDiğer projelerdeki ve yeni nesneler değiştirilmez.
writes the %d objects of this project plus the new ones back into it; other projects stay untouched	writes the %d objects of this project plus the new ones back into it; other projects stay untouched	将此项目的 %d 个物体和新增物体写回文件；其他项目不受影响	將此專案的 %d 個物件和新增物件寫回檔案；其他專案不受影響	Schreibt die %d Objekte dieses Projekts und neue Objekte zurück; andere Projekte bleiben unverändert	Réécrit les %d objets de ce projet et les nouveaux ; les autres projets ne changent pas	이 프로젝트의 오브젝트 %d개와 새 오브젝트를 저장하며 다른 프로젝트는 변경하지 않습니다	このプロジェクトの%d個のオブジェクトと新規オブジェクトを書き戻します。他のプロジェクトは変更しません	Escribe los %d objetos de este proyecto y los nuevos; los demás proyectos no se modifican	Grava os %d objetos deste projeto e os novos; os outros projetos não são alterados	Записывает %d объектов этого проекта и новые; другие проекты не изменяются	Bu projenin %d nesnesini ve yenileri kaydeder; diğer projeler değişmez
this project is not in the scene: Overwrite would replace it with everything that is placed right now	this project is not in the scene: Overwrite would replace it with everything that is placed right now	此项目当前未在场景中：“覆盖”会用当前已放置的所有物体替换它	此專案目前不在場景中：「覆寫」會以目前已放置的所有物件取代它	Dieses Projekt ist nicht in der Szene: „Überschreiben“ würde es durch alles aktuell Platzierte ersetzen	Ce projet n’est pas dans la scène : « Écraser » le remplacerait par tout ce qui est placé actuellement	이 프로젝트는 장면에 없습니다. 덮어쓰면 현재 배치된 모든 항목으로 대체됩니다	このプロジェクトはシーンにありません。「上書き」すると現在配置されているすべてで置き換わります	Este proyecto no está en la escena: sobrescribirlo lo reemplazaría por todo lo colocado ahora	Este projeto não está na cena: sobrescrevê-lo substituiria tudo que está colocado agora	Проекта нет на сцене: перезапись заменит его всем, что размещено сейчас	Bu proje sahnede değil: üzerine yazmak onu şu anda yerleştirilmiş her şeyle değiştirir
adds the project to what is already placed; Replace all removes the current objects first	adds the project to what is already placed; Replace all removes the current objects first	将项目添加到当前场景；“全部替换”会先移除当前物体	將專案加入目前場景；「全部取代」會先移除現有物件	Fügt das Projekt zur Szene hinzu; „Alles ersetzen“ entfernt zuerst die aktuellen Objekte	Ajoute le projet à la scène ; « Tout remplacer » supprime d’abord les objets actuels	현재 배치된 항목에 프로젝트를 추가합니다. 모두 교체는 기존 오브젝트를 먼저 제거합니다	現在の配置にプロジェクトを追加します。「すべて置換」は既存のオブジェクトを先に削除します	Añade el proyecto a lo colocado; «Reemplazar todo» elimina primero los objetos actuales	Adiciona o projeto ao que já está colocado; «Substituir tudo» remove primeiro os objetos atuais	Добавляет проект к размещённым объектам; «Заменить всё» сначала удаляет текущие	Projeyi mevcut yerleşime ekler; Tümünü değiştir önce mevcut nesneleri kaldırır
load this project automatically at game start; you can tick as many as you like, they are all placed into the same scene	load this project automatically at game start; you can tick as many as you like, they are all placed into the same scene	在游戏启动时自动加载此项目；可以勾选多个项目，它们都会放入同一场景	在遊戲啟動時自動載入此專案；可勾選多個專案，它們都會放入同一場景	Dieses Projekt beim Spielstart laden; beliebig viele auswählen, alle erscheinen in derselben Szene	Charge ce projet au démarrage du jeu ; plusieurs projets peuvent être chargés dans la même scène	게임 시작 시 이 프로젝트를 자동으로 불러옵니다. 여러 개를 선택해도 같은 장면에 배치됩니다	ゲーム開始時にこのプロジェクトを自動読込します。複数選択しても同じシーンに配置されます	Carga este proyecto al iniciar el juego; puedes marcar varios y se colocarán en la misma escena	Carrega este projeto ao iniciar o jogo; você pode marcar vários e todos irão para a mesma cena	Загружает проект при запуске игры; можно выбрать несколько, все появятся на одной сцене	Oyun başladığında projeyi yükler; birden çok proje seçilebilir ve aynı sahneye yerleştirilir
autoload: off. Tick as many projects as you like; they all spawn ~3 s after the player is in the world.	autoload: off. Tick as many projects as you like; they all spawn ~3 s after the player is in the world.	自动加载：关闭。可勾选多个项目；玩家进入世界约 3 秒后会生成。	自動載入：關閉。可勾選多個專案；玩家進入世界約 3 秒後會生成。	Autoload aus. Wähle beliebig viele Projekte; sie erscheinen etwa 3 s nach dem Betreten der Welt.	Chargement auto désactivé. Sélectionnez des projets ; ils apparaîtront environ 3 s après l’arrivée du joueur dans le monde.	자동 불러오기 꺼짐. 여러 프로젝트를 선택할 수 있으며 플레이어가 월드에 진입한 뒤 약 3초 후 생성됩니다.	自動読み込み：オフ。複数のプロジェクトを選択でき、プレイヤーがワールドに入って約3秒後に生成されます。	Carga automática desactivada. Marca los proyectos que quieras; aparecerán unos 3 s después de entrar al mundo.	Carregamento automático desativado. Selecione projetos; eles surgirão cerca de 3 s após o jogador entrar no mundo.	Автозагрузка выключена. Выберите проекты; они появятся примерно через 3 с после входа игрока в мир.	Otomatik yükleme kapalı. İstediğiniz projeleri seçin; oyuncu dünyaya girdikten yaklaşık 3 sn sonra oluşturulurlar.
autoload (%d): %s - spawned ~3 s after the player is in the world (file: bin64\\cdmodkit\\autoload.txt, one name per line)	autoload (%d): %s - spawned ~3 s after the player is in the world (file: bin64\\cdmodkit\\autoload.txt, one name per line)	自动加载（%d）：%s - 玩家进入世界约 3 秒后生成（文件：bin64\\cdmodkit\\autoload.txt，每行一个名称）	自動載入（%d）：%s - 玩家進入世界約 3 秒後生成（檔案：bin64\\cdmodkit\\autoload.txt，每行一個名稱）	Autoload (%d): %s – erscheint etwa 3 s nach dem Betreten der Welt (Datei: bin64\\cdmodkit\\autoload.txt, ein Name pro Zeile)	Chargement auto (%d) : %s – apparaît environ 3 s après l’arrivée du joueur (fichier : bin64\\cdmodkit\\autoload.txt, un nom par ligne)	자동 불러오기(%d): %s - 플레이어가 월드에 들어온 뒤 약 3초 후 생성(파일: bin64\\cdmodkit\\autoload.txt, 한 줄에 이름 하나)	自動読み込み（%d）：%s - プレイヤーがワールドに入って約3秒後に生成（ファイル：bin64\\cdmodkit\\autoload.txt、1行に1名）	Carga automática (%d): %s; aparece unos 3 s después de entrar al mundo (archivo: bin64\\cdmodkit\\autoload.txt, un nombre por línea)	Carga automática (%d): %s; surge cerca de 3 s após entrar no mundo (arquivo: bin64\\cdmodkit\\autoload.txt, um nome por linha)	Автозагрузка (%d): %s — появится примерно через 3 с после входа игрока в мир (файл: bin64\\cdmodkit\\autoload.txt, по одному имени в строке)	Otomatik yükleme (%d): %s - oyuncu dünyaya girdikten yaklaşık 3 sn sonra oluşturulur (dosya: bin64\\cdmodkit\\autoload.txt, satır başına bir ad)
gimmick spawn research: captures %d%s	gimmick spawn research: captures %d%s	机关生成研究：捕获 %d%s	機關生成研究：擷取 %d%s	Gimmick-Spawn-Forschung: %d Aufnahmen%s	Étude d’apparition des mécanismes : %d captures%s	기믹 생성 연구: 캡처 %d%s	ギミック生成の調査：キャプチャ%d%s	Investigación de generación gimmick: capturas %d%s	Pesquisa de geração gimmick: capturas %d%s	Исследование создания механизмов: захватов %d%s	Gimmick oluşturma araştırması: %d yakalama%s
Auto (system)	Auto (system)	自动（系统）	自動（系統）	Auto (System)	Auto (système)	자동(시스템)	自動（システム）	Automático (sistema)	Automático (sistema)	Авто (системный язык)	Otomatik (sistem)
English	English	英语	英語	Englisch	Anglais	영어	英語	Inglés	Inglês	Английский	İngilizce
Simplified Chinese	Simplified Chinese	简体中文	简体中文	Vereinfachtes Chinesisch	Chinois simplifié	중국어(간체)	簡体字中国語	Chino simplificado	Chinês simplificado	Упрощённый китайский	Basitleştirilmiş Çince
Traditional Chinese	Traditional Chinese	繁体中文	繁體中文	Traditionelles Chinesisch	Chinois traditionnel	중국어(번체)	繁体字中国語	Chino tradicional	Chinês tradicional	Традиционный китайский	Geleneksel Çince
German	German	德语	德語	Deutsch	Allemand	독일어	ドイツ語	Alemán	Alemão	Немецкий	Almanca
French	French	法语	法語	Französisch	Français	프랑스어	フランス語	Francés	Francês	Французский	Fransızca
Korean	Korean	韩语	韓語	Koreanisch	Coréen	한국어	韓国語	Coreano	Coreano	Корейский	Korece
Japanese	Japanese	日语	日語	Japanisch	Japonais	일본어	日本語	Japonés	Japonês	Японский	Japonca
Spanish	Spanish	西班牙语	西班牙語	Spanisch	Espagnol	스페인어	スペイン語	Español	Espanhol	Испанский	İspanyolca
Portuguese (Brazil)	Portuguese (Brazil)	葡萄牙语（巴西）	葡萄牙語（巴西）	Portugiesisch (Brasilien)	Portugais (Brésil)	포르투갈어(브라질)	ポルトガル語（ブラジル）	Portugués (Brasil)	Português (Brasil)	Португальский (Бразилия)	Brezilya Portekizcesi
Russian	Russian	俄语	俄語	Russisch	Russe	러시아어	ロシア語	Ruso	Russo	Русский	Rusça
Turkish	Turkish	土耳其语	土耳其語	Türkisch	Turc	튀르키예어	トルコ語	Turco	Turco	Турецкий	Türkçe
move away from me	move away from me	远离我	遠離我	Von mir weg	Éloigner de moi	나에게서 멀리	自分から遠ざける	Alejar de mí	Afastar de mim	От себя	Benden uzaklaştır
move closer	move closer	靠近我	靠近我	Näher zu mir	Rapprocher de moi	나에게 가까이	自分に近づける	Acercar	Aproximar	К себе	Yaklaştır
move left	move left	向左移动	向左移動	Nach links bewegen	Déplacer à gauche	왼쪽으로 이동	左へ移動	Mover a la izquierda	Mover para a esquerda	Двигать влево	Sola taşı
move right	move right	向右移动	向右移動	Nach rechts bewegen	Déplacer à droite	오른쪽으로 이동	右へ移動	Mover a la derecha	Mover para a direita	Двигать вправо	Sağa taşı
move up	move up	向上移动	向上移動	Nach oben bewegen	Déplacer vers le haut	위로 이동	上へ移動	Mover hacia arriba	Mover para cima	Двигать вверх	Yukarı taşı
move down	move down	向下移动	向下移動	Nach unten bewegen	Déplacer vers le bas	아래로 이동	下へ移動	Mover hacia abajo	Mover para baixo	Двигать вниз	Aşağı taşı
rotate left	rotate left	向左旋转	向左旋轉	Nach links drehen	Tourner à gauche	왼쪽 회전	左に回転	Girar a la izquierda	Girar para a esquerda	Повернуть влево	Sola döndür
rotate right	rotate right	向右旋转	向右旋轉	Nach rechts drehen	Tourner à droite	오른쪽 회전	右に回転	Girar a la derecha	Girar para a direita	Повернуть вправо	Sağa döndür
scale up	scale up	放大	放大	Vergrößern	Agrandir	크기 확대	拡大	Aumentar escala	Aumentar escala	Увеличить	Büyüt
scale down	scale down	缩小	縮小	Verkleinern	Réduire	크기 축소	縮小	Reducir escala	Reduzir escala	Уменьшить	Küçült
bring it in front of me	bring it in front of me	移到我面前	移到我面前	Vor mich holen	Placer devant moi	내 앞으로 가져오기	目の前に移動	Traer delante de mí	Trazer para minha frente	Передо мной	Önüme getir
snapping on / off	snapping on / off	切换吸附	切換吸附	Raster ein/aus	Activer/désactiver l’alignement	스냅 켜기/끄기	スナップ切替	Activar/desactivar ajuste	Ativar/desativar ajuste	Включить/выключить привязку	Hizalamayı aç/kapat
mouse to gizmo / camera	mouse to gizmo / camera	鼠标切换到操纵器/摄像机	滑鼠切換至操縱器／攝影機	Maus zu Gizmo / Kamera	Souris vers gizmo / caméra	마우스를 기즈모/카메라로 전환	マウスをギズモ／カメラに切替	Ratón al gizmo / cámara	Mouse para gizmo / câmera	Мышь: гизмо / камера	Fareyi gizmo / kameraya geçir
level (remove the tilt)	level (remove the tilt)	水平对齐（移除倾斜）	水平對齊（移除傾斜）	Ausrichten (Neigung entfernen)	Mettre à niveau (retirer l’inclinaison)	수평 맞춤(기울기 제거)	水平にする（傾きを除去）	Nivelar (quitar inclinación)	Nivelar (remover inclinação)	Выровнять (убрать наклон)	Düzle (eğimi kaldır)
snap to ground	snap to ground	吸附到地面	吸附至地面	Am Boden ausrichten	Aligner au sol	지면에 맞추기	地面にスナップ	Ajustar al suelo	Alinhar ao chão	Привязать к земле	Zemine hizala
drop	drop	放下	放下	Ablegen	Déposer	놓기	置く	Soltar	Soltar	Опустить	Bırak
cancel / put back	cancel / put back	取消/放回	取消／放回	Abbrechen / zurücklegen	Annuler / remettre	취소/되돌리기	キャンセル／元に戻す	Cancelar / devolver	Cancelar / devolver	Отмена / вернуть	İptal / geri koy
fast (hold)	fast (hold)	快速（按住）	快速（按住）	Schnell (halten)	Rapide (maintenir)	빠르게(누르고 있기)	高速（長押し）	Rápido (mantener)	Rápido (segurar)	Быстро (удерживать)	Hızlı (basılı tut)
hooks MISSING	hooks MISSING	钩子未就绪	掛鉤未就緒	Hooks FEHLEN	Hooks MANQUANTS	훅 누락	フック未検出	Hooks FALTANTES	Hooks AUSENTES	ХУКИ ОТСУТСТВУЮТ	Hook EKSİK
game thread: waiting	game thread: waiting	游戏线程：等待中	遊戲執行緒：等待中	Spielthread: wartet	Thread du jeu : en attente	게임 스레드: 대기 중	ゲームスレッド：待機中	Hilo del juego: esperando	Thread do jogo: aguardando	Поток игры: ожидание	Oyun iş parçacığı: bekliyor
game thread: running	game thread: running	游戏线程：运行中	遊戲執行緒：執行中	Spielthread: läuft	Thread du jeu : actif	게임 스레드: 실행 중	ゲームスレッド：実行中	Hilo del juego: activo	Thread do jogo: em execução	Поток игры: работает	Oyun iş parçacığı: çalışıyor
game thread: paused	game thread: paused	游戏线程：已暂停	遊戲執行緒：已暫停	Spielthread: pausiert	Thread du jeu : en pause	게임 스레드: 일시 중지	ゲームスレッド：一時停止	Hilo del juego: pausado	Thread do jogo: pausado	Поток игры: приостановлен	Oyun iş parçacığı: duraklatıldı
center %.1f  %.1f  %.1f    rotation %+.0f    tilt %+.0f / %+.0f    scale x%.2f    snap %s	center %.1f  %.1f  %.1f    rotation %+.0f    tilt %+.0f / %+.0f    scale x%.2f    snap %s	中心 %.1f  %.1f  %.1f    旋转 %+.0f    倾斜 %+.0f / %+.0f    比例 x%.2f    吸附 %s	中心 %.1f  %.1f  %.1f    旋轉 %+.0f    傾斜 %+.0f / %+.0f    比例 x%.2f    吸附 %s	Mitte %.1f  %.1f  %.1f    Drehung %+.0f    Neigung %+.0f / %+.0f    Größe x%.2f    Raster %s	Centre %.1f  %.1f  %.1f    rotation %+.0f    inclinaison %+.0f / %+.0f    échelle x%.2f    alignement %s	중심 %.1f  %.1f  %.1f    회전 %+.0f    기울기 %+.0f / %+.0f    크기 x%.2f    스냅 %s	中心 %.1f  %.1f  %.1f    回転 %+.0f    傾き %+.0f / %+.0f    スケール x%.2f    スナップ %s	Centro %.1f  %.1f  %.1f    giro %+.0f    inclinación %+.0f / %+.0f    escala x%.2f    ajuste %s	Centro %.1f  %.1f  %.1f    rotação %+.0f    inclinação %+.0f / %+.0f    escala x%.2f    ajuste %s	Центр %.1f  %.1f  %.1f    поворот %+.0f    наклон %+.0f / %+.0f    масштаб x%.2f    привязка %s	Merkez %.1f  %.1f  %.1f    dönüş %+.0f    eğim %+.0f / %+.0f    ölçek x%.2f    hizalama %s
Move: %s %s %s %s%s     Rotate: %s %s     Height: %s %s     Size: %s %s	Move: %s %s %s %s%s     Rotate: %s %s     Height: %s %s     Size: %s %s	移动：%s %s %s %s%s     旋转：%s %s     高度：%s %s     大小：%s %s	移動：%s %s %s %s%s     旋轉：%s %s     高度：%s %s     大小：%s %s	Bewegen: %s %s %s %s%s     Drehen: %s %s     Höhe: %s %s     Größe: %s %s	Déplacer : %s %s %s %s%s     Tourner : %s %s     Hauteur : %s %s     Taille : %s %s	이동: %s %s %s %s%s     회전: %s %s     높이: %s %s     크기: %s %s	移動：%s %s %s %s%s     回転：%s %s     高さ：%s %s     サイズ：%s %s	Mover: %s %s %s %s%s     Girar: %s %s     Altura: %s %s     Tamaño: %s %s	Mover: %s %s %s %s%s     Girar: %s %s     Altura: %s %s     Tamanho: %s %s	Движение: %s %s %s %s%s     Поворот: %s %s     Высота: %s %s     Размер: %s %s	Taşı: %s %s %s %s%s     Döndür: %s %s     Yükseklik: %s %s     Boyut: %s %s
%s = bring it in front of me     %s = snap %s     %s = mouse to %s     %s = level     %s = to ground     %s or placing / selecting something else = done     %s = %s	%s = bring it in front of me     %s = snap %s     %s = mouse to %s     %s = level     %s = to ground     %s or placing / selecting something else = done     %s = %s	%s = 移到我面前     %s = 吸附 %s     %s = 鼠标切换到 %s     %s = 水平对齐     %s = 吸附到地面     %s 或开始放置/选择其他物体 = 完成     %s = %s	%s = 移到我面前     %s = 吸附 %s     %s = 滑鼠切換至 %s     %s = 水平對齊     %s = 吸附至地面     %s 或開始放置／選取其他物件 = 完成     %s = %s	%s = vor mich holen     %s = Raster %s     %s = Maus zu %s     %s = ausrichten     %s = am Boden einrasten     %s oder neue Auswahl = fertig     %s = %s	%s = placer devant moi     %s = aligner %s     %s = souris vers %s     %s = mettre à niveau     %s = aligner au sol     %s ou nouvelle sélection = terminer     %s = %s	%s = 내 앞으로 가져오기     %s = 스냅 %s     %s = 마우스를 %s로     %s = 수평 맞춤     %s = 지면 맞춤     %s 또는 다른 항목 배치/선택 = 완료     %s = %s	%s = 目の前に移動     %s = スナップ %s     %s = マウスを%sへ     %s = 水平にする     %s = 地面にスナップ     %sまたは別の配置／選択で完了     %s = %s	%s = traer delante     %s = ajuste %s     %s = ratón a %s     %s = nivelar     %s = ajustar al suelo     %s o seleccionar/colocar otra cosa = terminar     %s = %s	%s = trazer para frente     %s = ajuste %s     %s = mouse para %s     %s = nivelar     %s = alinhar ao chão     %s ou colocar/selecionar outra coisa = concluir     %s = %s	%s = передо мной     %s = привязка %s     %s = мышь: %s     %s = выровнять     %s = к земле     %s или новое размещение/выбор = готово     %s = %s	%s = önüme getir     %s = hizalama %s     %s = fareyi %s yap     %s = düzle     %s = zemine hizala     %s veya başka seçim/yerleştirme = tamam     %s = %s
extra distance in front of you, height, and sideways offset; the object's footprint is already accounted for	extra distance in front of you, height, and sideways offset; the object's footprint is already accounted for	额外设置物体在你面前的距离、高度和侧向偏移；已考虑物体占地范围	額外設定物件在你面前的距離、高度和側向偏移；已考慮物件占地範圍	Zusätzlicher Abstand nach vorn, Höhe und seitlicher Versatz; die Grundfläche des Objekts ist bereits berücksichtigt	Distance supplémentaire devant vous, hauteur et décalage latéral ; l’empreinte de l’objet est déjà prise en compte	앞쪽 거리, 높이, 좌우 오프셋을 추가합니다. 오브젝트의 바닥 면적은 이미 반영됩니다	目の前の距離、高さ、横方向のオフセットを追加します。オブジェクトの占有範囲は考慮済みです	Distancia adicional delante, altura y desplazamiento lateral; la huella del objeto ya está considerada	Distância extra à frente, altura e deslocamento lateral; a área ocupada pelo objeto já é considerada	Дополнительное расстояние перед вами, высота и боковое смещение; габариты объекта уже учтены	Öne ek mesafe, yükseklik ve yana kaydırma; nesnenin taban alanı zaten hesaba katılır
front = camera view	front = camera view	前方 = 摄像机视角	前方 = 攝影機視角	Vorne = Kamerablickrichtung	Devant = direction de la caméra	앞쪽 = 카메라 시야	前方 = カメラ視点	Delante = vista de cámara	Frente = visão da câmera	Вперёд = направление камеры	Ön = kamera görünümü
where 'in front of you' points: the camera's view direction (on) or the direction you last walked (off)	where 'in front of you' points: the camera's view direction (on) or the direction you last walked (off)	“你面前”的方向：开启时使用摄像机视角，关闭时使用上次行走方向	「你面前」的方向：開啟時使用攝影機視角，關閉時使用上次行走方向	Richtung „vor dir“: Kamerablick (ein) oder zuletzt gelaufene Richtung (aus)	Direction « devant vous » : vue caméra (activée) ou dernière direction de marche (désactivée)	'앞쪽' 방향: 켜면 카메라 시야, 끄면 마지막으로 걸은 방향	「目の前」の向き：オンならカメラ視点、オフなら最後に歩いた方向	Dirección «delante»: cámara (activado) o último rumbo a pie (desactivado)	Direção “à frente”: câmera (ativada) ou último sentido caminhado (desativada)	Направление «перед вами»: камера (вкл.) или последнее направление движения (выкл.)	“Ön” yönü: açıkken kamera, kapalıyken son yürüdüğünüz yön
spawns <count> copies in a row across your line of sight, <spacing> apart, grouped, then hands them to the placement mode	spawns <count> copies in a row across your line of sight, <spacing> apart, grouped, then hands them to the placement mode	沿视线方向横向排列 <count> 个副本，间距为 <spacing>，并编组后交给放置模式	沿視線方向橫向排列 <count> 個複本，間距為 <spacing>，並群組後交給放置模式	Erzeugt <count> Kopien quer zu deiner Blickrichtung im Abstand <spacing>, gruppiert sie und übergibt sie dem Platzierungsmodus	Crée <count> copies en ligne dans votre champ de vision, espacées de <spacing>, les groupe et passe au mode placement	시야를 가로지르는 줄에 <count>개 복사본을 <spacing> 간격으로 생성하고 그룹화한 뒤 배치 모드로 넘깁니다	視線を横切る列に<count>個を<spacing>間隔で生成し、グループ化して配置モードに渡します	Crea <count> copias en una fila frente a ti, separadas <spacing>, las agrupa y activa el modo de colocación	Gera <count> cópias em uma linha à sua frente, com <spacing> de distância, agrupa e abre o modo de posicionamento	Создаёт <count> копий поперёк направления взгляда с интервалом <spacing>, группирует и передаёт в режим размещения	Görüşünüz boyunca <spacing> aralıkla <count> kopya oluşturur, gruplar ve yerleştirme moduna geçirir
spawns <count> copies on a circle of <radius> in front of you, grouped, then hands them to the placement mode	spawns <count> copies on a circle of <radius> in front of you, grouped, then hands them to the placement mode	在你面前半径为 <radius> 的圆周上生成 <count> 个副本并编组，然后进入放置模式	在你面前半徑為 <radius> 的圓周上生成 <count> 個複本並群組，然後進入放置模式	Erzeugt <count> Kopien auf einem Kreis mit Radius <radius> vor dir, gruppiert sie und startet den Platzierungsmodus	Crée <count> copies sur un cercle de rayon <radius> devant vous, les groupe et passe au mode placement	앞쪽 반지름 <radius> 원 위에 <count>개 복사본을 생성하고 그룹화한 뒤 배치 모드로 넘깁니다	目の前の半径<radius>の円上に<count>個を生成し、グループ化して配置モードに渡します	Crea <count> copias en un círculo de radio <radius> delante de ti, las agrupa y activa el modo de colocación	Gera <count> cópias em um círculo de raio <radius> à sua frente, agrupa e abre o modo de posicionamento	Создаёт <count> копий по кругу радиуса <radius> перед вами, группирует и передаёт в режим размещения	Önünüzde yarıçapı <radius> olan bir daireye <count> kopya dizer, gruplar ve yerleştirme moduna geçirir
How each copy is turned. The line runs from left to right in front of you.\nyaw as set:       every copy keeps the yaw from the spawn options, no matter where it stands.\nalong the line:   the object's X axis points along the line (fences, walls, railings end to end).\nacross the line:  the object's X axis is turned 90 degrees to the line, all copies face the same way\n                  (benches, market stalls, tents side by side).	How each copy is turned. The line runs from left to right in front of you.\nyaw as set:       every copy keeps the yaw from the spawn options, no matter where it stands.\nalong the line:   the object's X axis points along the line (fences, walls, railings end to end).\nacross the line:  the object's X axis is turned 90 degrees to the line, all copies face the same way\n                  (benches, market stalls, tents side by side).	每个副本的朝向方式。直线从你面前的左侧延伸到右侧。\n保持当前偏航角：每个副本都使用生成选项中的偏航角。\n沿直线方向：物体的 X 轴沿直线排列（栅栏、墙和栏杆首尾相接）。\n垂直于直线：物体的 X 轴与直线垂直，所有副本朝向相同（长椅、摊位、帐篷并排）。	每個複本的朝向方式。直線從你面前的左側延伸到右側。\n保持目前偏航角：每個複本都使用生成選項中的偏航角。\n沿直線方向：物件的 X 軸沿直線排列（柵欄、牆和欄杆首尾相接）。\n垂直於直線：物件的 X 軸與直線垂直，所有複本朝向相同（長椅、攤位、帳篷並排）。	Ausrichtung jeder Kopie. Die Linie verläuft vor dir von links nach rechts.\nWinkel beibehalten: Alle Kopien nutzen den Spawn-Winkel.\nEntlang der Linie: Die X-Achse zeigt entlang der Linie (Zäune und Mauern aneinanderreihen).\nQuer zur Linie: Die X-Achse steht senkrecht, alle Kopien zeigen gleich (Bänke, Stände, Zelte nebeneinander).	Ausrichtung de chaque copie. La ligne va de gauche à droite devant vous.\nAngle défini : chaque copie garde l’angle des options de génération.\nLe long de la ligne : l’axe X suit la ligne (clôtures, murs et rampes bout à bout).\nEn travers : l’axe X est perpendiculaire, toutes les copies regardent pareil (bancs, étals, tentes côte à côte).	각 복사본의 방향입니다. 선은 앞쪽에서 왼쪽에서 오른쪽으로 이어집니다.\n설정된 요: 모든 복사본이 생성 옵션의 요 값을 유지합니다.\n선을 따라: 오브젝트 X축이 선을 따라갑니다(울타리, 벽, 난간을 잇는 경우).\n선 가로질러: X축이 선과 90도이며 모두 같은 방향을 향합니다(벤치, 노점, 텐트를 나란히 배치).	各コピーの向き。線は目の前を左から右へ伸びます。\n設定ヨー：生成オプションのヨーを維持します。\n線に沿う：オブジェクトのX軸を線に沿わせます（柵、壁、手すりを連結）。\n線に対して横向き：X軸を線に対して90度にし、全て同じ向きにします（ベンチ、屋台、テントなど）。	Orientación de cada copia. La línea va de izquierda a derecha delante de ti.\nGiro definido: cada copia conserva el giro de las opciones.\nA lo largo: el eje X sigue la línea (vallas, muros y barandillas en fila).\nA través: el eje X queda perpendicular y todas miran igual (bancos, puestos y tiendas).	Orientação de cada cópia. A linha vai da esquerda para a direita à sua frente.\nRotação definida: cada cópia mantém a rotação das opções.\nAo longo: o eixo X acompanha a linha (cercas, muros e corrimãos em sequência).\nAtravessado: o eixo X fica perpendicular e todas apontam para o mesmo lado (bancos, barracas, tendas).	Направление копий. Линия проходит слева направо перед вами.\nЗаданный угол: угол из параметров создания.\nВдоль линии: ось X вдоль линии (заборы, стены, перила в ряд).\nПоперёк: ось X перпендикулярна линии, все копии смотрят одинаково (скамьи, прилавки, палатки).	Kopyaların yönü. Çizgi önünüzde soldan sağa uzanır.\nSabit yaw: oluşturma seçeneklerindeki yaw korunur.\nÇizgi boyunca: X ekseni çizgiyi izler (çit, duvar, korkuluk sıraları).\nÇizgiye çapraz: X ekseni dik durur ve tüm kopyalar aynı yöne bakar (banklar, tezgâhlar, çadırlar).
How each copy on the ring is turned.\nyaw as set:    every copy keeps the yaw from the spawn options (all parallel, like a grid).\nX to center:   the object's X axis points at the middle of the ring: chairs around a table, seats around a fire.\nX outward:     the object's X axis points away from the middle: torches, statues or spikes facing out.	How each copy on the ring is turned.\nyaw as set:    every copy keeps the yaw from the spawn options (all parallel, like a grid).\nX to center:   the object's X axis points at the middle of the ring: chairs around a table, seats around a fire.\nX outward:     the object's X axis points away from the middle: torches, statues or spikes facing out.	圆环上每个副本的朝向方式。\n保持当前偏航角：每个副本都使用生成选项中的偏航角（彼此平行）。\nX 轴朝向中心：物体 X 轴指向圆心，适合围桌椅子或篝火座位。\nX 轴朝外：物体 X 轴背离圆心，适合朝外的火炬、雕像或尖刺。	圓環上每個複本的朝向方式。\n保持目前偏航角：每個複本都使用生成選項中的偏航角（彼此平行）。\nX 軸朝向中心：物件 X 軸指向圓心，適合圍桌椅子或營火座位。\nX 軸朝外：物件 X 軸背離圓心，適合朝外的火炬、雕像或尖刺。	Ausrichtung der Kopien auf dem Ring.\nWinkel beibehalten: Alle Kopien bleiben parallel.\nX zur Mitte: X-Achse zeigt zum Mittelpunkt (Stühle um Tisch oder Feuer).\nX nach außen: X-Achse zeigt nach außen (Fackeln, Statuen oder Spitzen).	Orientation des copies sur le cercle.\nAngle défini : les copies restent parallèles.\nX vers le centre : l’axe X pointe vers le centre (chaises autour d’une table ou d’un feu).\nX vers l’extérieur : l’axe X pointe dehors (torches, statues ou piques).	원형 배치의 방향입니다.\n설정된 요: 모든 복사본이 서로 평행합니다.\nX축이 중심을 향함: X축이 원의 중심을 향합니다(테이블이나 모닥불 주변 좌석).\nX축이 바깥을 향함: X축이 중심에서 바깥을 향합니다(횃불, 조각상, 가시).	円形配置の向きです。\n設定ヨー：すべて平行になります。\nX軸を中心へ：X軸を円の中心に向けます（テーブルや焚き火を囲む椅子）。\nX軸を外側へ：X軸を外に向けます（外向きのたいまつ、像、とげ）。	Orientación de las copias en el círculo.\nGiro definido: todas quedan paralelas.\nX hacia el centro: el eje X apunta al centro (sillas alrededor de una mesa o fuego).\nX hacia fuera: el eje X apunta hacia afuera (antorchas, estatuas o púas).	Orientação das cópias no círculo.\nRotação definida: todas ficam paralelas.\nX para o centro: o eixo X aponta para o centro (cadeiras ao redor de mesa ou fogueira).\nX para fora: o eixo X aponta para fora (tochas, estátuas ou estacas).	Направление копий на круге.\nЗаданный угол: все копии параллельны.\nОсь X к центру: ось направлена к центру (стулья у стола или костра).\nОсь X наружу: ось направлена от центра (факелы, статуи, шипы).	Çemberdeki kopyaların yönü.\nSabit yaw: tüm kopyalar paralel kalır.\nX merkeze dönük: X ekseni merkeze bakar (masa veya ateş çevresindeki sandalyeler).\nX dışa dönük: X ekseni dışarı bakar (meşaleler, heykeller, sivri kazıklar).
Empty the scene	Empty the scene	清空场景	清空場景	Szene leeren	Vider la scène	장면 비우기	シーンを空にする	Vaciar escena	Esvaziar cena	Очистить сцену	Sahneyi boşalt
Import .cdproj	Import .cdproj	导入 .cdproj	匯入 .cdproj	.cdproj importieren	Importer un .cdproj	.cdproj 가져오기	.cdprojをインポート	Importar .cdproj	Importar .cdproj	Импорт .cdproj	.cdproj içe aktar
Open folder	Open folder	打开文件夹	開啟資料夾	Ordner öffnen	Ouvrir le dossier	폴더 열기	フォルダーを開く	Abrir carpeta	Abrir pasta	Открыть папку	Klasörü aç
imported %s	imported %s	已导入 %s	已匯入 %s	%s importiert	%s importé	%s 가져옴	%sをインポートしました	%s importado	%s importado	Импортировано: %s	%s içe aktarıldı
import failed	import failed	导入失败	匯入失敗	Import fehlgeschlagen	Échec de l’importation	가져오기 실패	インポートに失敗しました	Error al importar	Falha ao importar	Ошибка импорта	İçe aktarma başarısız
saved %s (%d objects)	saved %s (%d objects)	已保存 %s（%d 个物体）	已儲存 %s（%d 個物件）	%s gespeichert (%d Objekte)	%s enregistré (%d objets)	%s 저장됨(오브젝트 %d개)	%sを保存しました（オブジェクト%d個）	%s guardado (%d objetos)	%s salvo (%d objetos)	Сохранено: %s (объектов: %d)	%s kaydedildi (%d nesne)
overwrote %s	overwrote %s	已覆盖 %s	已覆寫 %s	%s überschrieben	%s écrasé	%s 덮어씀	%sを上書きしました	%s sobrescrito	%s sobrescrito	Перезаписано: %s	%s üzerine yazıldı
overwrote %s (%d objects)	overwrote %s (%d objects)	已覆盖 %s（%d 个物体）	已覆寫 %s（%d 個物件）	%s überschrieben (%d Objekte)	%s écrasé (%d objets)	%s 덮어씀(오브젝트 %d개)	%sを上書きしました（オブジェクト%d個）	%s sobrescrito (%d objetos)	%s sobrescrito (%d objetos)	Перезаписано: %s (объектов: %d)	%s üzerine yazıldı (%d nesne)
loading %s (added to the scene)	loading %s (added to the scene)	正在加载 %s（已添加到场景）	正在載入 %s（已加入場景）	%s wird geladen (zur Szene hinzugefügt)	Chargement de %s (ajouté à la scène)	%s 불러오는 중(장면에 추가됨)	%sを読み込み中（シーンに追加）	Cargando %s (añadido a la escena)	Carregando %s (adicionado à cena)	Загрузка %s (добавлен на сцену)	%s yükleniyor (sahneye eklendi)
replaced by %s	replaced by %s	已替换为 %s	已取代為 %s	Durch %s ersetzt	Remplacé par %s	%s로 교체됨	%sに置き換え	Reemplazado por %s	Substituído por %s	Заменено проектом %s	%s ile değiştirildi
save failed	save failed	保存失败	儲存失敗	Speichern fehlgeschlagen	Échec de l’enregistrement	저장 실패	保存に失敗しました	Error al guardar	Falha ao salvar	Ошибка сохранения	Kaydetme başarısız
new project: scene emptied - place your objects, then save under a new name	new project: scene emptied - place your objects, then save under a new name	新项目：场景已清空。放置物体后，请使用新名称保存。	新專案：場景已清空。放置物件後，請使用新名稱儲存。	Neues Projekt: Szene geleert. Platziere Objekte und speichere unter einem neuen Namen.	Nouveau projet : scène vidée. Placez vos objets, puis enregistrez sous un nouveau nom.	새 프로젝트: 장면을 비웠습니다. 오브젝트를 배치한 뒤 새 이름으로 저장하세요.	新規プロジェクト：シーンを空にしました。オブジェクトを配置して新しい名前で保存してください。	Proyecto nuevo: escena vacía. Coloca objetos y guarda con un nombre nuevo.	Novo projeto: cena esvaziada. Posicione os objetos e salve com um novo nome.	Новый проект: сцена очищена. Разместите объекты и сохраните под новым именем.	Yeni proje: sahne boşaltıldı. Nesneleri yerleştirip yeni adla kaydedin.
%s = %s   %s = hide	%s = %s   %s = hide	%s = %s   %s = 隐藏	%s = %s   %s = 隱藏	%s = %s   %s = ausblenden	%s = %s   %s = masquer	%s = %s   %s = 숨기기	%s = %s   %s = 非表示	%s = %s   %s = ocultar	%s = %s   %s = ocultar	%s = %s   %s = скрыть	%s = %s   %s = gizle
hides prefabs without a visible mesh	hides prefabs without a visible mesh	隐藏没有可见网格的预制件	隱藏沒有可見網格的預製件	Blendet Prefabs ohne sichtbares Mesh aus	Masque les prefabs sans maillage visible	보이는 메시가 없는 프리팹 숨기기	表示メッシュのないPrefabを隠す	Oculta prefabs sin malla visible	Oculta prefabs sem malha visível	Скрывает префабы без видимого меша	Görünür mesh içermeyen prefabları gizler
hides prefabs without static meshes (skinned characters, logic-only prefabs): they spawn nothing visible	hides prefabs without static meshes (skinned characters, logic-only prefabs): they spawn nothing visible	隐藏没有静态网格的预制件（骨骼角色、纯逻辑预制件），这些对象生成后不可见	隱藏沒有靜態網格的預製件（骨架角色、純邏輯預製件），這些物件生成後不可見	Blendet Prefabs ohne statische Meshes aus (Skelettfiguren, reine Logik-Prefabs); sie erzeugen nichts Sichtbares	Masque les prefabs sans maillage statique (personnages squelettés, prefabs logiques) : ils n’affichent rien	정적 메시가 없는 프리팹(스킨 캐릭터, 로직 전용 프리팹)을 숨깁니다. 생성해도 보이지 않습니다	静的メッシュのないPrefab（スキン付きキャラクターやロジック専用Prefab）を隠します。生成しても表示されません	Oculta prefabs sin malla estática (personajes con esqueleto o prefabs lógicos): no muestran nada	Oculta prefabs sem malha estática (personagens esqueléticos ou prefabs só de lógica): nada visível será criado	Скрывает префабы без статических мешей (персонажи со скелетом и логические префабы): они не отображаются	Statik mesh içermeyen prefabları (iskeletli karakterler, yalnızca mantık prefabları) gizler; görünür nesne oluşturmaz
Placement keys (numpad by default; every action can be rebound, e.g. for keyboards without a numpad)	Placement keys (numpad by default; every action can be rebound, e.g. for keyboards without a numpad)	放置快捷键（默认使用数字键盘；每个操作都可重新绑定，例如没有数字键盘的键盘）	放置快速鍵（預設使用數字鍵盤；每個操作都可重新繫結，例如沒有數字鍵盤的鍵盤）	Platzierungstasten (standardmäßig Nummernblock; jede Aktion ist belegbar, auch ohne Nummernblock)	Touches de placement (pavé numérique par défaut ; chaque action peut être réaffectée)	배치 키(기본 숫자 키패드, 숫자 키패드가 없는 키보드에서도 각 동작을 다시 지정할 수 있음)	配置キー（既定はテンキー。テンキーのないキーボードでも各操作を割り当て可能）	Teclas de colocación (teclado numérico por defecto; cada acción se puede reasignar)	Teclas de posicionamento (teclado numérico por padrão; cada ação pode ser remapeada)	Клавиши размещения (по умолчанию цифровой блок; каждое действие можно переназначить)	Yerleştirme tuşları (varsayılan sayısal tuş takımı; her eylem yeniden atanabilir)
Pick keys the game does not use.	Pick keys the game does not use.	请选择游戏未使用的按键。	請選擇遊戲未使用的按鍵。	Wähle Tasten, die das Spiel nicht verwendet.	Choisissez des touches inutilisées par le jeu.	게임에서 사용하지 않는 키를 선택하세요.	ゲームで使われていないキーを選んでください。	Elige teclas que el juego no use.	Escolha teclas que o jogo não usa.	Выберите клавиши, которые игра не использует.	Oyunun kullanmadığı tuşları seçin.
Gizmo projection (stage 1: display). Calibrate once: enable the marker, switch to play mode (Home) and adjust until the yellow circles sit at your character's feet and head.	Gizmo projection (stage 1: display). Calibrate once: enable the marker, switch to play mode (Home) and adjust until the yellow circles sit at your character's feet and head.	操纵器投影（第 1 阶段：显示）。只需校准一次：启用标记，切换到游玩模式（Home），调整数值，直到黄色圆圈分别位于角色脚部和头部。	操縱器投影（第 1 階段：顯示）。只需校準一次：啟用標記，切換至遊玩模式（Home），調整數值，直到黃色圓圈分別位於角色腳部和頭部。	Gizmo-Projektion (Stufe 1: Anzeige). Einmal kalibrieren: Markierung aktivieren, in den Spielmodus (Pos1) wechseln und anpassen, bis die gelben Kreise an Füßen und Kopf sitzen.	Projection du gizmo (étape 1 : affichage). Calibrez une fois : activez le repère, passez en mode jeu (Home) et ajustez jusqu’à ce que les cercles jaunes soient aux pieds et à la tête du personnage.	기즈모 투영(1단계: 표시). 한 번만 보정하세요. 마커를 켜고 플레이 모드(Home)로 전환한 뒤 노란 원이 캐릭터의 발과 머리에 오도록 조정합니다.	ギズモの投影（ステージ1：表示）。一度だけ調整します。マーカーを有効にしてプレイモード（Home）に切り替え、黄色い円がキャラクターの足と頭に合うように調整してください。	Proyección del gizmo (fase 1: visualización). Calibra una vez: activa el marcador, cambia al modo juego (Home) y ajusta hasta que los círculos amarillos coincidan con los pies y la cabeza.	Projeção do gizmo (etapa 1: exibição). Calibre uma vez: ative o marcador, mude para o modo de jogo (Home) e ajuste até os círculos amarelos ficarem nos pés e na cabeça do personagem.	Проекция гизмо (этап 1: отображение). Настройте один раз: включите маркер, перейдите в игровой режим (Home) и совместите жёлтые круги с ногами и головой персонажа.	Gizmo projeksiyonu (1. aşama: görüntü). Bir kez kalibre edin: işareti açın, oyun moduna (Home) geçin ve sarı daireler karakterin ayaklarına ve başına oturana kadar ayarlayın.
listens on 127.0.0.1 only. Local tools and scripts can search prefabs and spawn, move and delete World Builder objects (see HTTP_API.md)	listens on 127.0.0.1 only. Local tools and scripts can search prefabs and spawn, move and delete World Builder objects (see HTTP_API.md)	仅监听 127.0.0.1。本机工具和脚本可以搜索预制件，并生成、移动和删除 World Builder 物体（参阅 HTTP_API.md）	僅監聽 127.0.0.1。本機工具和指令碼可搜尋預製件，並生成、移動及刪除 World Builder 物件（參閱 HTTP_API.md）	Lauscht nur auf 127.0.0.1. Lokale Tools und Skripte können Prefabs suchen sowie World-Builder-Objekte erzeugen, bewegen und löschen (siehe HTTP_API.md).	Écoute uniquement sur 127.0.0.1. Les outils locaux peuvent rechercher des prefabs et créer, déplacer ou supprimer des objets (voir HTTP_API.md).	127.0.0.1에서만 수신합니다. 로컬 도구와 스크립트로 프리팹을 검색하고 World Builder 오브젝트를 생성·이동·삭제할 수 있습니다(HTTP_API.md 참고).	127.0.0.1のみで待ち受けます。ローカルツールからPrefab検索やWorld Builderオブジェクトの生成・移動・削除ができます（HTTP_API.md参照）。	Solo escucha en 127.0.0.1. Las herramientas locales pueden buscar prefabs y crear, mover o eliminar objetos (consulta HTTP_API.md).	Escuta somente em 127.0.0.1. Ferramentas locais podem buscar prefabs e criar, mover ou remover objetos (consulte HTTP_API.md).	Слушает только 127.0.0.1. Локальные инструменты могут искать префабы, создавать, перемещать и удалять объекты (см. HTTP_API.md).	Yalnızca 127.0.0.1 adresinde dinler. Yerel araçlar prefab arayabilir, World Builder nesnelerini oluşturabilir, taşıyabilir ve silebilir (HTTP_API.md).
all (%d)	all (%d)	全部（%d）	全部（%d）	Alle (%d)	Tout (%d)	전체(%d)	すべて（%d）	Todo (%d)	Tudo (%d)	Все (%d)	Tümü (%d)
new (%d)	new (%d)	新增（%d）	新增（%d）	Neu (%d)	Nouveaux (%d)	새 항목(%d)	新規（%d）	Nuevos (%d)	Novos (%d)	Новые (%d)	Yeni (%d)
Group %d  (%d objects)	Group %d  (%d objects)	组 %d（%d 个物体）	群組 %d（%d 個物件）	Gruppe %d  (%d Objekte)	Groupe %d  (%d objets)	그룹 %d  (오브젝트 %d개)	グループ%d（オブジェクト%d個）	Grupo %d  (%d objetos)	Grupo %d  (%d objetos)	Группа %d  (объектов: %d)	Grup %d  (%d nesne)
Group selection	Group selection	选择组	群組選取	Gruppe auswählen	Sélectionner le groupe	그룹 선택	グループを選択	Seleccionar grupo	Selecionar grupo	Выбрать группу	Grubu seç
Grab group	Grab group	抓取整组	抓取整組	Gruppe greifen	Saisir le groupe	그룹 잡기	グループを掴む	Agarrar grupo	Pegar grupo	Взять группу	Grubu tut
add to collection	add to collection	添加到收藏集	加入收藏集	Zur Sammlung hinzufügen	Ajouter à la collection	컬렉션에 추가	コレクションに追加	Añadir a colección	Adicionar à coleção	Добавить в коллекцию	Koleksiyona ekle
favorite	favorite	收藏	我的最愛	Favorit	Favori	즐겨찾기	お気に入り	Favorito	Favorito	В избранное	Favori
unfavorite	unfavorite	取消收藏	移除我的最愛	Aus Favoriten entfernen	Retirer des favoris	즐겨찾기 해제	お気に入り解除	Quitar de favoritos	Remover dos favoritos	Убрать из избранного	Favorilerden kaldır
recent:	recent:	最近：	最近：	Zuletzt:	Récents :	최근 항목:	最近:	Recientes:	Recentes:	Недавние:	Son kullanılanlar:
(first 5000)	(first 5000)	（前 5000 个）	（前 5000 個）	(erste 5000)	(5000 premiers)	(처음 5000개)	（先頭5000件）	(primeros 5000)	(primeiros 5000)	(первые 5000)	(ilk 5000)
one grid step per press	one grid step per press	每按一次移动一个网格	每按一次移動一個格線	Ein Rasterfeld pro Tastendruck	Un pas de grille par pression	한 번 누를 때마다 한 칸	1回押すごとに1グリッド移動	Un paso de cuadrícula por pulsación	Um passo de grade por toque	Один шаг сетки за нажатие	Her basışta bir ızgara adımı
fast	fast	快速	快速	Schnell	Rapide	빠르게	高速	Rápido	Rápido	Быстро	Hızlı
(group)	(group)	（组）	（群組）	(Gruppe)	(groupe)	(그룹)	（グループ）	(grupo)	(grupo)	(группа)	(grup)
(in a group)	(in a group)	（属于一个组）	（屬於一個群組）	(in einer Gruppe)	(dans un groupe)	(그룹에 포함)	（グループ内）	(en un grupo)	(em um grupo)	(в группе)	(grupta)
(click: favorite)	(click: favorite)	（点击收藏）	（點擊加入我的最愛）	(Klick: Favorit)	(cliquer : favori)	(클릭: 즐겨찾기)	（クリックでお気に入り）	(clic: favorito)	(clique: favorito)	(щелчок: избранное)	(tıkla: favori)
0.1 m	0.1 m	0.1 米	0.1 公尺	0,1 m	0,1 m	0.1 m	0.1 m	0,1 m	0,1 m	0,1 м	0,1 m
0.25 m	0.25 m	0.25 米	0.25 公尺	0,25 m	0,25 m	0.25 m	0.25 m	0,25 m	0,25 m	0,25 м	0,25 m
0.5 m	0.5 m	0.5 米	0.5 公尺	0,5 m	0,5 m	0.5 m	0.5 m	0,5 m	0,5 m	0,5 м	0,5 m
1 m	1 m	1 米	1 公尺	1 m	1 m	1 m	1 m	1 m	1 m	1 м	1 m
2 m	2 m	2 米	2 公尺	2 m	2 m	2 m	2 m	2 m	2 m	2 м	2 m
5 deg	5 deg	5 度	5 度	5 Grad	5 degrés	5도	5度	5 grados	5 graus	5°	5 derece
15 deg	15 deg	15 度	15 度	15 Grad	15 degrés	15도	15度	15 grados	15 graus	15°	15 derece
30 deg	30 deg	30 度	30 度	30 Grad	30 degrés	30도	30度	30 grados	30 graus	30°	30 derece
45 deg	45 deg	45 度	45 度	45 Grad	45 degrés	45도	45度	45 grados	45 graus	45°	45 derece
90 deg	90 deg	90 度	90 度	90 Grad	90 degrés	90도	90度	90 grados	90 graus	90°	90 derece
object	object	物体	物件	Objekt	Objet	오브젝트	オブジェクト	Objeto	Objeto	Объект	Nesne
grp	grp	组	群組	Gruppe	Grp.	그룹	グループ	Grupo	Grupo	Группа	Grup
dist	dist	距离	距離	Abstand	Dist.	거리	距離	Distancia	Distância	Расст.	Uzaklık
feet	feet	脚部	腳部	Füße	Pieds	발	足元	Pies	Pés	Ноги	Ayaklar
head (1.8 m)	head (1.8 m)	头部（1.8 米）	頭部（1.8 公尺）	Kopf (1,8 m)	Tête (1,8 m)	머리(1.8m)	頭（1.8 m）	Cabeza (1,8 m)	Cabeça (1,8 m)	Голова (1,8 м)	Baş (1,8 m)
no duplicates found	no duplicates found	未发现重复物体	找不到重複物件	Keine Duplikate gefunden	Aucun doublon trouvé	중복 항목 없음	重複は見つかりませんでした	No se encontraron duplicados	Nenhuma duplicata encontrada	Дубликатов нет	Yinelenen bulunamadı
deleted all	deleted all	已删除全部物体	已刪除所有物件	Alle gelöscht	Tout supprimé	모두 삭제됨	すべて削除しました	Todo eliminado	Tudo excluído	Всё удалено	Tümü silindi
undo	undo	撤销	復原	Rückgängig	Annuler	실행 취소	元に戻す	Deshacer	Desfazer	Отменить	Geri al
redo	redo	重做	重做	Wiederholen	Rétablir	다시 실행	やり直し	Rehacer	Refazer	Повторить	Yinele
levelled	levelled	已水平对齐	已水平對齊	Ausgerichtet	Mis à niveau	수평 맞춤 완료	水平にしました	Nivelado	Nivelado	Выровнено	Düzleştirildi
%s %d objects	%s %d objects	%s %d 个物体	%s %d 個物件	%s %d Objekte	%s %d objets	%s 오브젝트 %d개	%s オブジェクト%d個	%s %d objetos	%s %d objetos	%s объектов: %d	%s %d nesne
spawn %s	spawn %s	生成 %s	生成 %s	%s erzeugt	Créer : %s	%s 생성	%sを生成	Crear %s	Gerar %s	Создать: %s	%s oluştur
spawning %s	spawning %s	正在生成 %s	正在生成 %s	Erzeuge %s	Création de %s	%s 생성 중	%sを生成中	Generando %s	Gerando %s	Создание: %s	%s oluşturuluyor
snapped to the ground (%+.2f m)	snapped to the ground (%+.2f m)	已吸附到地面（%+.2f 米）	已吸附至地面（%+.2f 公尺）	Am Boden eingerastet (%+.2f m)	Aligné au sol (%+.2f m)	지면에 맞춤(%+.2f m)	地面にスナップしました（%+.2f m）	Ajustado al suelo (%+.2f m)	Alinhado ao chão (%+.2f m)	Привязано к земле (%+.2f м)	Zemine hizalandı (%+.2f m)
Remove all %d placed objects and start an empty project?	Remove all %d placed objects and start an empty project?	移除全部 %d 个已放置物体并开始空项目？	移除全部 %d 個已放置物件並開始空白專案？	Alle %d platzierten Objekte entfernen und ein leeres Projekt starten?	Supprimer les %d objets placés et démarrer un projet vide ?	배치된 오브젝트 %d개를 모두 제거하고 빈 프로젝트를 시작할까요?	配置済みオブジェクト%d個をすべて削除して、新しいプロジェクトを開始しますか？	¿Eliminar los %d objetos colocados y comenzar un proyecto vacío?	Remover os %d objetos colocados e iniciar um projeto vazio?	Удалить все размещённые объекты (%d) и начать пустой проект?	Yerleştirilen %d nesnenin tümü kaldırılsın ve boş bir proje başlatılsın mı?
Saved projects stay on disk. Undo cannot bring the objects back.	Saved projects stay on disk. Undo cannot bring the objects back.	已保存的项目仍保留在磁盘上。撤销无法恢复这些物体。	已儲存的專案仍會保留在磁碟上。復原無法還原這些物件。	Gespeicherte Projekte bleiben auf der Festplatte. Rückgängig kann die Objekte nicht wiederherstellen.	Les projets enregistrés restent sur le disque. Annuler ne peut pas restaurer ces objets.	저장된 프로젝트는 디스크에 남습니다. 실행 취소로 오브젝트를 복구할 수 없습니다.	保存済みのプロジェクトはディスクに残ります。元に戻す操作ではオブジェクトを復元できません。	Los proyectos guardados permanecen en el disco. Deshacer no puede recuperar estos objetos.	Os projetos salvos continuam no disco. Desfazer não recupera esses objetos.	Сохранённые проекты останутся на диске. Отмена не восстановит объекты.	Kaydedilmiş projeler diskte kalır. Geri alma nesneleri geri getirmez.
empty scene for a new project: removes everything World Builder has placed.\nSaved .cdproj files on disk are not touched.	empty scene for a new project: removes everything World Builder has placed.\nSaved .cdproj files on disk are not touched.	为新项目清空场景：移除 World Builder 放置的所有物体。磁盘上已保存的 .cdproj 文件不会受影响。	為新專案清空場景：移除 World Builder 放置的所有物件。磁碟上已儲存的 .cdproj 檔案不會受影響。	Leere Szene für ein neues Projekt: Entfernt alles, was World Builder platziert hat. Gespeicherte .cdproj-Dateien bleiben erhalten.	Vider la scène pour un nouveau projet : supprime tout ce que World Builder a placé. Les fichiers .cdproj enregistrés restent intacts.	새 프로젝트를 위해 장면을 비웁니다. World Builder가 배치한 모든 오브젝트가 제거되며 디스크의 .cdproj 파일은 유지됩니다.	新しいプロジェクト用にシーンを空にします。World Builderが配置したオブジェクトは削除されますが、保存済みの.cdprojファイルは変更されません。	Vacía la escena para un proyecto nuevo: elimina lo colocado por World Builder. Los .cdproj guardados no se modifican.	Esvazia a cena para um novo projeto: remove tudo que o World Builder colocou. Arquivos .cdproj salvos não são alterados.	Очистить сцену для нового проекта: удалить размещённое World Builder. Сохранённые .cdproj не изменятся.	Yeni proje için sahneyi boşaltır: World Builder'ın yerleştirdiği her şeyi kaldırır. Kayıtlı .cdproj dosyaları değişmez.
drops the entries from the list without touching the world	drops the entries from the list without touching the world	从列表中移除条目，但不影响游戏世界	從清單中移除項目，但不影響遊戲世界	Entfernt Einträge aus der Liste, ohne die Welt zu verändern	Retire les entrées de la liste sans modifier le monde	월드는 변경하지 않고 목록에서 항목을 제거합니다	ワールドに触れずにリストから項目を除外します	Quita las entradas de la lista sin modificar el mundo	Remove os itens da lista sem alterar o mundo	Убирает записи из списка, не меняя мир	Dünyaya dokunmadan kayıtları listeden kaldırır
%d objects of this project are in the scene and were changed since the last save	%d objects of this project are in the scene and were changed since the last save	此项目有 %d 个物体在场景中，且自上次保存后已更改	此專案有 %d 個物件在場景中，且自上次儲存後已變更	%d Objekte dieses Projekts in der Szene wurden seit dem letzten Speichern geändert	%d objets de ce projet sont dans la scène et ont changé depuis la dernière sauvegarde	이 프로젝트의 오브젝트 %d개가 장면에 있으며 마지막 저장 이후 변경되었습니다	このプロジェクトのオブジェクト%d個がシーンにあり、前回保存後に変更されています	Hay %d objetos de este proyecto en la escena y cambiaron desde el último guardado	%d objetos deste projeto estão na cena e foram alterados desde o último salvamento	Объектов проекта в сцене: %d; есть изменения после сохранения	Bu projenin sahnedeki %d nesnesi son kayıttan sonra değiştirildi
placed by hand and not part of a saved project yet - the Project tab saves exactly these under a new name	placed by hand and not part of a saved project yet - the Project tab saves exactly these under a new name	手动放置的物体尚未属于已保存项目；“项目”标签页可将这些物体另存为新项目	手動放置的物件尚未屬於已儲存專案；「專案」分頁可將這些物件另存為新專案	Manuell platziert und noch keinem gespeicherten Projekt zugeordnet – im Projekt-Tab genau diese unter neuem Namen speichern	Placés à la main et pas encore enregistrés dans un projet ; l’onglet Projet permet de les sauvegarder sous un nouveau nom	직접 배치했으며 아직 저장된 프로젝트에 포함되지 않았습니다. 프로젝트 탭에서 새 이름으로 저장할 수 있습니다	手動配置され、まだ保存済みプロジェクトに属していません。プロジェクトタブで新しい名前を付けて保存できます	Colocados a mano y aún sin proyecto guardado; la pestaña Proyecto permite guardarlos con otro nombre	Colocados manualmente e ainda sem projeto salvo; a aba Projeto permite salvá-los com outro nome	Размещены вручную и ещё не входят в сохранённый проект; во вкладке «Проект» их можно сохранить под новым именем	Elle yerleştirildi ve kayıtlı projeye ait değil; Proje sekmesinden yeni adla kaydedebilirsiniz
player position not available (load a save)	player position not available (load a save)	无法获取玩家位置（请先加载存档）	無法取得玩家位置（請先載入存檔）	Spielerposition nicht verfügbar (Spielstand laden)	Position du joueur indisponible (chargez une sauvegarde)	플레이어 위치를 사용할 수 없습니다(저장 파일을 불러오세요)	プレイヤー位置を取得できません（セーブを読み込んでください）	Posición del jugador no disponible (carga una partida)	Posição do jogador indisponível (carregue um jogo salvo)	Позиция игрока недоступна (загрузите сохранение)	Oyuncu konumu yok (bir kayıt yükleyin)
gimmicks through the game	gimmicks through the game	gimmicks through the game	gimmicks through the game	Gimmicks über das Spiel	gimmicks through the game	gimmicks through the game	gimmicks through the game	gimmicks through the game	gimmicks through the game	gimmicks through the game	gimmicks through the game
prefabs under /object/cd_gimmick/ are spawned through the game's own spawn path and react like real objects (torches, doors, chests); off = plain objects	prefabs under /object/cd_gimmick/ are spawned through the game's own spawn path and react like real objects (torches, doors, chests); off = plain objects	prefabs under /object/cd_gimmick/ are spawned through the game's own spawn path and react like real objects (torches, doors, chests); off = plain objects	prefabs under /object/cd_gimmick/ are spawned through the game's own spawn path and react like real objects (torches, doors, chests); off = plain objects	Prefabs unter /object/cd_gimmick/ werden über den Spawn-Weg des Spiels erzeugt und reagieren wie echte Objekte (Fackeln, Türen, Truhen); aus = statische Objekte	prefabs under /object/cd_gimmick/ are spawned through the game's own spawn path and react like real objects (torches, doors, chests); off = plain objects	prefabs under /object/cd_gimmick/ are spawned through the game's own spawn path and react like real objects (torches, doors, chests); off = plain objects	prefabs under /object/cd_gimmick/ are spawned through the game's own spawn path and react like real objects (torches, doors, chests); off = plain objects	prefabs under /object/cd_gimmick/ are spawned through the game's own spawn path and react like real objects (torches, doors, chests); off = plain objects	prefabs under /object/cd_gimmick/ are spawned through the game's own spawn path and react like real objects (torches, doors, chests); off = plain objects	prefabs under /object/cd_gimmick/ are spawned through the game's own spawn path and react like real objects (torches, doors, chests); off = plain objects	prefabs under /object/cd_gimmick/ are spawned through the game's own spawn path and react like real objects (torches, doors, chests); off = plain objects
%d interactive object(s) spawning...	%d interactive object(s) spawning...	%d interactive object(s) spawning...	%d interactive object(s) spawning...	%d interaktive(s) Objekt(e) wird/werden erzeugt...	%d interactive object(s) spawning...	%d interactive object(s) spawning...	%d interactive object(s) spawning...	%d interactive object(s) spawning...	%d interactive object(s) spawning...	%d interactive object(s) spawning...	%d interactive object(s) spawning...
%d interactive object(s) waiting for a spawn template: walk a few meters	%d interactive object(s) waiting for a spawn template: walk a few meters	%d interactive object(s) waiting for a spawn template: walk a few meters	%d interactive object(s) waiting for a spawn template: walk a few meters	%d interaktive(s) Objekt(e) warten auf eine Spawn-Vorlage: ein paar Meter laufen	%d interactive object(s) waiting for a spawn template: walk a few meters	%d interactive object(s) waiting for a spawn template: walk a few meters	%d interactive object(s) waiting for a spawn template: walk a few meters	%d interactive object(s) waiting for a spawn template: walk a few meters	%d interactive object(s) waiting for a spawn template: walk a few meters	%d interactive object(s) waiting for a spawn template: walk a few meters	%d interactive object(s) waiting for a spawn template: walk a few meters
NPCs	NPCs	NPC	NPC	NPCs	PNJ	NPC	NPC	PNJ	NPCs	НИП	NPC'ler
SPAWN	SPAWN	生成	生成	ERZEUGEN	FAIRE APPARAÎTRE	소환	出現させる	APARECER	GERAR	СОЗДАТЬ	OLUŞTUR
NPC spawning is not available in this game build (see the log).	NPC spawning is not available in this game build (see the log).	此游戏版本无法生成 NPC（见日志）。	此遊戲版本無法生成 NPC（見日誌）。	NPCs erzeugen ist in dieser Spielversion nicht möglich (siehe Log).	Impossible de faire apparaître des PNJ avec cette version du jeu (voir le journal).	이 게임 버전에서는 NPC를 소환할 수 없습니다(로그 참조).	このゲームバージョンではNPCを出現させられません（ログを参照）。	No se pueden crear PNJ en esta versión del juego (ver el registro).	Não é possível gerar NPCs nesta versão do jogo (veja o log).	В этой версии игры создавать НИП нельзя (см. журнал).	Bu oyun sürümünde NPC oluşturulamıyor (günlüğe bakın).
walk a few steps first: the game's spawn request needs your character's server actor	walk a few steps first: the game's spawn request needs your character's server actor	请先走几步：游戏的生成请求需要你角色的服务器对象	請先走幾步：遊戲的生成請求需要你角色的伺服器物件	erst ein paar Schritte gehen: die Spawn-Anfrage des Spiels braucht den Server-Actor deiner Figur	faites d'abord quelques pas : la requête d'apparition du jeu a besoin de l'acteur serveur de votre personnage	먼저 몇 걸음 걸으세요: 게임의 소환 요청에는 캐릭터의 서버 액터가 필요합니다	まず数歩歩いてください：ゲームの出現リクエストにはキャラクターのサーバーアクターが必要です	camina unos pasos primero: la petición de aparición del juego necesita el actor de servidor de tu personaje	ande alguns passos primeiro: o pedido de geração do jogo precisa do ator de servidor do seu personagem	сначала сделайте несколько шагов: запросу игры нужен серверный актёр вашего персонажа	önce birkaç adım yürüyün: oyunun oluşturma isteği karakterinizin sunucu aktörüne ihtiyaç duyar
Spawned characters are part of the game world: they fight, walk and despawn by the game's rules, and are not in the scene list or in projects.	Spawned characters are part of the game world: they fight, walk and despawn by the game's rules, and are not in the scene list or in projects.	生成的角色属于游戏世界：它们按游戏规则战斗、行走和消失，不会出现在场景列表或项目中。	生成的角色屬於遊戲世界：它們依遊戲規則戰鬥、行走和消失，不會出現在場景列表或專案中。	Erzeugte Figuren gehören zur Spielwelt: Sie kämpfen, laufen und verschwinden nach den Regeln des Spiels und stehen weder in der Szenenliste noch in Projekten.	Les personnages créés font partie du monde du jeu : ils combattent, se déplacent et disparaissent selon ses règles, et n'apparaissent ni dans la liste de scène ni dans les projets.	소환된 캐릭터는 게임 세계의 일부입니다: 게임 규칙에 따라 싸우고 걷고 사라지며, 장면 목록이나 프로젝트에는 없습니다.	出現させたキャラクターはゲーム世界の一部です：ゲームのルールで戦い、歩き、消え、シーン一覧やプロジェクトには含まれません。	Los personajes creados forman parte del mundo: luchan, caminan y desaparecen según las reglas del juego, y no están en la lista de escena ni en los proyectos.	Personagens gerados fazem parte do mundo do jogo: lutam, andam e desaparecem pelas regras do jogo e não aparecem na lista da cena nem em projetos.	Созданные персонажи — часть игрового мира: они сражаются, ходят и исчезают по правилам игры и не попадают в список сцены или проекты.	Oluşturulan karakterler oyun dünyasının parçasıdır: oyunun kurallarına göre savaşır, yürür ve kaybolurlar; sahne listesinde veya projelerde yer almazlar.
reading the character list from the game files...	reading the character list from the game files...	正在从游戏文件读取角色列表...	正在從遊戲檔案讀取角色列表...	Figurenliste wird aus den Spieldateien gelesen...	lecture de la liste des personnages dans les fichiers du jeu...	게임 파일에서 캐릭터 목록을 읽는 중...	ゲームファイルからキャラクター一覧を読み込み中...	leyendo la lista de personajes de los archivos del juego...	lendo a lista de personagens dos arquivos do jogo...	чтение списка персонажей из файлов игры...	karakter listesi oyun dosyalarından okunuyor...
search  (name, internal name or key)	search  (name, internal name or key)	搜索（名称、内部名称或编号）	搜尋（名稱、內部名稱或編號）	Suche  (Name, interner Name oder Schlüssel)	recherche  (nom, nom interne ou clé)	검색 (이름, 내부 이름 또는 키)	検索（名前、内部名、キー）	buscar  (nombre, nombre interno o clave)	pesquisar  (nome, nome interno ou chave)	поиск  (имя, внутреннее имя или ключ)	ara  (ad, iç ad veya anahtar)
all	all	全部	全部	alle	tous	전체	すべて	todos	todos	все	tümü
people	people	人物	人物	Personen	personnes	인물	人物	personas	pessoas	люди	insanlar
animals and mounts	animals and mounts	动物和坐骑	動物與坐騎	Tiere und Reittiere	animaux et montures	동물 및 탈것	動物と乗り物	animales y monturas	animais e montarias	животные и ездовые	hayvanlar ve binekler
monsters	monsters	怪物	怪物	Monster	monstres	몬스터	モンスター	monstruos	monstros	монстры	canavarlar
bosses	bosses	首领	首領	Bosse	boss	보스	ボス	jefes	chefes	боссы	patronlar
other	other	其他	其他	sonstige	autres	기타	その他	otros	outros	прочее	diğer
%d characters	%d characters	%d 个角色	%d 個角色	%d Figuren	%d personnages	캐릭터 %d개	%d キャラクター	%d personajes	%d personagens	персонажей: %d	%d karakter
internal name	internal name	内部名称	內部名稱	interner Name	nom interne	내부 이름	内部名	nombre interno	nome interno	внутреннее имя	iç ad
key	key	编号	編號	Schlüssel	clé	키	キー	clave	chave	ключ	anahtar
distance	distance	距离	距離	Abstand	distance	거리	距離	distancia	distância	расстояние	mesafe
spawns the character <distance> in front of you; it appears after a few seconds. Hostile ones attack, wild animals may flee.	spawns the character <distance> in front of you; it appears after a few seconds. Hostile ones attack, wild animals may flee.	在你前方 <距离> 处生成角色，几秒后出现。敌对角色会攻击，野生动物可能逃跑。	在你前方 <距離> 處生成角色，幾秒後出現。敵對角色會攻擊，野生動物可能逃跑。	erzeugt die Figur <Abstand> vor dir; sie erscheint nach ein paar Sekunden. Feindliche greifen an, wilde Tiere fliehen eventuell.	fait apparaître le personnage à <distance> devant vous ; il apparaît après quelques secondes. Les hostiles attaquent, les animaux sauvages peuvent fuir.	캐릭터를 앞쪽 <거리>에 소환합니다. 몇 초 후 나타납니다. 적대적인 캐릭터는 공격하고 야생 동물은 도망칠 수 있습니다.	キャラクターを前方 <距離> に出現させます。数秒後に現れます。敵対的なものは攻撃し、野生動物は逃げることがあります。	crea el personaje a <distancia> delante de ti; aparece tras unos segundos. Los hostiles atacan, los animales salvajes pueden huir.	gera o personagem a <distância> à sua frente; ele aparece após alguns segundos. Hostis atacam, animais selvagens podem fugir.	создаёт персонажа на <расстоянии> перед вами; он появляется через несколько секунд. Враждебные нападают, дикие животные могут убежать.	karakteri önünüzde <mesafe> uzaklıkta oluşturur; birkaç saniye sonra belirir. Düşmanlar saldırır, vahşi hayvanlar kaçabilir.
select a character, then SPAWN. Double-click on a row or card spawns it right away.	select a character, then SPAWN. Double-click on a row or card spawns it right away.	选择一个角色，然后点击“生成”。双击列表行或卡片可立即生成。	選取角色，再按「生成」。雙擊列表列或卡片可立即生成。	Figur wählen, dann ERZEUGEN. Doppelklick auf eine Zeile oder Karte erzeugt sie sofort.	choisissez un personnage, puis FAIRE APPARAÎTRE. Un double-clic sur une ligne ou une carte le fait apparaître aussitôt.	캐릭터를 선택한 다음 소환을 누르세요. 행이나 카드를 두 번 클릭하면 바로 소환됩니다.	キャラクターを選んで「出現させる」。行かカードをダブルクリックするとすぐに出現します。	elige un personaje y pulsa APARECER. Doble clic en una fila o tarjeta lo crea al instante.	escolha um personagem e clique em GERAR. Clique duplo numa linha ou cartão gera-o na hora.	выберите персонажа и нажмите СОЗДАТЬ. Двойной щелчок по строке или карточке создаёт его сразу.	bir karakter seçin, ardından OLUŞTUR. Bir satıra veya karta çift tıklamak hemen oluşturur.
these appearances can only be previewed; living characters are spawned from the NPCs tab	these appearances can only be previewed; living characters are spawned from the NPCs tab	这些外观只能预览；活的角色请在 NPC 标签页生成	這些外觀只能預覽；活的角色請在 NPC 分頁生成	Diese Erscheinungsbilder sind nur Vorschauen; lebende Figuren erzeugst du im Tab NPCs	ces apparences ne sont que des aperçus ; les personnages vivants s'ajoutent depuis l'onglet PNJ	이 외형은 미리보기만 가능합니다. 살아 있는 캐릭터는 NPC 탭에서 소환하세요	これらの外見はプレビューのみです。生きたキャラクターはNPCタブから出現させます	estas apariencias solo se pueden previsualizar; los personajes vivos se crean en la pestaña PNJ	estas aparências são só pré-visualizações; personagens vivos são gerados na aba NPCs	эти облики можно только просматривать; живых персонажей создают на вкладке НИП	bu görünümler yalnızca önizlenebilir; canlı karakterler NPC'ler sekmesinden oluşturulur
